point_id,point_name,subbranch,lat,lon,rhyme_modern,chain_slot,slot_type_initial,is_free,onset_class,char,phonetic,vowel_symbol,vowel_class,reading_layer,mainlayer_flag,combo_validity,zero_type,feature_change
WZ01,温州,瓯江片,,,歌,S2,*ɑ,0.0,T,多,tɤu,ɤu,ɤu,main,1,1,none,
WZ01,温州,瓯江片,,,歌,S2,*ɑ,0.0,T,拖,t‘ɤu,ɤu,ɤu,main,1,1,none,
WZ01,温州,瓯江片,,,歌,S2,*ɑ,0.0,T,他,t‘a/t‘uɔ,a,a,main,1,1,none,
WZ01,温州,瓯江片,,,歌,S2,*ɑ,0.0,T,驼,dɤu,ɤu,ɤu,main,1,1,none,
WZ01,温州,瓯江片,,,歌,S2,*ɑ,0.0,T,驮,dɤu,ɤu,ɤu,main,1,1,none,
WZ01,温州,瓯江片,,,歌,S2,*ɑ,0.0,T,陀,dɤu,ɤu,ɤu,main,1,1,none,
WZ01,温州,瓯江片,,,歌,S2,*ɑ,0.0,T,鸵,dɤu,ɤu,ɤu,main,1,1,none,
WZ01,温州,瓯江片,,,歌,S2,*ɑ,0.0,T,沱,dɤu,ɤu,ɤu,main,1,1,none,
WZ01,温州,瓯江片,,,歌,S2,*ɑ,0.0,T,舵,dɤu,ɤu,ɤu,main,1,1,none,
WZ01,温州,瓯江片,,,歌,S2,*ɑ,0.0,T,大,da/dɤu白/t‘ɤu太,a,a,main,1,1,none,
WZ01,温州,瓯江片,,,歌,S2,*ɑ,0.0,T,驮,dɤu,ɤu,ɤu,main,1,1,none,
WZ01,温州,瓯江片,,,歌,S2,*ɑ,0.0,N,挪,no,o,o,main,1,1,none,
WZ01,温州,瓯江片,,,歌,S2,*ɑ,0.0,N,哪,na,a,a,main,1,1,none,
WZ01,温州,瓯江片,,,歌,S2,*ɑ,0.0,N,那,na白,a,a,main,1,1,none,
WZ01,温州,瓯江片,,,歌,S2,*ɑ,0.0,L,罗,lɤu,ɤu,ɤu,main,1,1,none,
WZ01,温州,瓯江片,,,歌,S2,*ɑ,0.0,L,锣,lɤu,ɤu,ɤu,main,1,1,none,
WZ01,温州,瓯江片,,,歌,S2,*ɑ,0.0,L,箩,lɤu,ɤu,ɤu,main,1,1,none,
WZ01,温州,瓯江片,,,歌,S2,*ɑ,0.0,L,萝,lo～卜,o,o,main,1,1,none,
WZ01,温州,瓯江片,,,歌,S2,*ɑ,0.0,L,逻,lɤu,ɤu,ɤu,main,1,1,none,
WZ01,温州,瓯江片,,,歌,S2,*ɑ,0.0,TS,左,tsɤu,ɤu,ɤu,main,1,1,none,
WZ01,温州,瓯江片,,,歌,S2,*ɑ,0.0,TS,佐,tsɤu,ɤu,ɤu,main,1,1,none,
WZ01,温州,瓯江片,,,歌,S2,*ɑ,0.0,TS,搓,ts‘o,o,o,main,1,1,none,
WZ01,温州,瓯江片,,,歌,S2,*ɑ,0.0,TS,娑,so,o,o,main,1,1,none,
WZ01,温州,瓯江片,,,歌,S2,*ɑ,0.0,K,歌,ku,u,u,main,1,1,none,
WZ01,温州,瓯江片,,,歌,S2,*ɑ,0.0,K,哥,ku/ko白求三～拜四嫂,u,u,main,1,1,none,
WZ01,温州,瓯江片,,,歌,S2,*ɑ,0.0,K,柯,k‘u,u,u,main,1,1,none,
WZ01,温州,瓯江片,,,歌,S2,*ɑ,0.0,K,个,,,,main,1,1,none,
WZ01,温州,瓯江片,,,歌,S2,*ɑ,0.0,K,轲,k‘u,u,u,main,1,1,none,
WZ01,温州,瓯江片,,,歌,S2,*ɑ,0.0,K,可,,,,main,1,1,none,
WZ01,温州,瓯江片,,,歌,S2,*ɑ,0.0,K,蛾,ŋ,,,main,1,1,none,
WZ01,温州,瓯江片,,,歌,S2,*ɑ,0.0,K,鹅,ŋo白,o,o,main,1,1,none,
WZ01,温州,瓯江片,,,歌,S2,*ɑ,0.0,K,俄,,,,main,1,1,none,
WZ01,温州,瓯江片,,,歌,S2,*ɑ,0.0,K,娥,,,,main,1,1,none,
WZ01,温州,瓯江片,,,歌,S2,*ɑ,0.0,K,我,ŋ,,,main,1,1,none,
WZ01,温州,瓯江片,,,歌,S2,*ɑ,0.0,K,饿,ŋ,,,main,1,1,none,
WZ01,温州,瓯江片,,,歌,S2,*ɑ,0.0,Ø,荷,vu,u,u,main,1,1,none,
WZ01,温州,瓯江片,,,歌,S2,*ɑ,0.0,Ø,河,vu,u,u,main,1,1,none,
WZ01,温州,瓯江片,,,歌,S2,*ɑ,0.0,Ø,何,vu,u,u,main,1,1,none,
WZ01,温州,瓯江片,,,歌,S2,*ɑ,0.0,Ø,荷,vu,u,u,main,1,1,none,
WZ01,温州,瓯江片,,,歌,S2,*ɑ,0.0,Ø,贺,vu,u,u,main,1,1,none,
WZ01,温州,瓯江片,,,歌,S2,*ɑ,0.0,Ø,阿,vu～胶/a/o～弥陀佛,u,u,main,1,1,none,
WZ01,温州,瓯江片,,,歌,S2,*ɑ,0.0,Ø,屙,vu,u,u,main,1,1,none,
WZ01,温州,瓯江片,,,戈,S2,*ɑ,0.0,K,茄,ka雪～,a,a,main,1,1,none,
WZ01,温州,瓯江片,,,戈,S2,*ɑ,0.0,P,波,pu/pøy白宁～,u,u,main,1,1,none,
WZ01,温州,瓯江片,,,戈,S2,*ɑ,0.0,P,菠,pu/pa～薐菜,u,u,main,1,1,none,
WZ01,温州,瓯江片,,,戈,S2,*ɑ,0.0,P,跛,pu,u,u,main,1,1,none,
WZ01,温州,瓯江片,,,戈,S2,*ɑ,0.0,P,簸,pu,u,u,main,1,1,none,
WZ01,温州,瓯江片,,,戈,S2,*ɑ,0.0,P,簸,pu,u,u,main,1,1,none,
WZ01,温州,瓯江片,,,戈,S2,*ɑ,0.0,P,播,pu/pøy,u,u,main,1,1,none,
WZ01,温州,瓯江片,,,戈,S2,*ɑ,0.0,P,颇,p'u,u,u,main,1,1,none,
WZ01,温州,瓯江片,,,戈,S2,*ɑ,0.0,P,坡,pu,u,u,main,1,1,none,
WZ01,温州,瓯江片,,,戈,S2,*ɑ,0.0,P,玻,pu,u,u,main,1,1,none,
WZ01,温州,瓯江片,,,戈,S2,*ɑ,0.0,P,破,p‘øy,øy,øy,main,1,1,none,
WZ01,温州,瓯江片,,,戈,S2,*ɑ,0.0,P,婆,bu/bøy,u,u,main,1,1,none,
WZ01,温州,瓯江片,,,戈,S2,*ɑ,0.0,P,薄,bo/bu~荷,o,o,main,1,1,none,
WZ01,温州,瓯江片,,,戈,S2,*ɑ,0.0,M,魔,møy,øy,øy,main,1,1,none,
WZ01,温州,瓯江片,,,戈,S2,*ɑ,0.0,M,磨,møy,øy,øy,main,1,1,none,
WZ01,温州,瓯江片,,,戈,S2,*ɑ,0.0,M,摩,mu,u,u,main,1,1,none,
WZ01,温州,瓯江片,,,戈,S2,*ɑ,0.0,M,馍,,,,main,1,1,none,
WZ01,温州,瓯江片,,,戈,S2,*ɑ,0.0,M,蘑,,,,main,1,1,none,
WZ01,温州,瓯江片,,,戈,S2,*ɑ,0.0,M,磨,møy,øy,øy,main,1,1,none,
WZ01,温州,瓯江片,,,戈,S2,*ɑ,0.0,T,朵,to,o,o,main,1,1,none,
WZ01,温州,瓯江片,,,戈,S2,*ɑ,0.0,T,躲,to/tɤu,o,o,main,1,1,none,
WZ01,温州,瓯江片,,,戈,S2,*ɑ,0.0,T,剁,to/tɤu,o,o,main,1,1,none,
WZ01,温州,瓯江片,,,戈,S2,*ɑ,0.0,T,妥,t‘ɤu,ɤu,ɤu,main,1,1,none,
WZ01,温州,瓯江片,,,戈,S2,*ɑ,0.0,T,椭,,,,main,1,1,none,
WZ01,温州,瓯江片,,,戈,S2,*ɑ,0.0,T,唾,,,,main,1,1,none,
WZ01,温州,瓯江片,,,戈,S2,*ɑ,0.0,T,砣,,,,main,1,1,none,
WZ01,温州,瓯江片,,,戈,S2,*ɑ,0.0,T,惰,,,,main,1,1,none,
WZ01,温州,瓯江片,,,戈,S2,*ɑ,0.0,T,垛,,,,main,1,1,none,
WZ01,温州,瓯江片,,,戈,S2,*ɑ,0.0,T,堕,,,,main,1,1,none,
WZ01,温州,瓯江片,,,戈,S2,*ɑ,0.0,N,挼,,,,main,1,1,none,
WZ01,温州,瓯江片,,,戈,S2,*ɑ,0.0,N,糯,no/nɤu/noŋ白～米,o,o,main,1,1,none,
WZ01,温州,瓯江片,,,戈,S2,*ɑ,0.0,N,懦,nɤu,ɤu,ɤu,main,1,1,none,
WZ01,温州,瓯江片,,,戈,S2,*ɑ,0.0,L,骡,lɤu,ɤu,ɤu,main,1,1,none,
WZ01,温州,瓯江片,,,戈,S2,*ɑ,0.0,L,螺,lɤu,ɤu,ɤu,main,1,1,none,
WZ01,温州,瓯江片,,,戈,S2,*ɑ,0.0,L,脶,,,,main,1,1,none,
WZ01,温州,瓯江片,,,戈,S2,*ɑ,0.0,L,啰,lɤu,ɤu,ɤu,main,1,1,none,
WZ01,温州,瓯江片,,,戈,S2,*ɑ,0.0,L,裸,lɤu,ɤu,ɤu,main,1,1,none,
WZ01,温州,瓯江片,,,戈,S2,*ɑ,0.0,L,瘰,,,,main,1,1,none,
WZ01,温州,瓯江片,,,戈,S2,*ɑ,0.0,L,摞,lɤu,ɤu,ɤu,main,1,1,none,
WZ01,温州,瓯江片,,,戈,S2,*ɑ,0.0,TS,锉,ts'o/tsɤu白,o,o,main,1,1,none,
WZ01,温州,瓯江片,,,戈,S2,*ɑ,0.0,TS,莝,ts'o,o,o,main,1,1,none,
WZ01,温州,瓯江片,,,戈,S2,*ɑ,0.0,TS,矬,zo,o,o,main,1,1,none,
WZ01,温州,瓯江片,,,戈,S2,*ɑ,0.0,TS,坐,zo,o,o,main,1,1,none,
WZ01,温州,瓯江片,,,戈,S2,*ɑ,0.0,TS,座,zo/2dzo一～屋,o,o,main,1,1,none,
WZ01,温州,瓯江片,,,戈,S2,*ɑ,0.0,TS,蓑,so,o,o,main,1,1,none,
WZ01,温州,瓯江片,,,戈,S2,*ɑ,0.0,TS,梭,so/sɤu,o,o,main,1,1,none,
WZ01,温州,瓯江片,,,戈,S2,*ɑ,0.0,TS,唆,so,o,o,main,1,1,none,
WZ01,温州,瓯江片,,,戈,S2,*ɑ,0.0,TS,莎,so,o,o,main,1,1,none,
WZ01,温州,瓯江片,,,戈,S2,*ɑ,0.0,TS,锁,so,o,o,main,1,1,none,
WZ01,温州,瓯江片,,,戈,S2,*ɑ,0.0,TS,琐,so,o,o,main,1,1,none,
WZ01,温州,瓯江片,,,戈,S2,*ɑ,0.0,TS,唢,so,o,o,main,1,1,none,
WZ01,温州,瓯江片,,,戈,S2,*ɑ,0.0,K,过,ku,u,u,main,1,1,none,
WZ01,温州,瓯江片,,,戈,S2,*ɑ,0.0,K,锅,ku,u,u,main,1,1,none,
WZ01,温州,瓯江片,,,戈,S2,*ɑ,0.0,K,戈,ku,u,u,main,1,1,none,
WZ01,温州,瓯江片,,,戈,S2,*ɑ,0.0,K,果,ku,u,u,main,1,1,none,
WZ01,温州,瓯江片,,,戈,S2,*ɑ,0.0,K,裹,ku,u,u,main,1,1,none,
WZ01,温州,瓯江片,,,戈,S2,*ɑ,0.0,K,餜,,,,main,1,1,none,
WZ01,温州,瓯江片,,,戈,S2,*ɑ,0.0,K,过,ku,u,u,main,1,1,none,
WZ01,温州,瓯江片,,,戈,S2,*ɑ,0.0,K,科,k‘u,u,u,main,1,1,none,
WZ01,温州,瓯江片,,,戈,S2,*ɑ,0.0,K,窠,k‘u,u,u,main,1,1,none,
WZ01,温州,瓯江片,,,戈,S2,*ɑ,0.0,K,棵,k‘u,u,u,main,1,1,none,
WZ01,温州,瓯江片,,,戈,S2,*ɑ,0.0,K,髁,,,,main,1,1,none,
WZ01,温州,瓯江片,,,戈,S2,*ɑ,0.0,K,蝌,,,,main,1,1,none,
WZ01,温州,瓯江片,,,戈,S2,*ɑ,0.0,K,颗,k‘u,u,u,main,1,1,none,
WZ01,温州,瓯江片,,,戈,S2,*ɑ,0.0,K,课,k‘u,u,u,main,1,1,none,
WZ01,温州,瓯江片,,,戈,S2,*ɑ,0.0,K,讹,ŋ,,,main,1,1,none,
WZ01,温州,瓯江片,,,戈,S2,*ɑ,0.0,K,卧,ŋ,,,main,1,1,none,
WZ01,温州,瓯江片,,,戈,S2,*ɑ,0.0,Ø,火,fu,u,u,main,1,1,none,
WZ01,温州,瓯江片,,,戈,S2,*ɑ,0.0,Ø,伙,fu,u,u,main,1,1,none,
WZ01,温州,瓯江片,,,戈,S2,*ɑ,0.0,Ø,货,fu,u,u,main,1,1,none,
WZ01,温州,瓯江片,,,戈,S2,*ɑ,0.0,Ø,和,vu,u,u,main,1,1,none,
WZ01,温州,瓯江片,,,戈,S2,*ɑ,0.0,Ø,禾,vu,u,u,main,1,1,none,
WZ01,温州,瓯江片,,,戈,S2,*ɑ,0.0,Ø,祸,vu,u,u,main,1,1,none,
WZ01,温州,瓯江片,,,戈,S2,*ɑ,0.0,Ø,夥,fu,u,u,main,1,1,none,
WZ01,温州,瓯江片,,,戈,S2,*ɑ,0.0,Ø,和,vu,u,u,main,1,1,none,
WZ01,温州,瓯江片,,,戈,S2,*ɑ,0.0,Ø,倭,vu,u,u,main,1,1,none,
WZ01,温州,瓯江片,,,戈,S2,*ɑ,0.0,Ø,踒,vu,u,u,main,1,1,none,
WZ01,温州,瓯江片,,,戈,S2,*ɑ,0.0,Ø,窝,vu,u,u,main,1,1,none,
WZ01,温州,瓯江片,,,戈,S2,*ɑ,0.0,Ø,涡,vu,u,u,main,1,1,none,
WZ01,温州,瓯江片,,,戈,S2,*ɑ,0.0,Ø,莴,vu,u,u,main,1,1,none,
WZ01,温州,瓯江片,,,戈,S2,*ɑ,0.0,Ø,涴,,,,main,1,1,none,
WZ01,温州,瓯江片,,,戈,S2,*ɑ,0.0,Ø,瘸,,,,main,1,1,none,
WZ01,温州,瓯江片,,,戈,S2,*ɑ,0.0,Ø,靴,,,,main,1,1,none,
WZ01,温州,瓯江片,,,戈,S2,*ɑ,0.0,Ø,𦚢,,,,main,1,1,none,
WZ01,温州,瓯江片,,,麻,S1,*a,0.0,P,巴,po,o,o,main,1,1,none,
WZ01,温州,瓯江片,,,麻,S1,*a,0.0,P,芭,po,o,o,main,1,1,none,
WZ01,温州,瓯江片,,,麻,S1,*a,0.0,P,疤,po,o,o,main,1,1,none,
WZ01,温州,瓯江片,,,麻,S1,*a,0.0,P,笆,po,o,o,main,1,1,none,
WZ01,温州,瓯江片,,,麻,S1,*a,0.0,P,吧,,,,main,1,1,none,
WZ01,温州,瓯江片,,,麻,S1,*a,0.0,P,把,po,o,o,main,1,1,none,
WZ01,温州,瓯江片,,,麻,S1,*a,0.0,P,靶,po,o,o,main,1,1,none,
WZ01,温州,瓯江片,,,麻,S1,*a,0.0,P,霸,po,o,o,main,1,1,none,
WZ01,温州,瓯江片,,,麻,S1,*a,0.0,P,欛,,,,main,1,1,none,
WZ01,温州,瓯江片,,,麻,S1,*a,0.0,P,壩,po,o,o,main,1,1,none,
WZ01,温州,瓯江片,,,麻,S1,*a,0.0,P,坝,po,o,o,main,1,1,none,
WZ01,温州,瓯江片,,,麻,S1,*a,0.0,P,爸,pa,a,a,main,1,1,none,
WZ01,温州,瓯江片,,,麻,S1,*a,0.0,P,怕,p‘o,o,o,main,1,1,none,
WZ01,温州,瓯江片,,,麻,S1,*a,0.0,P,帕,,,,main,1,1,none,
WZ01,温州,瓯江片,,,麻,S1,*a,0.0,P,爬,bo,o,o,main,1,1,none,
WZ01,温州,瓯江片,,,麻,S1,*a,0.0,P,琶,bo,o,o,main,1,1,none,
WZ01,温州,瓯江片,,,麻,S1,*a,0.0,P,杷,bo,o,o,main,1,1,none,
WZ01,温州,瓯江片,,,麻,S1,*a,0.0,P,钯,bo,o,o,main,1,1,none,
WZ01,温州,瓯江片,,,麻,S1,*a,0.0,P,耙,,,,main,1,1,none,
WZ01,温州,瓯江片,,,麻,S1,*a,0.0,M,麻,mo,o,o,main,1,1,none,
WZ01,温州,瓯江片,,,麻,S1,*a,0.0,M,痲,mo,o,o,main,1,1,none,
WZ01,温州,瓯江片,,,麻,S1,*a,0.0,M,蟆,mo,o,o,main,1,1,none,
WZ01,温州,瓯江片,,,麻,S1,*a,0.0,M,妈,ma/mo阿～,a,a,main,1,1,none,
WZ01,温州,瓯江片,,,麻,S1,*a,0.0,M,马,mo,o,o,main,1,1,none,
WZ01,温州,瓯江片,,,麻,S1,*a,0.0,M,码,mo,o,o,main,1,1,none,
WZ01,温州,瓯江片,,,麻,S1,*a,0.0,M,玛,mo,o,o,main,1,1,none,
WZ01,温州,瓯江片,,,麻,S1,*a,0.0,M,蚂,mo,o,o,main,1,1,none,
WZ01,温州,瓯江片,,,麻,S1,*a,0.0,M,骂,mo,o,o,main,1,1,none,
WZ01,温州,瓯江片,,,麻,S1,*a,0.0,N,拿,na,a,a,main,1,1,none,
WZ01,温州,瓯江片,,,麻,S1,*a,0.0,TS,茶,dzo,o,o,main,1,1,none,
WZ01,温州,瓯江片,,,麻,S1,*a,0.0,TS,搽,dzo,o,o,main,1,1,none,
WZ01,温州,瓯江片,,,麻,S1,*a,0.0,TS,䖳,zo,o,o,main,1,1,none,
WZ01,温州,瓯江片,,,麻,S1,*a,0.0,TS*,楂,tso,o,o,main,1,1,none,
WZ01,温州,瓯江片,,,麻,S1,*a,0.0,TS*,渣,tso,o,o,main,1,1,none,
WZ01,温州,瓯江片,,,麻,S1,*a,0.0,TS*,诈,tso,o,o,main,1,1,none,
WZ01,温州,瓯江片,,,麻,S1,*a,0.0,TS*,榨,tso,o,o,main,1,1,none,
WZ01,温州,瓯江片,,,麻,S1,*a,0.0,TS*,炸,tsa白油～,a,a,main,1,1,none,
WZ01,温州,瓯江片,,,麻,S1,*a,0.0,TS*,叉,ts'o/ts‘a～烧包,o,o,main,1,1,none,
WZ01,温州,瓯江片,,,麻,S1,*a,0.0,TS*,杈,ts'o,o,o,main,1,1,none,
WZ01,温州,瓯江片,,,麻,S1,*a,0.0,TS*,差,ts'o/ts‘a,o,o,main,1,1,none,
WZ01,温州,瓯江片,,,麻,S1,*a,0.0,TS*,岔,ts'o,o,o,main,1,1,none,
WZ01,温州,瓯江片,,,麻,S1,*a,0.0,TS*,差,ts‘a,a,a,main,1,1,none,
WZ01,温州,瓯江片,,,麻,S1,*a,0.0,TS*,茬,dzo,o,o,main,1,1,none,
WZ01,温州,瓯江片,,,麻,S1,*a,0.0,TS*,查,tso姓氏/dzo,o,o,main,1,1,none,
WZ01,温州,瓯江片,,,麻,S1,*a,0.0,TS*,乍,dzo/zo,o,o,main,1,1,none,
WZ01,温州,瓯江片,,,麻,S1,*a,0.0,TS*,沙,so,o,o,main,1,1,none,
WZ01,温州,瓯江片,,,麻,S1,*a,0.0,TS*,纱,so,o,o,main,1,1,none,
WZ01,温州,瓯江片,,,麻,S1,*a,0.0,TS*,痧,so,o,o,main,1,1,none,
WZ01,温州,瓯江片,,,麻,S1,*a,0.0,TS*,砂,so,o,o,main,1,1,none,
WZ01,温州,瓯江片,,,麻,S1,*a,0.0,TS*,鲨,so,o,o,main,1,1,none,
WZ01,温州,瓯江片,,,麻,S1,*a,0.0,TS*,裟,so,o,o,main,1,1,none,
WZ01,温州,瓯江片,,,麻,S1,*a,0.0,TS*,洒,1sa/2so,a,a,main,1,1,none,
WZ01,温州,瓯江片,,,麻,S1,*a,0.0,TS*,厦,,,,main,1,1,none,
WZ01,温州,瓯江片,,,麻,S1,*a,0.0,K,家,ko,o,o,main,1,1,none,
WZ01,温州,瓯江片,,,麻,S1,*a,0.0,K,傢,ko,o,o,main,1,1,none,
WZ01,温州,瓯江片,,,麻,S1,*a,0.0,K,加,ko,o,o,main,1,1,none,
WZ01,温州,瓯江片,,,麻,S1,*a,0.0,K,痂,ko,o,o,main,1,1,none,
WZ01,温州,瓯江片,,,麻,S1,*a,0.0,K,嘉,ko,o,o,main,1,1,none,
WZ01,温州,瓯江片,,,麻,S1,*a,0.0,K,枷,ko,o,o,main,1,1,none,
WZ01,温州,瓯江片,,,麻,S1,*a,0.0,K,袈,ko,o,o,main,1,1,none,
WZ01,温州,瓯江片,,,麻,S1,*a,0.0,K,假,ko,o,o,main,1,1,none,
WZ01,温州,瓯江片,,,麻,S1,*a,0.0,K,贾,ko,o,o,main,1,1,none,
WZ01,温州,瓯江片,,,麻,S1,*a,0.0,K,假,ko,o,o,main,1,1,none,
WZ01,温州,瓯江片,,,麻,S1,*a,0.0,K,架,ko,o,o,main,1,1,none,
WZ01,温州,瓯江片,,,麻,S1,*a,0.0,K,驾,ko,o,o,main,1,1,none,
WZ01,温州,瓯江片,,,麻,S1,*a,0.0,K,嫁,ko,o,o,main,1,1,none,
WZ01,温州,瓯江片,,,麻,S1,*a,0.0,K,稼,ko,o,o,main,1,1,none,
WZ01,温州,瓯江片,,,麻,S1,*a,0.0,K,价,ko,o,o,main,1,1,none,
WZ01,温州,瓯江片,,,麻,S1,*a,0.0,K,揢,,,,main,1,1,none,
WZ01,温州,瓯江片,,,麻,S1,*a,0.0,K,牙,ŋo,o,o,main,1,1,none,
WZ01,温州,瓯江片,,,麻,S1,*a,0.0,K,芽,ŋo,o,o,main,1,1,none,
WZ01,温州,瓯江片,,,麻,S1,*a,0.0,K,衙,ŋo,o,o,main,1,1,none,
WZ01,温州,瓯江片,,,麻,S1,*a,0.0,K,伢,ŋo,o,o,main,1,1,none,
WZ01,温州,瓯江片,,,麻,S1,*a,0.0,K,蚜,ŋo,o,o,main,1,1,none,
WZ01,温州,瓯江片,,,麻,S1,*a,0.0,K,雅,ŋo,o,o,main,1,1,none,
WZ01,温州,瓯江片,,,麻,S1,*a,0.0,K,砑,ŋo,o,o,main,1,1,none,
WZ01,温州,瓯江片,,,麻,S1,*a,0.0,Ø,虾,ho,o,o,main,1,1,none,
WZ01,温州,瓯江片,,,麻,S1,*a,0.0,Ø,𨉣,,,,main,1,1,none,
WZ01,温州,瓯江片,,,麻,S1,*a,0.0,Ø,嚇,,,,main,1,1,none,
WZ01,温州,瓯江片,,,麻,S1,*a,0.0,Ø,霞,,,,main,1,1,none,
WZ01,温州,瓯江片,,,麻,S1,*a,0.0,Ø,瑕,,,,main,1,1,none,
WZ01,温州,瓯江片,,,麻,S1,*a,0.0,Ø,遐,,,,main,1,1,none,
WZ01,温州,瓯江片,,,麻,S1,*a,0.0,Ø,蝦,ɦo～蟆,o,o,main,1,1,none,
WZ01,温州,瓯江片,,,麻,S1,*a,0.0,Ø,下,ho白,o,o,main,1,1,none,
WZ01,温州,瓯江片,,,麻,S1,*a,0.0,Ø,夏,ɦo,o,o,main,1,1,none,
WZ01,温州,瓯江片,,,麻,S1,*a,0.0,Ø,厦,ɦo,o,o,main,1,1,none,
WZ01,温州,瓯江片,,,麻,S1,*a,0.0,Ø,下,ɦo,o,o,main,1,1,none,
WZ01,温州,瓯江片,,,麻,S1,*a,0.0,Ø,夏,ɦo,o,o,main,1,1,none,
WZ01,温州,瓯江片,,,麻,S1,*a,0.0,Ø,暇,ɦo,o,o,main,1,1,none,
WZ01,温州,瓯江片,,,麻,S1,*a,0.0,Ø,鸦,o,o,o,main,1,1,none,
WZ01,温州,瓯江片,,,麻,S1,*a,0.0,Ø,丫,o/ja～鬟,o,o,main,1,1,none,
WZ01,温州,瓯江片,,,麻,S1,*a,0.0,Ø,桠,o,o,o,main,1,1,none,
WZ01,温州,瓯江片,,,麻,S1,*a,0.0,Ø,哑,o,o,o,main,1,1,none,
WZ01,温州,瓯江片,,,麻,S1,*a,0.0,Ø,亚,o,o,o,main,1,1,none,
WZ01,温州,瓯江片,,,模,S3,*u,0.0,P,补,pøy,øy,øy,main,1,1,none,
WZ01,温州,瓯江片,,,模,S3,*u,0.0,P,谱,pøy,øy,øy,main,1,1,none,
WZ01,温州,瓯江片,,,模,S3,*u,0.0,P,哺,,,,main,1,1,none,
WZ01,温州,瓯江片,,,模,S3,*u,0.0,P,布,pøy,øy,øy,main,1,1,none,
WZ01,温州,瓯江片,,,模,S3,*u,0.0,P,佈,pøy,øy,øy,main,1,1,none,
WZ01,温州,瓯江片,,,模,S3,*u,0.0,P,铺,p‘øy,øy,øy,main,1,1,none,
WZ01,温州,瓯江片,,,模,S3,*u,0.0,P,潽,,,,main,1,1,none,
WZ01,温州,瓯江片,,,模,S3,*u,0.0,P,普,p'u,u,u,main,1,1,none,
WZ01,温州,瓯江片,,,模,S3,*u,0.0,P,浦,p'u/p‘øy,u,u,main,1,1,none,
WZ01,温州,瓯江片,,,模,S3,*u,0.0,P,铺,p‘øy,øy,øy,main,1,1,none,
WZ01,温州,瓯江片,,,模,S3,*u,0.0,P,怖,pøy,øy,øy,main,1,1,none,
WZ01,温州,瓯江片,,,模,S3,*u,0.0,P,蒲,bu/bøy白～鞋,u,u,main,1,1,none,
WZ01,温州,瓯江片,,,模,S3,*u,0.0,P,菩,bu,u,u,main,1,1,none,
WZ01,温州,瓯江片,,,模,S3,*u,0.0,P,脯,bu,u,u,main,1,1,none,
WZ01,温州,瓯江片,,,模,S3,*u,0.0,P,葡,bøy,øy,øy,main,1,1,none,
WZ01,温州,瓯江片,,,模,S3,*u,0.0,P,莆,bu,u,u,main,1,1,none,
WZ01,温州,瓯江片,,,模,S3,*u,0.0,P,部,bu,u,u,main,1,1,none,
WZ01,温州,瓯江片,,,模,S3,*u,0.0,P,簿,bu,u,u,main,1,1,none,
WZ01,温州,瓯江片,,,模,S3,*u,0.0,P,篰,,,,main,1,1,none,
WZ01,温州,瓯江片,,,模,S3,*u,0.0,P,步,bøy,øy,øy,main,1,1,none,
WZ01,温州,瓯江片,,,模,S3,*u,0.0,P,捕,,,,main,1,1,none,
WZ01,温州,瓯江片,,,模,S3,*u,0.0,P,埠,bøy,øy,øy,main,1,1,none,
WZ01,温州,瓯江片,,,模,S3,*u,0.0,M,模,mu/2mo/møy白～子,u,u,main,1,1,none,
WZ01,温州,瓯江片,,,模,S3,*u,0.0,M,模,mu/2mo,u,u,main,1,1,none,
WZ01,温州,瓯江片,,,模,S3,*u,0.0,M,摹,mo,o,o,main,1,1,none,
WZ01,温州,瓯江片,,,模,S3,*u,0.0,M,姥,mu/2mo,u,u,main,1,1,none,
WZ01,温州,瓯江片,,,模,S3,*u,0.0,M,暮,mu/2mo,u,u,main,1,1,none,
WZ01,温州,瓯江片,,,模,S3,*u,0.0,M,慕,mu/2mo,u,u,main,1,1,none,
WZ01,温州,瓯江片,,,模,S3,*u,0.0,M,墓,mu/2mo,u,u,main,1,1,none,
WZ01,温州,瓯江片,,,模,S3,*u,0.0,M,募,mu/2mo,u,u,main,1,1,none,
WZ01,温州,瓯江片,,,模,S3,*u,0.0,M,睦,,,,main,1,1,none,
WZ01,温州,瓯江片,,,模,S3,*u,0.0,T,都,tøy,øy,øy,main,1,1,none,
WZ01,温州,瓯江片,,,模,S3,*u,0.0,T,都,tøy,øy,øy,main,1,1,none,
WZ01,温州,瓯江片,,,模,S3,*u,0.0,T,赌,tøy,øy,øy,main,1,1,none,
WZ01,温州,瓯江片,,,模,S3,*u,0.0,T,堵,tøy,øy,øy,main,1,1,none,
WZ01,温州,瓯江片,,,模,S3,*u,0.0,T,肚,tøy猪～,øy,øy,main,1,1,none,
WZ01,温州,瓯江片,,,模,S3,*u,0.0,T,睹,tøy,øy,øy,main,1,1,none,
WZ01,温州,瓯江片,,,模,S3,*u,0.0,T,妒,tøy,øy,øy,main,1,1,none,
WZ01,温州,瓯江片,,,模,S3,*u,0.0,T,土,t'øy,øy,øy,main,1,1,none,
WZ01,温州,瓯江片,,,模,S3,*u,0.0,T,吐,t'øy,øy,øy,main,1,1,none,
WZ01,温州,瓯江片,,,模,S3,*u,0.0,T,吐,t'øy,øy,øy,main,1,1,none,
WZ01,温州,瓯江片,,,模,S3,*u,0.0,T,兔,t'øy,øy,øy,main,1,1,none,
WZ01,温州,瓯江片,,,模,S3,*u,0.0,T,徒,døy白～弟,øy,øy,main,1,1,none,
WZ01,温州,瓯江片,,,模,S3,*u,0.0,T,屠,døy,øy,øy,main,1,1,none,
WZ01,温州,瓯江片,,,模,S3,*u,0.0,T,途,døy,øy,øy,main,1,1,none,
WZ01,温州,瓯江片,,,模,S3,*u,0.0,T,涂,døy,øy,øy,main,1,1,none,
WZ01,温州,瓯江片,,,模,S3,*u,0.0,T,图,døy,øy,øy,main,1,1,none,
WZ01,温州,瓯江片,,,模,S3,*u,0.0,T,杜,døy,øy,øy,main,1,1,none,
WZ01,温州,瓯江片,,,模,S3,*u,0.0,T,肚,døy,øy,øy,main,1,1,none,
WZ01,温州,瓯江片,,,模,S3,*u,0.0,T,度,do猜～,o,o,main,1,1,none,
WZ01,温州,瓯江片,,,模,S3,*u,0.0,T,渡,do,o,o,main,1,1,none,
WZ01,温州,瓯江片,,,模,S3,*u,0.0,T,镀,døy,øy,øy,main,1,1,none,
WZ01,温州,瓯江片,,,模,S3,*u,0.0,N,奴,nøy白～才/nɤu,øy,øy,main,1,1,none,
WZ01,温州,瓯江片,,,模,S3,*u,0.0,N,努,nɤu,ɤu,ɤu,main,1,1,none,
WZ01,温州,瓯江片,,,模,S3,*u,0.0,N,怒,nɤu,ɤu,ɤu,main,1,1,none,
WZ01,温州,瓯江片,,,模,S3,*u,0.0,L,卢,løy,øy,øy,main,1,1,none,
WZ01,温州,瓯江片,,,模,S3,*u,0.0,L,炉,løy,øy,øy,main,1,1,none,
WZ01,温州,瓯江片,,,模,S3,*u,0.0,L,芦,løy,øy,øy,main,1,1,none,
WZ01,温州,瓯江片,,,模,S3,*u,0.0,L,鸬,løy,øy,øy,main,1,1,none,
WZ01,温州,瓯江片,,,模,S3,*u,0.0,L,颅,,,,main,1,1,none,
WZ01,温州,瓯江片,,,模,S3,*u,0.0,L,鲈,løy,øy,øy,main,1,1,none,
WZ01,温州,瓯江片,,,模,S3,*u,0.0,L,鲁,lɤu,ɤu,ɤu,main,1,1,none,
WZ01,温州,瓯江片,,,模,S3,*u,0.0,L,橹,lɤu,ɤu,ɤu,main,1,1,none,
WZ01,温州,瓯江片,,,模,S3,*u,0.0,L,虏,lɤu,ɤu,ɤu,main,1,1,none,
WZ01,温州,瓯江片,,,模,S3,*u,0.0,L,卤,løy,øy,øy,main,1,1,none,
WZ01,温州,瓯江片,,,模,S3,*u,0.0,L,路,løy,øy,øy,main,1,1,none,
WZ01,温州,瓯江片,,,模,S3,*u,0.0,L,赂,løy,øy,øy,main,1,1,none,
WZ01,温州,瓯江片,,,模,S3,*u,0.0,L,露,løy/lau白～马脚,øy,øy,main,1,1,none,
WZ01,温州,瓯江片,,,模,S3,*u,0.0,L,鹭,løy,øy,øy,main,1,1,none,
WZ01,温州,瓯江片,,,模,S3,*u,0.0,TS,租,tsøy,øy,øy,main,1,1,none,
WZ01,温州,瓯江片,,,模,S3,*u,0.0,TS,祖,tsøy,øy,øy,main,1,1,none,
WZ01,温州,瓯江片,,,模,S3,*u,0.0,TS,组,,,,main,1,1,none,
WZ01,温州,瓯江片,,,模,S3,*u,0.0,TS,做,tsɤu,ɤu,ɤu,main,1,1,none,
WZ01,温州,瓯江片,,,模,S3,*u,0.0,TS,粗,ts'øy,øy,øy,main,1,1,none,
WZ01,温州,瓯江片,,,模,S3,*u,0.0,TS,醋,ts'øy,øy,øy,main,1,1,none,
WZ01,温州,瓯江片,,,模,S3,*u,0.0,TS,措,ts'o,o,o,main,1,1,none,
WZ01,温州,瓯江片,,,模,S3,*u,0.0,TS,错,ts'o/tsɤu～过,o,o,main,1,1,none,
WZ01,温州,瓯江片,,,模,S3,*u,0.0,TS,苏,søy,øy,øy,main,1,1,none,
WZ01,温州,瓯江片,,,模,S3,*u,0.0,TS,酥,søy,øy,øy,main,1,1,none,
WZ01,温州,瓯江片,,,模,S3,*u,0.0,TS,素,søy白吃～/sɤu,øy,øy,main,1,1,none,
WZ01,温州,瓯江片,,,模,S3,*u,0.0,TS,诉,søy,øy,øy,main,1,1,none,
WZ01,温州,瓯江片,,,模,S3,*u,0.0,TS,塑,søy,øy,øy,main,1,1,none,
WZ01,温州,瓯江片,,,模,S3,*u,0.0,TS,嗉,,,,main,1,1,none,
WZ01,温州,瓯江片,,,模,S3,*u,0.0,K,姑,ku,u,u,main,1,1,none,
WZ01,温州,瓯江片,,,模,S3,*u,0.0,K,孤,ku,u,u,main,1,1,none,
WZ01,温州,瓯江片,,,模,S3,*u,0.0,K,箍,,,,main,1,1,none,
WZ01,温州,瓯江片,,,模,S3,*u,0.0,K,辜,,,,main,1,1,none,
WZ01,温州,瓯江片,,,模,S3,*u,0.0,K,菇,ku,u,u,main,1,1,none,
WZ01,温州,瓯江片,,,模,S3,*u,0.0,K,鸪,ku,u,u,main,1,1,none,
WZ01,温州,瓯江片,,,模,S3,*u,0.0,K,蛄,ku,u,u,main,1,1,none,
WZ01,温州,瓯江片,,,模,S3,*u,0.0,K,古,ku,u,u,main,1,1,none,
WZ01,温州,瓯江片,,,模,S3,*u,0.0,K,估,ku,u,u,main,1,1,none,
WZ01,温州,瓯江片,,,模,S3,*u,0.0,K,盬,,,,main,1,1,none,
WZ01,温州,瓯江片,,,模,S3,*u,0.0,K,牯,ku,u,u,main,1,1,none,
WZ01,温州,瓯江片,,,模,S3,*u,0.0,K,股,ku,u,u,main,1,1,none,
WZ01,温州,瓯江片,,,模,S3,*u,0.0,K,鼓,ku,u,u,main,1,1,none,
WZ01,温州,瓯江片,,,模,S3,*u,0.0,K,蛊,ku白,u,u,main,1,1,none,
WZ01,温州,瓯江片,,,模,S3,*u,0.0,K,故,ku,u,u,main,1,1,none,
WZ01,温州,瓯江片,,,模,S3,*u,0.0,K,固,ku,u,u,main,1,1,none,
WZ01,温州,瓯江片,,,模,S3,*u,0.0,K,锢,ku,u,u,main,1,1,none,
WZ01,温州,瓯江片,,,模,S3,*u,0.0,K,雇,ku,u,u,main,1,1,none,
WZ01,温州,瓯江片,,,模,S3,*u,0.0,K,顾,ku,u,u,main,1,1,none,
WZ01,温州,瓯江片,,,模,S3,*u,0.0,K,枯,k‘u,u,u,main,1,1,none,
WZ01,温州,瓯江片,,,模,S3,*u,0.0,K,苦,k‘u,u,u,main,1,1,none,
WZ01,温州,瓯江片,,,模,S3,*u,0.0,K,库,k‘u,u,u,main,1,1,none,
WZ01,温州,瓯江片,,,模,S3,*u,0.0,K,裤,k‘u,u,u,main,1,1,none,
WZ01,温州,瓯江片,,,模,S3,*u,0.0,K,吴,ŋ,,,main,1,1,none,
WZ01,温州,瓯江片,,,模,S3,*u,0.0,K,蜈,ŋ/ŋøy～蚣,øy,øy,main,1,1,none,
WZ01,温州,瓯江片,,,模,S3,*u,0.0,K,吾,ŋ,,,main,1,1,none,
WZ01,温州,瓯江片,,,模,S3,*u,0.0,K,梧,ŋ,,,main,1,1,none,
WZ01,温州,瓯江片,,,模,S3,*u,0.0,K,五, ,,,main,1,1,none,
WZ01,温州,瓯江片,,,模,S3,*u,0.0,K,伍,ŋ,,,main,1,1,none,
WZ01,温州,瓯江片,,,模,S3,*u,0.0,K,午,ŋ,,,main,1,1,none,
WZ01,温州,瓯江片,,,模,S3,*u,0.0,K,忤,ŋ,,,main,1,1,none,
WZ01,温州,瓯江片,,,模,S3,*u,0.0,K,误,ŋ,,,main,1,1,none,
WZ01,温州,瓯江片,,,模,S3,*u,0.0,K,悟,,,,main,1,1,none,
WZ01,温州,瓯江片,,,模,S3,*u,0.0,Ø,呼,,,,main,1,1,none,
WZ01,温州,瓯江片,,,模,S3,*u,0.0,Ø,虎,fu,u,u,main,1,1,none,
WZ01,温州,瓯江片,,,模,S3,*u,0.0,Ø,浒,fu,u,u,main,1,1,none,
WZ01,温州,瓯江片,,,模,S3,*u,0.0,Ø,琥,fu,u,u,main,1,1,none,
WZ01,温州,瓯江片,,,模,S3,*u,0.0,Ø,戽,fu,u,u,main,1,1,none,
WZ01,温州,瓯江片,,,模,S3,*u,0.0,Ø,胡,vu,u,u,main,1,1,none,
WZ01,温州,瓯江片,,,模,S3,*u,0.0,Ø,湖,vu,u,u,main,1,1,none,
WZ01,温州,瓯江片,,,模,S3,*u,0.0,Ø,狐,vu,u,u,main,1,1,none,
WZ01,温州,瓯江片,,,模,S3,*u,0.0,Ø,壶,vu,u,u,main,1,1,none,
WZ01,温州,瓯江片,,,模,S3,*u,0.0,Ø,乎,vu,u,u,main,1,1,none,
WZ01,温州,瓯江片,,,模,S3,*u,0.0,Ø,瓠,vu,u,u,main,1,1,none,
WZ01,温州,瓯江片,,,模,S3,*u,0.0,Ø,鬍,vu,u,u,main,1,1,none,
WZ01,温州,瓯江片,,,模,S3,*u,0.0,Ø,糊,vu,u,u,main,1,1,none,
WZ01,温州,瓯江片,,,模,S3,*u,0.0,Ø,蝴,vu,u,u,main,1,1,none,
WZ01,温州,瓯江片,,,模,S3,*u,0.0,Ø,瑚,,,,main,1,1,none,
WZ01,温州,瓯江片,,,模,S3,*u,0.0,Ø,户,vu,u,u,main,1,1,none,
WZ01,温州,瓯江片,,,模,S3,*u,0.0,Ø,沪,vu,u,u,main,1,1,none,
WZ01,温州,瓯江片,,,模,S3,*u,0.0,Ø,互,vu,u,u,main,1,1,none,
WZ01,温州,瓯江片,,,模,S3,*u,0.0,Ø,护,vu,u,u,main,1,1,none,
WZ01,温州,瓯江片,,,模,S3,*u,0.0,Ø,瓠,vu,u,u,main,1,1,none,
WZ01,温州,瓯江片,,,模,S3,*u,0.0,Ø,糊,,,,main,1,1,none,
WZ01,温州,瓯江片,,,模,S3,*u,0.0,Ø,乌,vu,u,u,main,1,1,none,
WZ01,温州,瓯江片,,,模,S3,*u,0.0,Ø,污,vu,u,u,main,1,1,none,
WZ01,温州,瓯江片,,,模,S3,*u,0.0,Ø,坞,vu,u,u,main,1,1,none,
WZ01,温州,瓯江片,,,模,S3,*u,0.0,Ø,恶,vu可～,u,u,main,1,1,none,
WZ01,温州,瓯江片,,,豪,S5,*au,0.0,P,褒,pɜ,,,main,1,1,none,
WZ01,温州,瓯江片,,,豪,S5,*au,0.0,P,保,pɜ,,,main,1,1,none,
WZ01,温州,瓯江片,,,豪,S5,*au,0.0,P,堡,pɜ,,,main,1,1,none,
WZ01,温州,瓯江片,,,豪,S5,*au,0.0,P,宝,pɜ,,,main,1,1,none,
WZ01,温州,瓯江片,,,豪,S5,*au,0.0,P,报,pɜ,,,main,1,1,none,
WZ01,温州,瓯江片,,,豪,S5,*au,0.0,P,袍,bɜ,,,main,1,1,none,
WZ01,温州,瓯江片,,,豪,S5,*au,0.0,P,抱,bɜ,,,main,1,1,none,
WZ01,温州,瓯江片,,,豪,S5,*au,0.0,P,暴,bɜ,,,main,1,1,none,
WZ01,温州,瓯江片,,,豪,S5,*au,0.0,P,菢,,,,main,1,1,none,
WZ01,温州,瓯江片,,,豪,S5,*au,0.0,M,毛,mɜ,,,main,1,1,none,
WZ01,温州,瓯江片,,,豪,S5,*au,0.0,M,冒,mɜ,,,main,1,1,none,
WZ01,温州,瓯江片,,,豪,S5,*au,0.0,M,帽,mɜ,,,main,1,1,none,
WZ01,温州,瓯江片,,,豪,S5,*au,0.0,M,瑁,mɜ,,,main,1,1,none,
WZ01,温州,瓯江片,,,豪,S5,*au,0.0,T,刀,tɜ,,,main,1,1,none,
WZ01,温州,瓯江片,,,豪,S5,*au,0.0,T,叨,tɜ,,,main,1,1,none,
WZ01,温州,瓯江片,,,豪,S5,*au,0.0,T,祷,tɜ,,,main,1,1,none,
WZ01,温州,瓯江片,,,豪,S5,*au,0.0,T,岛,tɜ,,,main,1,1,none,
WZ01,温州,瓯江片,,,豪,S5,*au,0.0,T,倒,tɜ打～,,,main,1,1,none,
WZ01,温州,瓯江片,,,豪,S5,*au,0.0,T,捣,tɜ,,,main,1,1,none,
WZ01,温州,瓯江片,,,豪,S5,*au,0.0,T,到,tɜ,,,main,1,1,none,
WZ01,温州,瓯江片,,,豪,S5,*au,0.0,T,倒,tɜ～退,,,main,1,1,none,
WZ01,温州,瓯江片,,,豪,S5,*au,0.0,T,滔,t'ɜ,,,main,1,1,none,
WZ01,温州,瓯江片,,,豪,S5,*au,0.0,T,掏,dɜ,,,main,1,1,none,
WZ01,温州,瓯江片,,,豪,S5,*au,0.0,T,讨,t'ɜ,,,main,1,1,none,
WZ01,温州,瓯江片,,,豪,S5,*au,0.0,T,套,t'ɜ,,,main,1,1,none,
WZ01,温州,瓯江片,,,豪,S5,*au,0.0,T,桃,dɜ,,,main,1,1,none,
WZ01,温州,瓯江片,,,豪,S5,*au,0.0,T,逃,dɜ,,,main,1,1,none,
WZ01,温州,瓯江片,,,豪,S5,*au,0.0,T,淘,dɜ,,,main,1,1,none,
WZ01,温州,瓯江片,,,豪,S5,*au,0.0,T,陶,dɜ,,,main,1,1,none,
WZ01,温州,瓯江片,,,豪,S5,*au,0.0,T,萄,dɜ,,,main,1,1,none,
WZ01,温州,瓯江片,,,豪,S5,*au,0.0,T,涛,dɜ,,,main,1,1,none,
WZ01,温州,瓯江片,,,豪,S5,*au,0.0,T,道,dɜ,,,main,1,1,none,
WZ01,温州,瓯江片,,,豪,S5,*au,0.0,T,稻,dɜ,,,main,1,1,none,
WZ01,温州,瓯江片,,,豪,S5,*au,0.0,T,盗,dɜ,,,main,1,1,none,
WZ01,温州,瓯江片,,,豪,S5,*au,0.0,T,导,dɜ,,,main,1,1,none,
WZ01,温州,瓯江片,,,豪,S5,*au,0.0,T,蹈,dɜ,,,main,1,1,none,
WZ01,温州,瓯江片,,,豪,S5,*au,0.0,N,脑,nɜ,,,main,1,1,none,
WZ01,温州,瓯江片,,,豪,S5,*au,0.0,N,恼,nɜ,,,main,1,1,none,
WZ01,温州,瓯江片,,,豪,S5,*au,0.0,L,劳,lɜ,,,main,1,1,none,
WZ01,温州,瓯江片,,,豪,S5,*au,0.0,L,捞,lɜ,,,main,1,1,none,
WZ01,温州,瓯江片,,,豪,S5,*au,0.0,L,唠,lɜ,,,main,1,1,none,
WZ01,温州,瓯江片,,,豪,S5,*au,0.0,L,牢,lɜ,,,main,1,1,none,
WZ01,温州,瓯江片,,,豪,S5,*au,0.0,L,痨,,,,main,1,1,none,
WZ01,温州,瓯江片,,,豪,S5,*au,0.0,L,老,lɜ,,,main,1,1,none,
WZ01,温州,瓯江片,,,豪,S5,*au,0.0,L,佬,lɜ,,,main,1,1,none,
WZ01,温州,瓯江片,,,豪,S5,*au,0.0,L,涝,lɜ,,,main,1,1,none,
WZ01,温州,瓯江片,,,豪,S5,*au,0.0,TS,遭,tsɜ,,,main,1,1,none,
WZ01,温州,瓯江片,,,豪,S5,*au,0.0,TS,糟,tsɜ,,,main,1,1,none,
WZ01,温州,瓯江片,,,豪,S5,*au,0.0,TS,早,tsɜ,,,main,1,1,none,
WZ01,温州,瓯江片,,,豪,S5,*au,0.0,TS,枣,tsɜ,,,main,1,1,none,
WZ01,温州,瓯江片,,,豪,S5,*au,0.0,TS,蚤,tsɜ,,,main,1,1,none,
WZ01,温州,瓯江片,,,豪,S5,*au,0.0,TS,澡,tsɜ,,,main,1,1,none,
WZ01,温州,瓯江片,,,豪,S5,*au,0.0,TS,藻,tsɜ,,,main,1,1,none,
WZ01,温州,瓯江片,,,豪,S5,*au,0.0,TS,躁,tsɜ,,,main,1,1,none,
WZ01,温州,瓯江片,,,豪,S5,*au,0.0,TS,灶,tsɜ,,,main,1,1,none,
WZ01,温州,瓯江片,,,豪,S5,*au,0.0,TS,操,ts'ɜ,,,main,1,1,none,
WZ01,温州,瓯江片,,,豪,S5,*au,0.0,TS,草,ts'ɜ,,,main,1,1,none,
WZ01,温州,瓯江片,,,豪,S5,*au,0.0,TS,騲,,,,main,1,1,none,
WZ01,温州,瓯江片,,,豪,S5,*au,0.0,TS,糙,ts'ɜ,,,main,1,1,none,
WZ01,温州,瓯江片,,,豪,S5,*au,0.0,TS,曹,zɜ,,,main,1,1,none,
WZ01,温州,瓯江片,,,豪,S5,*au,0.0,TS,槽,zɜ,,,main,1,1,none,
WZ01,温州,瓯江片,,,豪,S5,*au,0.0,TS,皂,zɜ,,,main,1,1,none,
WZ01,温州,瓯江片,,,豪,S5,*au,0.0,TS,造,zɜ,,,main,1,1,none,
WZ01,温州,瓯江片,,,豪,S5,*au,0.0,TS,骚,sɜ,,,main,1,1,none,
WZ01,温州,瓯江片,,,豪,S5,*au,0.0,TS,臊,sɜ,,,main,1,1,none,
WZ01,温州,瓯江片,,,豪,S5,*au,0.0,TS,扫,sɜ,,,main,1,1,none,
WZ01,温州,瓯江片,,,豪,S5,*au,0.0,TS,嫂,sɜ,,,main,1,1,none,
WZ01,温州,瓯江片,,,豪,S5,*au,0.0,TS,扫,sɜ,,,main,1,1,none,
WZ01,温州,瓯江片,,,豪,S5,*au,0.0,TS,燥,sɜ,,,main,1,1,none,
WZ01,温州,瓯江片,,,豪,S5,*au,0.0,K,高,kɜ,,,main,1,1,none,
WZ01,温州,瓯江片,,,豪,S5,*au,0.0,K,膏,kɜ,,,main,1,1,none,
WZ01,温州,瓯江片,,,豪,S5,*au,0.0,K,篙,kɜ,,,main,1,1,none,
WZ01,温州,瓯江片,,,豪,S5,*au,0.0,K,羔,kɜ,,,main,1,1,none,
WZ01,温州,瓯江片,,,豪,S5,*au,0.0,K,糕,kɜ,,,main,1,1,none,
WZ01,温州,瓯江片,,,豪,S5,*au,0.0,K,稿,kɜ,,,main,1,1,none,
WZ01,温州,瓯江片,,,豪,S5,*au,0.0,K,告,kɜ,,,main,1,1,none,
WZ01,温州,瓯江片,,,豪,S5,*au,0.0,K,膏,kɜ/kau蛎～、梨～糖,au,au,main,1,1,none,
WZ01,温州,瓯江片,,,豪,S5,*au,0.0,K,考,k‘ɜ,,,main,1,1,none,
WZ01,温州,瓯江片,,,豪,S5,*au,0.0,K,烤,k‘ɜ,,,main,1,1,none,
WZ01,温州,瓯江片,,,豪,S5,*au,0.0,K,拷,k‘ɜ,,,main,1,1,none,
WZ01,温州,瓯江片,,,豪,S5,*au,0.0,K,靠,k‘ɜ,,,main,1,1,none,
WZ01,温州,瓯江片,,,豪,S5,*au,0.0,K,犒,k‘ɜ,,,main,1,1,none,
WZ01,温州,瓯江片,,,豪,S5,*au,0.0,K,铐,,,,main,1,1,none,
WZ01,温州,瓯江片,,,豪,S5,*au,0.0,K,㸆,,,,main,1,1,none,
WZ01,温州,瓯江片,,,豪,S5,*au,0.0,K,熬,ŋɜ,,,main,1,1,none,
WZ01,温州,瓯江片,,,豪,S5,*au,0.0,K,敖,ŋɜ,,,main,1,1,none,
WZ01,温州,瓯江片,,,豪,S5,*au,0.0,K,鳌,ŋɜ,,,main,1,1,none,
WZ01,温州,瓯江片,,,豪,S5,*au,0.0,K,傲,ŋɜ,,,main,1,1,none,
WZ01,温州,瓯江片,,,豪,S5,*au,0.0,K,鏊,ŋɜ,,,main,1,1,none,
WZ01,温州,瓯江片,,,豪,S5,*au,0.0,Ø,蒿,hɜ,,,main,1,1,none,
WZ01,温州,瓯江片,,,豪,S5,*au,0.0,Ø,薅,hɜ,,,main,1,1,none,
WZ01,温州,瓯江片,,,豪,S5,*au,0.0,Ø,好,hɜ,,,main,1,1,none,
WZ01,温州,瓯江片,,,豪,S5,*au,0.0,Ø,好,hɜ,,,main,1,1,none,
WZ01,温州,瓯江片,,,豪,S5,*au,0.0,Ø,耗,hɜ,,,main,1,1,none,
WZ01,温州,瓯江片,,,豪,S5,*au,0.0,Ø,豪,ɦɜ,,,main,1,1,none,
WZ01,温州,瓯江片,,,豪,S5,*au,0.0,Ø,壕,ɦɜ,,,main,1,1,none,
WZ01,温州,瓯江片,,,豪,S5,*au,0.0,Ø,毫,ɦɜ,,,main,1,1,none,
WZ01,温州,瓯江片,,,豪,S5,*au,0.0,Ø,号,ɦɜ,,,main,1,1,none,
WZ01,温州,瓯江片,,,豪,S5,*au,0.0,Ø,蠔,ɦɜ,,,main,1,1,none,
WZ01,温州,瓯江片,,,豪,S5,*au,0.0,Ø,浩,ɦɜ,,,main,1,1,none,
WZ01,温州,瓯江片,,,豪,S5,*au,0.0,Ø,号,ɦɜ,,,main,1,1,none,
WZ01,温州,瓯江片,,,豪,S5,*au,0.0,Ø,爊,ɜ,,,main,1,1,none,
WZ01,温州,瓯江片,,,豪,S5,*au,0.0,Ø,袄,ɜ,,,main,1,1,none,
WZ01,温州,瓯江片,,,豪,S5,*au,0.0,Ø,懊,ɜ,,,main,1,1,none,
WZ01,温州,瓯江片,,,豪,S5,*au,0.0,Ø,奥,ɜ,,,main,1,1,none,
WZ01,温州,瓯江片,,,豪,S5,*au,0.0,Ø,懊,ɜ,,,main,1,1,none,
WZ01,温州,瓯江片,,,豪,S5,*au,0.0,Ø,澳,ɜ,,,main,1,1,none,
WZ01,温州,瓯江片,,,侯,S4,*əu,0.0,P,剖,p'ɜ,,,main,1,1,none,
WZ01,温州,瓯江片,,,侯,S4,*əu,0.0,M,某,mu/2mo,u,u,main,1,1,none,
WZ01,温州,瓯江片,,,侯,S4,*əu,0.0,M,亩,mɜ,,,main,1,1,none,
WZ01,温州,瓯江片,,,侯,S4,*əu,0.0,M,牡,mɜ,,,main,1,1,none,
WZ01,温州,瓯江片,,,侯,S4,*əu,0.0,M,母,mu/2mo,u,u,main,1,1,none,
WZ01,温州,瓯江片,,,侯,S4,*əu,0.0,M,拇,mu,u,u,main,1,1,none,
WZ01,温州,瓯江片,,,侯,S4,*əu,0.0,M,戊,mɜ,,,main,1,1,none,
WZ01,温州,瓯江片,,,侯,S4,*əu,0.0,M,茂,mɜ,,,main,1,1,none,
WZ01,温州,瓯江片,,,侯,S4,*əu,0.0,M,贸,mɜ,,,main,1,1,none,
WZ01,温州,瓯江片,,,侯,S4,*əu,0.0,T,兜,tau,au,au,main,1,1,none,
WZ01,温州,瓯江片,,,侯,S4,*əu,0.0,T,斗,tau,au,au,main,1,1,none,
WZ01,温州,瓯江片,,,侯,S4,*əu,0.0,T,抖,tau,au,au,main,1,1,none,
WZ01,温州,瓯江片,,,侯,S4,*əu,0.0,T,陡,tau,au,au,main,1,1,none,
WZ01,温州,瓯江片,,,侯,S4,*əu,0.0,T,蚪,tau,au,au,main,1,1,none,
WZ01,温州,瓯江片,,,侯,S4,*əu,0.0,T,斗,tau,au,au,main,1,1,none,
WZ01,温州,瓯江片,,,侯,S4,*əu,0.0,T,偷,t'au,au,au,main,1,1,none,
WZ01,温州,瓯江片,,,侯,S4,*əu,0.0,T,敨,t'au,au,au,main,1,1,none,
WZ01,温州,瓯江片,,,侯,S4,*əu,0.0,T,透,t'au,au,au,main,1,1,none,
WZ01,温州,瓯江片,,,侯,S4,*əu,0.0,T,头,,,,main,1,1,none,
WZ01,温州,瓯江片,,,侯,S4,*əu,0.0,T,投,dau,au,au,main,1,1,none,
WZ01,温州,瓯江片,,,侯,S4,*əu,0.0,T,骰,,,,main,1,1,none,
WZ01,温州,瓯江片,,,侯,S4,*əu,0.0,T,豆,dɤu,ɤu,ɤu,main,1,1,none,
WZ01,温州,瓯江片,,,侯,S4,*əu,0.0,T,逗,dau,au,au,main,1,1,none,
WZ01,温州,瓯江片,,,侯,S4,*əu,0.0,T,痘,dɤu,ɤu,ɤu,main,1,1,none,
WZ01,温州,瓯江片,,,侯,S4,*əu,0.0,T,脰,,,,main,1,1,none,
WZ01,温州,瓯江片,,,侯,S4,*əu,0.0,L,楼,lau,au,au,main,1,1,none,
WZ01,温州,瓯江片,,,侯,S4,*əu,0.0,L,搂,lau,au,au,main,1,1,none,
WZ01,温州,瓯江片,,,侯,S4,*əu,0.0,L,耧,lau,au,au,main,1,1,none,
WZ01,温州,瓯江片,,,侯,S4,*əu,0.0,L,娄,lau,au,au,main,1,1,none,
WZ01,温州,瓯江片,,,侯,S4,*əu,0.0,L,搂,lau,au,au,main,1,1,none,
WZ01,温州,瓯江片,,,侯,S4,*əu,0.0,L,篓,lau白渔～,au,au,main,1,1,none,
WZ01,温州,瓯江片,,,侯,S4,*əu,0.0,L,溇,,,,main,1,1,none,
WZ01,温州,瓯江片,,,侯,S4,*əu,0.0,L,漏,lau,au,au,main,1,1,none,
WZ01,温州,瓯江片,,,侯,S4,*əu,0.0,L,陋,lau,au,au,main,1,1,none,
WZ01,温州,瓯江片,,,侯,S4,*əu,0.0,TS,走,tsau,au,au,main,1,1,none,
WZ01,温州,瓯江片,,,侯,S4,*əu,0.0,TS,奏,tsau,au,au,main,1,1,none,
WZ01,温州,瓯江片,,,侯,S4,*əu,0.0,TS,凑,ts'au,au,au,main,1,1,none,
WZ01,温州,瓯江片,,,侯,S4,*əu,0.0,TS,叟,sau,au,au,main,1,1,none,
WZ01,温州,瓯江片,,,侯,S4,*əu,0.0,TS,嗽,sau,au,au,main,1,1,none,
WZ01,温州,瓯江片,,,侯,S4,*əu,0.0,K,勾,kau,au,au,main,1,1,none,
WZ01,温州,瓯江片,,,侯,S4,*əu,0.0,K,钩,kau,au,au,main,1,1,none,
WZ01,温州,瓯江片,,,侯,S4,*əu,0.0,K,沟,kau,au,au,main,1,1,none,
WZ01,温州,瓯江片,,,侯,S4,*əu,0.0,K,狗,kau,au,au,main,1,1,none,
WZ01,温州,瓯江片,,,侯,S4,*əu,0.0,K,苟,kau,au,au,main,1,1,none,
WZ01,温州,瓯江片,,,侯,S4,*əu,0.0,K,垢,kau,au,au,main,1,1,none,
WZ01,温州,瓯江片,,,侯,S4,*əu,0.0,K,枸,kau,au,au,main,1,1,none,
WZ01,温州,瓯江片,,,侯,S4,*əu,0.0,K,彀,kau,au,au,main,1,1,none,
WZ01,温州,瓯江片,,,侯,S4,*əu,0.0,K,够,kau,au,au,main,1,1,none,
WZ01,温州,瓯江片,,,侯,S4,*əu,0.0,K,构,kau,au,au,main,1,1,none,
WZ01,温州,瓯江片,,,侯,S4,*əu,0.0,K,购,kau,au,au,main,1,1,none,
WZ01,温州,瓯江片,,,侯,S4,*əu,0.0,K,勾,kau,au,au,main,1,1,none,
WZ01,温州,瓯江片,,,侯,S4,*əu,0.0,K,抠,k‘au～门,au,au,main,1,1,none,
WZ01,温州,瓯江片,,,侯,S4,*əu,0.0,K,眍,k‘au,au,au,main,1,1,none,
WZ01,温州,瓯江片,,,侯,S4,*əu,0.0,K,口,k‘au,au,au,main,1,1,none,
WZ01,温州,瓯江片,,,侯,S4,*əu,0.0,K,叩,k‘au,au,au,main,1,1,none,
WZ01,温州,瓯江片,,,侯,S4,*əu,0.0,K,扣,k‘au,au,au,main,1,1,none,
WZ01,温州,瓯江片,,,侯,S4,*əu,0.0,K,寇,k‘au,au,au,main,1,1,none,
WZ01,温州,瓯江片,,,侯,S4,*əu,0.0,K,藕,ŋau,au,au,main,1,1,none,
WZ01,温州,瓯江片,,,侯,S4,*əu,0.0,K,偶,ŋau,au,au,main,1,1,none,
WZ01,温州,瓯江片,,,侯,S4,*əu,0.0,K,偶,ŋau,au,au,main,1,1,none,
WZ01,温州,瓯江片,,,侯,S4,*əu,0.0,Ø,吼,hau,au,au,main,1,1,none,
WZ01,温州,瓯江片,,,侯,S4,*əu,0.0,Ø,侯,ɦau,au,au,main,1,1,none,
WZ01,温州,瓯江片,,,侯,S4,*əu,0.0,Ø,喉,ɦau,au,au,main,1,1,none,
WZ01,温州,瓯江片,,,侯,S4,*əu,0.0,Ø,猴,ɦau,au,au,main,1,1,none,
WZ01,温州,瓯江片,,,侯,S4,*əu,0.0,Ø,瘊,ɦau,au,au,main,1,1,none,
WZ01,温州,瓯江片,,,侯,S4,*əu,0.0,Ø,後,ɦau,au,au,main,1,1,none,
WZ01,温州,瓯江片,,,侯,S4,*əu,0.0,Ø,厚,ɦau,au,au,main,1,1,none,
WZ01,温州,瓯江片,,,侯,S4,*əu,0.0,Ø,后,ɦau,au,au,main,1,1,none,
WZ01,温州,瓯江片,,,侯,S4,*əu,0.0,Ø,候,ɦau,au,au,main,1,1,none,
WZ01,温州,瓯江片,,,侯,S4,*əu,0.0,Ø,鲎,hau,au,au,main,1,1,none,
WZ01,温州,瓯江片,,,侯,S4,*əu,0.0,Ø,欧,au,au,au,main,1,1,none,
WZ01,温州,瓯江片,,,侯,S4,*əu,0.0,Ø,瓯,,,,main,1,1,none,
WZ01,温州,瓯江片,,,侯,S4,*əu,0.0,Ø,区,au/tɕ‘y（排除）～域,au,au,main,1,1,none,
WZ01,温州,瓯江片,,,侯,S4,*əu,0.0,Ø,鸥,au,au,au,main,1,1,none,
WZ01,温州,瓯江片,,,侯,S4,*əu,0.0,Ø,呕,au,au,au,main,1,1,none,
WZ01,温州,瓯江片,,,侯,S4,*əu,0.0,Ø,殴,au,au,au,main,1,1,none,
WZ01,温州,瓯江片,,,侯,S4,*əu,0.0,Ø,沤,au,au,au,main,1,1,none,
WZ01,温州,瓯江片,,,侯,S4,*əu,0.0,Ø,怄,au,au,au,main,1,1,none,
WZ01,温州,瓯江片,,,蟹,,,,P,拜,pa,a,a,main,1,1,none,
WZ01,温州,瓯江片,,,蟹,,,,P,排,ba,a,a,main,1,1,none,
WZ01,温州,瓯江片,,,蟹,,,,P,𩏄,,,,main,1,1,none,
WZ01,温州,瓯江片,,,蟹,,,,M,埋,ma,a,a,main,1,1,none,
WZ01,温州,瓯江片,,,蟹,,,,L,攋,,,,main,1,1,none,
WZ01,温州,瓯江片,,,蟹,,,,TS*,䍉,,,,main,1,1,none,
WZ01,温州,瓯江片,,,蟹,,,,TS*,箉,,,,main,1,1,none,
WZ01,温州,瓯江片,,,蟹,,,,TS*,斋,tsa,a,a,main,1,1,none,
WZ01,温州,瓯江片,,,蟹,,,,TS*,豺,za,a,a,main,1,1,none,
WZ01,温州,瓯江片,,,蟹,,,,K,皆,ka,a,a,main,1,1,none,
WZ01,温州,瓯江片,,,蟹,,,,K,阶,ka,a,a,main,1,1,none,
WZ01,温州,瓯江片,,,蟹,,,,K,稭,,,,main,1,1,none,
WZ01,温州,瓯江片,,,蟹,,,,K,偕,ka,a,a,main,1,1,none,
WZ01,温州,瓯江片,,,蟹,,,,K,介,ka,a,a,main,1,1,none,
WZ01,温州,瓯江片,,,蟹,,,,K,界,ka,a,a,main,1,1,none,
WZ01,温州,瓯江片,,,蟹,,,,K,芥,ka,a,a,main,1,1,none,
WZ01,温州,瓯江片,,,蟹,,,,K,尬,ka,a,a,main,1,1,none,
WZ01,温州,瓯江片,,,蟹,,,,K,疥,ka,a,a,main,1,1,none,
WZ01,温州,瓯江片,,,蟹,,,,K,届,ka,a,a,main,1,1,none,
WZ01,温州,瓯江片,,,蟹,,,,K,戒,ka,a,a,main,1,1,none,
WZ01,温州,瓯江片,,,蟹,,,,K,庎,,,,main,1,1,none,
WZ01,温州,瓯江片,,,蟹,,,,K,揩,k'a,a,a,main,1,1,none,
WZ01,温州,瓯江片,,,蟹,,,,K,楷,k'a,a,a,main,1,1,none,
WZ01,温州,瓯江片,,,蟹,,,,Ø,谐,ɦa,a,a,main,1,1,none,
WZ01,温州,瓯江片,,,蟹,,,,Ø,骇,ɦa,a,a,main,1,1,none,
WZ01,温州,瓯江片,,,蟹,,,,Ø,械,ɦa,a,a,main,1,1,none,
WZ01,温州,瓯江片,,,蟹,,,,Ø,挨,a,a,a,main,1,1,none,
WZ01,温州,瓯江片,,,蟹,,,,P,摆,pa,a,a,main,1,1,none,
WZ01,温州,瓯江片,,,蟹,,,,P,派,p'a,a,a,main,1,1,none,
WZ01,温州,瓯江片,,,蟹,,,,P,牌,ba,a,a,main,1,1,none,
WZ01,温州,瓯江片,,,蟹,,,,P,簰,ba,a,a,main,1,1,none,
WZ01,温州,瓯江片,,,蟹,,,,P,罢,ba,a,a,main,1,1,none,
WZ01,温州,瓯江片,,,蟹,,,,P,稗,ba,a,a,main,1,1,none,
WZ01,温州,瓯江片,,,蟹,,,,M,买,ma,a,a,main,1,1,none,
WZ01,温州,瓯江片,,,蟹,,,,M,卖,ma,a,a,main,1,1,none,
WZ01,温州,瓯江片,,,蟹,,,,N,奶,na,a,a,main,1,1,none,
WZ01,温州,瓯江片,,,蟹,,,,TS*,债,tsa,a,a,main,1,1,none,
WZ01,温州,瓯江片,,,蟹,,,,TS*,钗,ts'a,a,a,main,1,1,none,
WZ01,温州,瓯江片,,,蟹,,,,TS*,差,ts'a,a,a,main,1,1,none,
WZ01,温州,瓯江片,,,蟹,,,,TS*,柴,za,a,a,main,1,1,none,
WZ01,温州,瓯江片,,,蟹,,,,TS*,筛,sa,a,a,main,1,1,none,
WZ01,温州,瓯江片,,,蟹,,,,TS*,洒,sa,a,a,main,1,1,none,
WZ01,温州,瓯江片,,,蟹,,,,TS*,晒,sa,a,a,main,1,1,none,
WZ01,温州,瓯江片,,,蟹,,,,K,佳,ko,o,o,main,1,1,none,
WZ01,温州,瓯江片,,,蟹,,,,K,街,ka,a,a,main,1,1,none,
WZ01,温州,瓯江片,,,蟹,,,,K,解,ka,a,a,main,1,1,none,
WZ01,温州,瓯江片,,,蟹,,,,K,懈,,,,main,1,1,none,
WZ01,温州,瓯江片,,,蟹,,,,K,涯,ŋa,a,a,main,1,1,none,
WZ01,温州,瓯江片,,,蟹,,,,K,崖,ŋa,a,a,main,1,1,none,
WZ01,温州,瓯江片,,,蟹,,,,K,捱,,,,main,1,1,none,
WZ01,温州,瓯江片,,,蟹,,,,Ø,鞋,ɦa,a,a,main,1,1,none,
WZ01,温州,瓯江片,,,蟹,,,,Ø,解,ka,a,a,main,1,1,none,
WZ01,温州,瓯江片,,,蟹,,,,Ø,解,ka,a,a,main,1,1,none,
WZ01,温州,瓯江片,,,蟹,,,,Ø,蟹,ha,a,a,main,1,1,none,
WZ01,温州,瓯江片,,,蟹,,,,Ø,矮,a,a,a,main,1,1,none,
WZ01,温州,瓯江片,,,蟹,,,,Ø,隘,a,a,a,main,1,1,none,
