point_id,point_name,subbranch,lat,lon,韵,声组,汉字,读音,note
QD01,启东吕四,太湖片-毗陵小片,,,歌,T,多,,
QD01,启东吕四,太湖片-毗陵小片,,,歌,T,拖,,
QD01,启东吕四,太湖片-毗陵小片,,,歌,T,他,,
QD01,启东吕四,太湖片-毗陵小片,,,歌,T,驼,,
QD01,启东吕四,太湖片-毗陵小片,,,歌,T,驮,,
QD01,启东吕四,太湖片-毗陵小片,,,歌,T,陀,,
QD01,启东吕四,太湖片-毗陵小片,,,歌,T,鸵,,
QD01,启东吕四,太湖片-毗陵小片,,,歌,T,沱,,
QD01,启东吕四,太湖片-毗陵小片,,,歌,T,舵,,
QD01,启东吕四,太湖片-毗陵小片,,,歌,T,大,,
QD01,启东吕四,太湖片-毗陵小片,,,歌,T,驮,,
QD01,启东吕四,太湖片-毗陵小片,,,歌,N,挪,,
QD01,启东吕四,太湖片-毗陵小片,,,歌,N,哪,,
QD01,启东吕四,太湖片-毗陵小片,,,歌,N,那,,
QD01,启东吕四,太湖片-毗陵小片,,,歌,L,罗,,
QD01,启东吕四,太湖片-毗陵小片,,,歌,L,锣,,
QD01,启东吕四,太湖片-毗陵小片,,,歌,L,箩,,
QD01,启东吕四,太湖片-毗陵小片,,,歌,L,萝,,
QD01,启东吕四,太湖片-毗陵小片,,,歌,L,逻,,
QD01,启东吕四,太湖片-毗陵小片,,,歌,TS,左,,
QD01,启东吕四,太湖片-毗陵小片,,,歌,TS,佐,,
QD01,启东吕四,太湖片-毗陵小片,,,歌,TS,搓,,
QD01,启东吕四,太湖片-毗陵小片,,,歌,TS,娑,,
QD01,启东吕四,太湖片-毗陵小片,,,歌,K,歌,,
QD01,启东吕四,太湖片-毗陵小片,,,歌,K,哥,,
QD01,启东吕四,太湖片-毗陵小片,,,歌,K,柯,,
QD01,启东吕四,太湖片-毗陵小片,,,歌,K,个,,
QD01,启东吕四,太湖片-毗陵小片,,,歌,K,轲,,
QD01,启东吕四,太湖片-毗陵小片,,,歌,K,可,,
QD01,启东吕四,太湖片-毗陵小片,,,歌,K,蛾,,
QD01,启东吕四,太湖片-毗陵小片,,,歌,K,鹅,,
QD01,启东吕四,太湖片-毗陵小片,,,歌,K,俄,,
QD01,启东吕四,太湖片-毗陵小片,,,歌,K,娥,,
QD01,启东吕四,太湖片-毗陵小片,,,歌,K,我,,
QD01,启东吕四,太湖片-毗陵小片,,,歌,K,饿,,
QD01,启东吕四,太湖片-毗陵小片,,,歌,Ø,荷,,
QD01,启东吕四,太湖片-毗陵小片,,,歌,Ø,河,,
QD01,启东吕四,太湖片-毗陵小片,,,歌,Ø,何,,
QD01,启东吕四,太湖片-毗陵小片,,,歌,Ø,荷,,
QD01,启东吕四,太湖片-毗陵小片,,,歌,Ø,贺,,
QD01,启东吕四,太湖片-毗陵小片,,,歌,Ø,阿,,
QD01,启东吕四,太湖片-毗陵小片,,,歌,Ø,屙,,
QD01,启东吕四,太湖片-毗陵小片,,,戈,K,茄,,
QD01,启东吕四,太湖片-毗陵小片,,,戈,P,波,,
QD01,启东吕四,太湖片-毗陵小片,,,戈,P,菠,,
QD01,启东吕四,太湖片-毗陵小片,,,戈,P,跛,,
QD01,启东吕四,太湖片-毗陵小片,,,戈,P,簸,,
QD01,启东吕四,太湖片-毗陵小片,,,戈,P,簸,,
QD01,启东吕四,太湖片-毗陵小片,,,戈,P,播,,
QD01,启东吕四,太湖片-毗陵小片,,,戈,P,颇,,
QD01,启东吕四,太湖片-毗陵小片,,,戈,P,坡,,
QD01,启东吕四,太湖片-毗陵小片,,,戈,P,玻,,
QD01,启东吕四,太湖片-毗陵小片,,,戈,P,破,,
QD01,启东吕四,太湖片-毗陵小片,,,戈,P,婆,,
QD01,启东吕四,太湖片-毗陵小片,,,戈,P,薄,,
QD01,启东吕四,太湖片-毗陵小片,,,戈,M,魔,,
QD01,启东吕四,太湖片-毗陵小片,,,戈,M,磨,,
QD01,启东吕四,太湖片-毗陵小片,,,戈,M,摩,,
QD01,启东吕四,太湖片-毗陵小片,,,戈,M,馍,,
QD01,启东吕四,太湖片-毗陵小片,,,戈,M,蘑,,
QD01,启东吕四,太湖片-毗陵小片,,,戈,M,磨,,
QD01,启东吕四,太湖片-毗陵小片,,,戈,T,朵,,
QD01,启东吕四,太湖片-毗陵小片,,,戈,T,躲,,
QD01,启东吕四,太湖片-毗陵小片,,,戈,T,剁,,
QD01,启东吕四,太湖片-毗陵小片,,,戈,T,妥,,
QD01,启东吕四,太湖片-毗陵小片,,,戈,T,椭,,
QD01,启东吕四,太湖片-毗陵小片,,,戈,T,唾,,
QD01,启东吕四,太湖片-毗陵小片,,,戈,T,砣,,
QD01,启东吕四,太湖片-毗陵小片,,,戈,T,惰,,
QD01,启东吕四,太湖片-毗陵小片,,,戈,T,垛,,
QD01,启东吕四,太湖片-毗陵小片,,,戈,T,堕,,
QD01,启东吕四,太湖片-毗陵小片,,,戈,N,挼,,
QD01,启东吕四,太湖片-毗陵小片,,,戈,N,糯,,
QD01,启东吕四,太湖片-毗陵小片,,,戈,N,懦,,
QD01,启东吕四,太湖片-毗陵小片,,,戈,L,骡,,
QD01,启东吕四,太湖片-毗陵小片,,,戈,L,螺,,
QD01,启东吕四,太湖片-毗陵小片,,,戈,L,脶,,
QD01,启东吕四,太湖片-毗陵小片,,,戈,L,啰,,
QD01,启东吕四,太湖片-毗陵小片,,,戈,L,裸,,
QD01,启东吕四,太湖片-毗陵小片,,,戈,L,瘰,,
QD01,启东吕四,太湖片-毗陵小片,,,戈,L,摞,,
QD01,启东吕四,太湖片-毗陵小片,,,戈,TS,锉,,
QD01,启东吕四,太湖片-毗陵小片,,,戈,TS,莝,,
QD01,启东吕四,太湖片-毗陵小片,,,戈,TS,矬,,
QD01,启东吕四,太湖片-毗陵小片,,,戈,TS,坐,,
QD01,启东吕四,太湖片-毗陵小片,,,戈,TS,座,,
QD01,启东吕四,太湖片-毗陵小片,,,戈,TS,蓑,,
QD01,启东吕四,太湖片-毗陵小片,,,戈,TS,梭,,
QD01,启东吕四,太湖片-毗陵小片,,,戈,TS,唆,,
QD01,启东吕四,太湖片-毗陵小片,,,戈,TS,莎,,
QD01,启东吕四,太湖片-毗陵小片,,,戈,TS,锁,,
QD01,启东吕四,太湖片-毗陵小片,,,戈,TS,琐,,
QD01,启东吕四,太湖片-毗陵小片,,,戈,TS,唢,,
QD01,启东吕四,太湖片-毗陵小片,,,戈,K,过,,
QD01,启东吕四,太湖片-毗陵小片,,,戈,K,锅,,
QD01,启东吕四,太湖片-毗陵小片,,,戈,K,戈,,
QD01,启东吕四,太湖片-毗陵小片,,,戈,K,果,,
QD01,启东吕四,太湖片-毗陵小片,,,戈,K,裹,,
QD01,启东吕四,太湖片-毗陵小片,,,戈,K,餜,,
QD01,启东吕四,太湖片-毗陵小片,,,戈,K,过,,
QD01,启东吕四,太湖片-毗陵小片,,,戈,K,科,,
QD01,启东吕四,太湖片-毗陵小片,,,戈,K,窠,,
QD01,启东吕四,太湖片-毗陵小片,,,戈,K,棵,,
QD01,启东吕四,太湖片-毗陵小片,,,戈,K,髁,,
QD01,启东吕四,太湖片-毗陵小片,,,戈,K,蝌,,
QD01,启东吕四,太湖片-毗陵小片,,,戈,K,颗,,
QD01,启东吕四,太湖片-毗陵小片,,,戈,K,课,,
QD01,启东吕四,太湖片-毗陵小片,,,戈,K,讹,,
QD01,启东吕四,太湖片-毗陵小片,,,戈,K,卧,,
QD01,启东吕四,太湖片-毗陵小片,,,戈,Ø,火,,
QD01,启东吕四,太湖片-毗陵小片,,,戈,Ø,伙,,
QD01,启东吕四,太湖片-毗陵小片,,,戈,Ø,货,,
QD01,启东吕四,太湖片-毗陵小片,,,戈,Ø,和,,
QD01,启东吕四,太湖片-毗陵小片,,,戈,Ø,禾,,
QD01,启东吕四,太湖片-毗陵小片,,,戈,Ø,祸,,
QD01,启东吕四,太湖片-毗陵小片,,,戈,Ø,夥,,
QD01,启东吕四,太湖片-毗陵小片,,,戈,Ø,和,,
QD01,启东吕四,太湖片-毗陵小片,,,戈,Ø,倭,,
QD01,启东吕四,太湖片-毗陵小片,,,戈,Ø,踒,,
QD01,启东吕四,太湖片-毗陵小片,,,戈,Ø,窝,,
QD01,启东吕四,太湖片-毗陵小片,,,戈,Ø,涡,,
QD01,启东吕四,太湖片-毗陵小片,,,戈,Ø,莴,,
QD01,启东吕四,太湖片-毗陵小片,,,戈,Ø,涴,,
QD01,启东吕四,太湖片-毗陵小片,,,戈,Ø,瘸,,
QD01,启东吕四,太湖片-毗陵小片,,,戈,Ø,靴,,
QD01,启东吕四,太湖片-毗陵小片,,,戈,Ø,�,,
QD01,启东吕四,太湖片-毗陵小片,,,麻,P,巴,,
QD01,启东吕四,太湖片-毗陵小片,,,麻,P,芭,,
QD01,启东吕四,太湖片-毗陵小片,,,麻,P,疤,,
QD01,启东吕四,太湖片-毗陵小片,,,麻,P,笆,,
QD01,启东吕四,太湖片-毗陵小片,,,麻,P,吧,,
QD01,启东吕四,太湖片-毗陵小片,,,麻,P,把,,
QD01,启东吕四,太湖片-毗陵小片,,,麻,P,靶,,
QD01,启东吕四,太湖片-毗陵小片,,,麻,P,霸,,
QD01,启东吕四,太湖片-毗陵小片,,,麻,P,欛,,
QD01,启东吕四,太湖片-毗陵小片,,,麻,P,壩,,
QD01,启东吕四,太湖片-毗陵小片,,,麻,P,坝,,
QD01,启东吕四,太湖片-毗陵小片,,,麻,P,爸,,
QD01,启东吕四,太湖片-毗陵小片,,,麻,P,怕,,
QD01,启东吕四,太湖片-毗陵小片,,,麻,P,帕,,
QD01,启东吕四,太湖片-毗陵小片,,,麻,P,爬,,
QD01,启东吕四,太湖片-毗陵小片,,,麻,P,琶,,
QD01,启东吕四,太湖片-毗陵小片,,,麻,P,杷,,
QD01,启东吕四,太湖片-毗陵小片,,,麻,P,钯,,
QD01,启东吕四,太湖片-毗陵小片,,,麻,P,耙,,
QD01,启东吕四,太湖片-毗陵小片,,,麻,M,麻,,
QD01,启东吕四,太湖片-毗陵小片,,,麻,M,痲,,
QD01,启东吕四,太湖片-毗陵小片,,,麻,M,蟆,,
QD01,启东吕四,太湖片-毗陵小片,,,麻,M,妈,,
QD01,启东吕四,太湖片-毗陵小片,,,麻,M,马,,
QD01,启东吕四,太湖片-毗陵小片,,,麻,M,码,,
QD01,启东吕四,太湖片-毗陵小片,,,麻,M,玛,,
QD01,启东吕四,太湖片-毗陵小片,,,麻,M,蚂,,
QD01,启东吕四,太湖片-毗陵小片,,,麻,M,骂,,
QD01,启东吕四,太湖片-毗陵小片,,,麻,N,拿,,
QD01,启东吕四,太湖片-毗陵小片,,,麻,TS,茶,,
QD01,启东吕四,太湖片-毗陵小片,,,麻,TS,搽,,
QD01,启东吕四,太湖片-毗陵小片,,,麻,TS,䖳,,
QD01,启东吕四,太湖片-毗陵小片,,,麻,TS*,楂,,
QD01,启东吕四,太湖片-毗陵小片,,,麻,TS*,渣,,
QD01,启东吕四,太湖片-毗陵小片,,,麻,TS*,诈,,
QD01,启东吕四,太湖片-毗陵小片,,,麻,TS*,榨,,
QD01,启东吕四,太湖片-毗陵小片,,,麻,TS*,炸,,
QD01,启东吕四,太湖片-毗陵小片,,,麻,TS*,叉,,
QD01,启东吕四,太湖片-毗陵小片,,,麻,TS*,杈,,
QD01,启东吕四,太湖片-毗陵小片,,,麻,TS*,差,,
QD01,启东吕四,太湖片-毗陵小片,,,麻,TS*,岔,,
QD01,启东吕四,太湖片-毗陵小片,,,麻,TS*,差,,
QD01,启东吕四,太湖片-毗陵小片,,,麻,TS*,茬,,
QD01,启东吕四,太湖片-毗陵小片,,,麻,TS*,查,,
QD01,启东吕四,太湖片-毗陵小片,,,麻,TS*,乍,,
QD01,启东吕四,太湖片-毗陵小片,,,麻,TS*,沙,,
QD01,启东吕四,太湖片-毗陵小片,,,麻,TS*,纱,,
QD01,启东吕四,太湖片-毗陵小片,,,麻,TS*,痧,,
QD01,启东吕四,太湖片-毗陵小片,,,麻,TS*,砂,,
QD01,启东吕四,太湖片-毗陵小片,,,麻,TS*,鲨,,
QD01,启东吕四,太湖片-毗陵小片,,,麻,TS*,裟,,
QD01,启东吕四,太湖片-毗陵小片,,,麻,TS*,洒,,
QD01,启东吕四,太湖片-毗陵小片,,,麻,TS*,厦,,
QD01,启东吕四,太湖片-毗陵小片,,,麻,K,家,,
QD01,启东吕四,太湖片-毗陵小片,,,麻,K,傢,,
QD01,启东吕四,太湖片-毗陵小片,,,麻,K,加,,
QD01,启东吕四,太湖片-毗陵小片,,,麻,K,痂,,
QD01,启东吕四,太湖片-毗陵小片,,,麻,K,嘉,,
QD01,启东吕四,太湖片-毗陵小片,,,麻,K,枷,,
QD01,启东吕四,太湖片-毗陵小片,,,麻,K,袈,,
QD01,启东吕四,太湖片-毗陵小片,,,麻,K,假,,
QD01,启东吕四,太湖片-毗陵小片,,,麻,K,贾,,
QD01,启东吕四,太湖片-毗陵小片,,,麻,K,假,,
QD01,启东吕四,太湖片-毗陵小片,,,麻,K,架,,
QD01,启东吕四,太湖片-毗陵小片,,,麻,K,驾,,
QD01,启东吕四,太湖片-毗陵小片,,,麻,K,嫁,,
QD01,启东吕四,太湖片-毗陵小片,,,麻,K,稼,,
QD01,启东吕四,太湖片-毗陵小片,,,麻,K,价,,
QD01,启东吕四,太湖片-毗陵小片,,,麻,K,揢,,
QD01,启东吕四,太湖片-毗陵小片,,,麻,K,牙,,
QD01,启东吕四,太湖片-毗陵小片,,,麻,K,芽,,
QD01,启东吕四,太湖片-毗陵小片,,,麻,K,衙,,
QD01,启东吕四,太湖片-毗陵小片,,,麻,K,伢,,
QD01,启东吕四,太湖片-毗陵小片,,,麻,K,蚜,,
QD01,启东吕四,太湖片-毗陵小片,,,麻,K,雅,,
QD01,启东吕四,太湖片-毗陵小片,,,麻,K,砑,,
QD01,启东吕四,太湖片-毗陵小片,,,麻,Ø,虾,,
QD01,启东吕四,太湖片-毗陵小片,,,麻,Ø,�,,
QD01,启东吕四,太湖片-毗陵小片,,,麻,Ø,嚇,,
QD01,启东吕四,太湖片-毗陵小片,,,麻,Ø,霞,,
QD01,启东吕四,太湖片-毗陵小片,,,麻,Ø,瑕,,
QD01,启东吕四,太湖片-毗陵小片,,,麻,Ø,遐,,
QD01,启东吕四,太湖片-毗陵小片,,,麻,Ø,蝦,,
QD01,启东吕四,太湖片-毗陵小片,,,麻,Ø,下,,
QD01,启东吕四,太湖片-毗陵小片,,,麻,Ø,夏,,
QD01,启东吕四,太湖片-毗陵小片,,,麻,Ø,厦,,
QD01,启东吕四,太湖片-毗陵小片,,,麻,Ø,下,,
QD01,启东吕四,太湖片-毗陵小片,,,麻,Ø,夏,,
QD01,启东吕四,太湖片-毗陵小片,,,麻,Ø,暇,,
QD01,启东吕四,太湖片-毗陵小片,,,麻,Ø,鸦,,
QD01,启东吕四,太湖片-毗陵小片,,,麻,Ø,丫,,
QD01,启东吕四,太湖片-毗陵小片,,,麻,Ø,桠,,
QD01,启东吕四,太湖片-毗陵小片,,,麻,Ø,哑,,
QD01,启东吕四,太湖片-毗陵小片,,,麻,Ø,亚,,
QD01,启东吕四,太湖片-毗陵小片,,,模,P,补,,
QD01,启东吕四,太湖片-毗陵小片,,,模,P,谱,,
QD01,启东吕四,太湖片-毗陵小片,,,模,P,哺,,
QD01,启东吕四,太湖片-毗陵小片,,,模,P,布,,
QD01,启东吕四,太湖片-毗陵小片,,,模,P,佈,,
QD01,启东吕四,太湖片-毗陵小片,,,模,P,铺,,
QD01,启东吕四,太湖片-毗陵小片,,,模,P,潽,,
QD01,启东吕四,太湖片-毗陵小片,,,模,P,普,,
QD01,启东吕四,太湖片-毗陵小片,,,模,P,浦,,
QD01,启东吕四,太湖片-毗陵小片,,,模,P,铺,,
QD01,启东吕四,太湖片-毗陵小片,,,模,P,怖,,
QD01,启东吕四,太湖片-毗陵小片,,,模,P,蒲,,
QD01,启东吕四,太湖片-毗陵小片,,,模,P,菩,,
QD01,启东吕四,太湖片-毗陵小片,,,模,P,脯,,
QD01,启东吕四,太湖片-毗陵小片,,,模,P,葡,,
QD01,启东吕四,太湖片-毗陵小片,,,模,P,莆,,
QD01,启东吕四,太湖片-毗陵小片,,,模,P,部,,
QD01,启东吕四,太湖片-毗陵小片,,,模,P,簿,,
QD01,启东吕四,太湖片-毗陵小片,,,模,P,篰,,
QD01,启东吕四,太湖片-毗陵小片,,,模,P,步,,
QD01,启东吕四,太湖片-毗陵小片,,,模,P,捕,,
QD01,启东吕四,太湖片-毗陵小片,,,模,P,埠,,
QD01,启东吕四,太湖片-毗陵小片,,,模,M,模,,
QD01,启东吕四,太湖片-毗陵小片,,,模,M,模,,
QD01,启东吕四,太湖片-毗陵小片,,,模,M,摹,,
QD01,启东吕四,太湖片-毗陵小片,,,模,M,姥,,
QD01,启东吕四,太湖片-毗陵小片,,,模,M,暮,,
QD01,启东吕四,太湖片-毗陵小片,,,模,M,慕,,
QD01,启东吕四,太湖片-毗陵小片,,,模,M,墓,,
QD01,启东吕四,太湖片-毗陵小片,,,模,M,募,,
QD01,启东吕四,太湖片-毗陵小片,,,模,M,睦,,
QD01,启东吕四,太湖片-毗陵小片,,,模,T,都,,
QD01,启东吕四,太湖片-毗陵小片,,,模,T,都,,
QD01,启东吕四,太湖片-毗陵小片,,,模,T,赌,,
QD01,启东吕四,太湖片-毗陵小片,,,模,T,堵,,
QD01,启东吕四,太湖片-毗陵小片,,,模,T,肚,,
QD01,启东吕四,太湖片-毗陵小片,,,模,T,睹,,
QD01,启东吕四,太湖片-毗陵小片,,,模,T,妒,,
QD01,启东吕四,太湖片-毗陵小片,,,模,T,土,,
QD01,启东吕四,太湖片-毗陵小片,,,模,T,吐,,
QD01,启东吕四,太湖片-毗陵小片,,,模,T,吐,,
QD01,启东吕四,太湖片-毗陵小片,,,模,T,兔,,
QD01,启东吕四,太湖片-毗陵小片,,,模,T,徒,,
QD01,启东吕四,太湖片-毗陵小片,,,模,T,屠,,
QD01,启东吕四,太湖片-毗陵小片,,,模,T,途,,
QD01,启东吕四,太湖片-毗陵小片,,,模,T,涂,,
QD01,启东吕四,太湖片-毗陵小片,,,模,T,图,,
QD01,启东吕四,太湖片-毗陵小片,,,模,T,杜,,
QD01,启东吕四,太湖片-毗陵小片,,,模,T,肚,,
QD01,启东吕四,太湖片-毗陵小片,,,模,T,度,,
QD01,启东吕四,太湖片-毗陵小片,,,模,T,渡,,
QD01,启东吕四,太湖片-毗陵小片,,,模,T,镀,,
QD01,启东吕四,太湖片-毗陵小片,,,模,N,奴,,
QD01,启东吕四,太湖片-毗陵小片,,,模,N,努,,
QD01,启东吕四,太湖片-毗陵小片,,,模,N,怒,,
QD01,启东吕四,太湖片-毗陵小片,,,模,L,卢,,
QD01,启东吕四,太湖片-毗陵小片,,,模,L,炉,,
QD01,启东吕四,太湖片-毗陵小片,,,模,L,芦,,
QD01,启东吕四,太湖片-毗陵小片,,,模,L,鸬,,
QD01,启东吕四,太湖片-毗陵小片,,,模,L,颅,,
QD01,启东吕四,太湖片-毗陵小片,,,模,L,鲈,,
QD01,启东吕四,太湖片-毗陵小片,,,模,L,鲁,,
QD01,启东吕四,太湖片-毗陵小片,,,模,L,橹,,
QD01,启东吕四,太湖片-毗陵小片,,,模,L,虏,,
QD01,启东吕四,太湖片-毗陵小片,,,模,L,卤,,
QD01,启东吕四,太湖片-毗陵小片,,,模,L,路,,
QD01,启东吕四,太湖片-毗陵小片,,,模,L,赂,,
QD01,启东吕四,太湖片-毗陵小片,,,模,L,露,,
QD01,启东吕四,太湖片-毗陵小片,,,模,L,鹭,,
QD01,启东吕四,太湖片-毗陵小片,,,模,TS,租,,
QD01,启东吕四,太湖片-毗陵小片,,,模,TS,祖,,
QD01,启东吕四,太湖片-毗陵小片,,,模,TS,组,,
QD01,启东吕四,太湖片-毗陵小片,,,模,TS,做,,
QD01,启东吕四,太湖片-毗陵小片,,,模,TS,粗,,
QD01,启东吕四,太湖片-毗陵小片,,,模,TS,醋,,
QD01,启东吕四,太湖片-毗陵小片,,,模,TS,措,,
QD01,启东吕四,太湖片-毗陵小片,,,模,TS,错,,
QD01,启东吕四,太湖片-毗陵小片,,,模,TS,苏,,
QD01,启东吕四,太湖片-毗陵小片,,,模,TS,酥,,
QD01,启东吕四,太湖片-毗陵小片,,,模,TS,素,,
QD01,启东吕四,太湖片-毗陵小片,,,模,TS,诉,,
QD01,启东吕四,太湖片-毗陵小片,,,模,TS,塑,,
QD01,启东吕四,太湖片-毗陵小片,,,模,TS,嗉,,
QD01,启东吕四,太湖片-毗陵小片,,,模,K,姑,,
QD01,启东吕四,太湖片-毗陵小片,,,模,K,孤,,
QD01,启东吕四,太湖片-毗陵小片,,,模,K,箍,,
QD01,启东吕四,太湖片-毗陵小片,,,模,K,辜,,
QD01,启东吕四,太湖片-毗陵小片,,,模,K,菇,,
QD01,启东吕四,太湖片-毗陵小片,,,模,K,鸪,,
QD01,启东吕四,太湖片-毗陵小片,,,模,K,蛄,,
QD01,启东吕四,太湖片-毗陵小片,,,模,K,古,,
QD01,启东吕四,太湖片-毗陵小片,,,模,K,估,,
QD01,启东吕四,太湖片-毗陵小片,,,模,K,盬,,
QD01,启东吕四,太湖片-毗陵小片,,,模,K,牯,,
QD01,启东吕四,太湖片-毗陵小片,,,模,K,股,,
QD01,启东吕四,太湖片-毗陵小片,,,模,K,鼓,,
QD01,启东吕四,太湖片-毗陵小片,,,模,K,蛊,,
QD01,启东吕四,太湖片-毗陵小片,,,模,K,故,,
QD01,启东吕四,太湖片-毗陵小片,,,模,K,固,,
QD01,启东吕四,太湖片-毗陵小片,,,模,K,锢,,
QD01,启东吕四,太湖片-毗陵小片,,,模,K,雇,,
QD01,启东吕四,太湖片-毗陵小片,,,模,K,顾,,
QD01,启东吕四,太湖片-毗陵小片,,,模,K,枯,,
QD01,启东吕四,太湖片-毗陵小片,,,模,K,苦,,
QD01,启东吕四,太湖片-毗陵小片,,,模,K,库,,
QD01,启东吕四,太湖片-毗陵小片,,,模,K,裤,,
QD01,启东吕四,太湖片-毗陵小片,,,模,K,吴,,
QD01,启东吕四,太湖片-毗陵小片,,,模,K,蜈,,
QD01,启东吕四,太湖片-毗陵小片,,,模,K,吾,,
QD01,启东吕四,太湖片-毗陵小片,,,模,K,梧,,
QD01,启东吕四,太湖片-毗陵小片,,,模,K,五,,
QD01,启东吕四,太湖片-毗陵小片,,,模,K,伍,,
QD01,启东吕四,太湖片-毗陵小片,,,模,K,午,,
QD01,启东吕四,太湖片-毗陵小片,,,模,K,忤,,
QD01,启东吕四,太湖片-毗陵小片,,,模,K,误,,
QD01,启东吕四,太湖片-毗陵小片,,,模,K,悟,,
QD01,启东吕四,太湖片-毗陵小片,,,模,Ø,呼,,
QD01,启东吕四,太湖片-毗陵小片,,,模,Ø,虎,,
QD01,启东吕四,太湖片-毗陵小片,,,模,Ø,浒,,
QD01,启东吕四,太湖片-毗陵小片,,,模,Ø,琥,,
QD01,启东吕四,太湖片-毗陵小片,,,模,Ø,戽,,
QD01,启东吕四,太湖片-毗陵小片,,,模,Ø,胡,,
QD01,启东吕四,太湖片-毗陵小片,,,模,Ø,湖,,
QD01,启东吕四,太湖片-毗陵小片,,,模,Ø,狐,,
QD01,启东吕四,太湖片-毗陵小片,,,模,Ø,壶,,
QD01,启东吕四,太湖片-毗陵小片,,,模,Ø,乎,,
QD01,启东吕四,太湖片-毗陵小片,,,模,Ø,瓠,,
QD01,启东吕四,太湖片-毗陵小片,,,模,Ø,鬍,,
QD01,启东吕四,太湖片-毗陵小片,,,模,Ø,糊,,
QD01,启东吕四,太湖片-毗陵小片,,,模,Ø,蝴,,
QD01,启东吕四,太湖片-毗陵小片,,,模,Ø,瑚,,
QD01,启东吕四,太湖片-毗陵小片,,,模,Ø,户,,
QD01,启东吕四,太湖片-毗陵小片,,,模,Ø,沪,,
QD01,启东吕四,太湖片-毗陵小片,,,模,Ø,互,,
QD01,启东吕四,太湖片-毗陵小片,,,模,Ø,护,,
QD01,启东吕四,太湖片-毗陵小片,,,模,Ø,瓠,,
QD01,启东吕四,太湖片-毗陵小片,,,模,Ø,糊,,
QD01,启东吕四,太湖片-毗陵小片,,,模,Ø,乌,,
QD01,启东吕四,太湖片-毗陵小片,,,模,Ø,污,,
QD01,启东吕四,太湖片-毗陵小片,,,模,Ø,坞,,
QD01,启东吕四,太湖片-毗陵小片,,,模,Ø,恶,,
QD01,启东吕四,太湖片-毗陵小片,,,豪,P,褒,,
QD01,启东吕四,太湖片-毗陵小片,,,豪,P,保,,
QD01,启东吕四,太湖片-毗陵小片,,,豪,P,堡,,
QD01,启东吕四,太湖片-毗陵小片,,,豪,P,宝,,
QD01,启东吕四,太湖片-毗陵小片,,,豪,P,报,,
QD01,启东吕四,太湖片-毗陵小片,,,豪,P,袍,,
QD01,启东吕四,太湖片-毗陵小片,,,豪,P,抱,,
QD01,启东吕四,太湖片-毗陵小片,,,豪,P,暴,,
QD01,启东吕四,太湖片-毗陵小片,,,豪,P,菢,,
QD01,启东吕四,太湖片-毗陵小片,,,豪,M,毛,,
QD01,启东吕四,太湖片-毗陵小片,,,豪,M,冒,,
QD01,启东吕四,太湖片-毗陵小片,,,豪,M,帽,,
QD01,启东吕四,太湖片-毗陵小片,,,豪,M,瑁,,
QD01,启东吕四,太湖片-毗陵小片,,,豪,T,刀,,
QD01,启东吕四,太湖片-毗陵小片,,,豪,T,叨,,
QD01,启东吕四,太湖片-毗陵小片,,,豪,T,祷,,
QD01,启东吕四,太湖片-毗陵小片,,,豪,T,岛,,
QD01,启东吕四,太湖片-毗陵小片,,,豪,T,倒,,
QD01,启东吕四,太湖片-毗陵小片,,,豪,T,捣,,
QD01,启东吕四,太湖片-毗陵小片,,,豪,T,到,,
QD01,启东吕四,太湖片-毗陵小片,,,豪,T,倒,,
QD01,启东吕四,太湖片-毗陵小片,,,豪,T,滔,,
QD01,启东吕四,太湖片-毗陵小片,,,豪,T,掏,,
QD01,启东吕四,太湖片-毗陵小片,,,豪,T,讨,,
QD01,启东吕四,太湖片-毗陵小片,,,豪,T,套,,
QD01,启东吕四,太湖片-毗陵小片,,,豪,T,桃,,
QD01,启东吕四,太湖片-毗陵小片,,,豪,T,逃,,
QD01,启东吕四,太湖片-毗陵小片,,,豪,T,淘,,
QD01,启东吕四,太湖片-毗陵小片,,,豪,T,陶,,
QD01,启东吕四,太湖片-毗陵小片,,,豪,T,萄,,
QD01,启东吕四,太湖片-毗陵小片,,,豪,T,涛,,
QD01,启东吕四,太湖片-毗陵小片,,,豪,T,道,,
QD01,启东吕四,太湖片-毗陵小片,,,豪,T,稻,,
QD01,启东吕四,太湖片-毗陵小片,,,豪,T,盗,,
QD01,启东吕四,太湖片-毗陵小片,,,豪,T,导,,
QD01,启东吕四,太湖片-毗陵小片,,,豪,T,蹈,,
QD01,启东吕四,太湖片-毗陵小片,,,豪,N,脑,,
QD01,启东吕四,太湖片-毗陵小片,,,豪,N,恼,,
QD01,启东吕四,太湖片-毗陵小片,,,豪,L,劳,,
QD01,启东吕四,太湖片-毗陵小片,,,豪,L,捞,,
QD01,启东吕四,太湖片-毗陵小片,,,豪,L,唠,,
QD01,启东吕四,太湖片-毗陵小片,,,豪,L,牢,,
QD01,启东吕四,太湖片-毗陵小片,,,豪,L,痨,,
QD01,启东吕四,太湖片-毗陵小片,,,豪,L,老,,
QD01,启东吕四,太湖片-毗陵小片,,,豪,L,佬,,
QD01,启东吕四,太湖片-毗陵小片,,,豪,L,涝,,
QD01,启东吕四,太湖片-毗陵小片,,,豪,TS,遭,,
QD01,启东吕四,太湖片-毗陵小片,,,豪,TS,糟,,
QD01,启东吕四,太湖片-毗陵小片,,,豪,TS,早,,
QD01,启东吕四,太湖片-毗陵小片,,,豪,TS,枣,,
QD01,启东吕四,太湖片-毗陵小片,,,豪,TS,蚤,,
QD01,启东吕四,太湖片-毗陵小片,,,豪,TS,澡,,
QD01,启东吕四,太湖片-毗陵小片,,,豪,TS,藻,,
QD01,启东吕四,太湖片-毗陵小片,,,豪,TS,躁,,
QD01,启东吕四,太湖片-毗陵小片,,,豪,TS,灶,,
QD01,启东吕四,太湖片-毗陵小片,,,豪,TS,操,,
QD01,启东吕四,太湖片-毗陵小片,,,豪,TS,草,,
QD01,启东吕四,太湖片-毗陵小片,,,豪,TS,騲,,
QD01,启东吕四,太湖片-毗陵小片,,,豪,TS,糙,,
QD01,启东吕四,太湖片-毗陵小片,,,豪,TS,曹,,
QD01,启东吕四,太湖片-毗陵小片,,,豪,TS,槽,,
QD01,启东吕四,太湖片-毗陵小片,,,豪,TS,皂,,
QD01,启东吕四,太湖片-毗陵小片,,,豪,TS,造,,
QD01,启东吕四,太湖片-毗陵小片,,,豪,TS,骚,,
QD01,启东吕四,太湖片-毗陵小片,,,豪,TS,臊,,
QD01,启东吕四,太湖片-毗陵小片,,,豪,TS,扫,,
QD01,启东吕四,太湖片-毗陵小片,,,豪,TS,嫂,,
QD01,启东吕四,太湖片-毗陵小片,,,豪,TS,扫,,
QD01,启东吕四,太湖片-毗陵小片,,,豪,TS,燥,,
QD01,启东吕四,太湖片-毗陵小片,,,豪,K,高,,
QD01,启东吕四,太湖片-毗陵小片,,,豪,K,膏,,
QD01,启东吕四,太湖片-毗陵小片,,,豪,K,篙,,
QD01,启东吕四,太湖片-毗陵小片,,,豪,K,羔,,
QD01,启东吕四,太湖片-毗陵小片,,,豪,K,糕,,
QD01,启东吕四,太湖片-毗陵小片,,,豪,K,稿,,
QD01,启东吕四,太湖片-毗陵小片,,,豪,K,告,,
QD01,启东吕四,太湖片-毗陵小片,,,豪,K,膏,,
QD01,启东吕四,太湖片-毗陵小片,,,豪,K,考,,
QD01,启东吕四,太湖片-毗陵小片,,,豪,K,烤,,
QD01,启东吕四,太湖片-毗陵小片,,,豪,K,拷,,
QD01,启东吕四,太湖片-毗陵小片,,,豪,K,靠,,
QD01,启东吕四,太湖片-毗陵小片,,,豪,K,犒,,
QD01,启东吕四,太湖片-毗陵小片,,,豪,K,铐,,
QD01,启东吕四,太湖片-毗陵小片,,,豪,K,㸆,,
QD01,启东吕四,太湖片-毗陵小片,,,豪,K,熬,,
QD01,启东吕四,太湖片-毗陵小片,,,豪,K,敖,,
QD01,启东吕四,太湖片-毗陵小片,,,豪,K,鳌,,
QD01,启东吕四,太湖片-毗陵小片,,,豪,K,傲,,
QD01,启东吕四,太湖片-毗陵小片,,,豪,K,鏊,,
QD01,启东吕四,太湖片-毗陵小片,,,豪,Ø,蒿,,
QD01,启东吕四,太湖片-毗陵小片,,,豪,Ø,薅,,
QD01,启东吕四,太湖片-毗陵小片,,,豪,Ø,好,,
QD01,启东吕四,太湖片-毗陵小片,,,豪,Ø,好,,
QD01,启东吕四,太湖片-毗陵小片,,,豪,Ø,耗,,
QD01,启东吕四,太湖片-毗陵小片,,,豪,Ø,豪,,
QD01,启东吕四,太湖片-毗陵小片,,,豪,Ø,壕,,
QD01,启东吕四,太湖片-毗陵小片,,,豪,Ø,毫,,
QD01,启东吕四,太湖片-毗陵小片,,,豪,Ø,号,,
QD01,启东吕四,太湖片-毗陵小片,,,豪,Ø,蠔,,
QD01,启东吕四,太湖片-毗陵小片,,,豪,Ø,浩,,
QD01,启东吕四,太湖片-毗陵小片,,,豪,Ø,号,,
QD01,启东吕四,太湖片-毗陵小片,,,豪,Ø,爊,,
QD01,启东吕四,太湖片-毗陵小片,,,豪,Ø,袄,,
QD01,启东吕四,太湖片-毗陵小片,,,豪,Ø,懊,,
QD01,启东吕四,太湖片-毗陵小片,,,豪,Ø,奥,,
QD01,启东吕四,太湖片-毗陵小片,,,豪,Ø,懊,,
QD01,启东吕四,太湖片-毗陵小片,,,豪,Ø,澳,,
QD01,启东吕四,太湖片-毗陵小片,,,侯,P,剖,,
QD01,启东吕四,太湖片-毗陵小片,,,侯,M,某,,
QD01,启东吕四,太湖片-毗陵小片,,,侯,M,亩,,
QD01,启东吕四,太湖片-毗陵小片,,,侯,M,牡,,
QD01,启东吕四,太湖片-毗陵小片,,,侯,M,母,,
QD01,启东吕四,太湖片-毗陵小片,,,侯,M,拇,,
QD01,启东吕四,太湖片-毗陵小片,,,侯,M,戊,,
QD01,启东吕四,太湖片-毗陵小片,,,侯,M,茂,,
QD01,启东吕四,太湖片-毗陵小片,,,侯,M,贸,,
QD01,启东吕四,太湖片-毗陵小片,,,侯,T,兜,,
QD01,启东吕四,太湖片-毗陵小片,,,侯,T,斗,,
QD01,启东吕四,太湖片-毗陵小片,,,侯,T,抖,,
QD01,启东吕四,太湖片-毗陵小片,,,侯,T,陡,,
QD01,启东吕四,太湖片-毗陵小片,,,侯,T,蚪,,
QD01,启东吕四,太湖片-毗陵小片,,,侯,T,斗,,
QD01,启东吕四,太湖片-毗陵小片,,,侯,T,偷,,
QD01,启东吕四,太湖片-毗陵小片,,,侯,T,敨,,
QD01,启东吕四,太湖片-毗陵小片,,,侯,T,透,,
QD01,启东吕四,太湖片-毗陵小片,,,侯,T,头,,
QD01,启东吕四,太湖片-毗陵小片,,,侯,T,投,,
QD01,启东吕四,太湖片-毗陵小片,,,侯,T,骰,,
QD01,启东吕四,太湖片-毗陵小片,,,侯,T,豆,,
QD01,启东吕四,太湖片-毗陵小片,,,侯,T,逗,,
QD01,启东吕四,太湖片-毗陵小片,,,侯,T,痘,,
QD01,启东吕四,太湖片-毗陵小片,,,侯,T,脰,,
QD01,启东吕四,太湖片-毗陵小片,,,侯,L,楼,,
QD01,启东吕四,太湖片-毗陵小片,,,侯,L,搂,,
QD01,启东吕四,太湖片-毗陵小片,,,侯,L,耧,,
QD01,启东吕四,太湖片-毗陵小片,,,侯,L,娄,,
QD01,启东吕四,太湖片-毗陵小片,,,侯,L,搂,,
QD01,启东吕四,太湖片-毗陵小片,,,侯,L,篓,,
QD01,启东吕四,太湖片-毗陵小片,,,侯,L,溇,,
QD01,启东吕四,太湖片-毗陵小片,,,侯,L,漏,,
QD01,启东吕四,太湖片-毗陵小片,,,侯,L,陋,,
QD01,启东吕四,太湖片-毗陵小片,,,侯,TS,走,,
QD01,启东吕四,太湖片-毗陵小片,,,侯,TS,奏,,
QD01,启东吕四,太湖片-毗陵小片,,,侯,TS,凑,,
QD01,启东吕四,太湖片-毗陵小片,,,侯,TS,叟,,
QD01,启东吕四,太湖片-毗陵小片,,,侯,TS,嗽,,
QD01,启东吕四,太湖片-毗陵小片,,,侯,K,勾,,
QD01,启东吕四,太湖片-毗陵小片,,,侯,K,钩,,
QD01,启东吕四,太湖片-毗陵小片,,,侯,K,沟,,
QD01,启东吕四,太湖片-毗陵小片,,,侯,K,狗,,
QD01,启东吕四,太湖片-毗陵小片,,,侯,K,苟,,
QD01,启东吕四,太湖片-毗陵小片,,,侯,K,垢,,
QD01,启东吕四,太湖片-毗陵小片,,,侯,K,枸,,
QD01,启东吕四,太湖片-毗陵小片,,,侯,K,彀,,
QD01,启东吕四,太湖片-毗陵小片,,,侯,K,够,,
QD01,启东吕四,太湖片-毗陵小片,,,侯,K,构,,
QD01,启东吕四,太湖片-毗陵小片,,,侯,K,购,,
QD01,启东吕四,太湖片-毗陵小片,,,侯,K,勾,,
QD01,启东吕四,太湖片-毗陵小片,,,侯,K,抠,,
QD01,启东吕四,太湖片-毗陵小片,,,侯,K,眍,,
QD01,启东吕四,太湖片-毗陵小片,,,侯,K,口,,
QD01,启东吕四,太湖片-毗陵小片,,,侯,K,叩,,
QD01,启东吕四,太湖片-毗陵小片,,,侯,K,扣,,
QD01,启东吕四,太湖片-毗陵小片,,,侯,K,寇,,
QD01,启东吕四,太湖片-毗陵小片,,,侯,K,藕,,
QD01,启东吕四,太湖片-毗陵小片,,,侯,K,偶,,
QD01,启东吕四,太湖片-毗陵小片,,,侯,K,偶,,
QD01,启东吕四,太湖片-毗陵小片,,,侯,Ø,吼,,
QD01,启东吕四,太湖片-毗陵小片,,,侯,Ø,侯,,
QD01,启东吕四,太湖片-毗陵小片,,,侯,Ø,喉,,
QD01,启东吕四,太湖片-毗陵小片,,,侯,Ø,猴,,
QD01,启东吕四,太湖片-毗陵小片,,,侯,Ø,瘊,,
QD01,启东吕四,太湖片-毗陵小片,,,侯,Ø,後,,
QD01,启东吕四,太湖片-毗陵小片,,,侯,Ø,厚,,
QD01,启东吕四,太湖片-毗陵小片,,,侯,Ø,后,,
QD01,启东吕四,太湖片-毗陵小片,,,侯,Ø,候,,
QD01,启东吕四,太湖片-毗陵小片,,,侯,Ø,鲎,,
QD01,启东吕四,太湖片-毗陵小片,,,侯,Ø,欧,,
QD01,启东吕四,太湖片-毗陵小片,,,侯,Ø,瓯,,
QD01,启东吕四,太湖片-毗陵小片,,,侯,Ø,区,,
QD01,启东吕四,太湖片-毗陵小片,,,侯,Ø,鸥,,
QD01,启东吕四,太湖片-毗陵小片,,,侯,Ø,呕,,
QD01,启东吕四,太湖片-毗陵小片,,,侯,Ø,殴,,
QD01,启东吕四,太湖片-毗陵小片,,,侯,Ø,沤,,
QD01,启东吕四,太湖片-毗陵小片,,,侯,Ø,怄,,
QD01,启东吕四,太湖片-毗陵小片,,,蟹,P,拜,,
QD01,启东吕四,太湖片-毗陵小片,,,蟹,P,排,,
QD01,启东吕四,太湖片-毗陵小片,,,蟹,P,�,,
QD01,启东吕四,太湖片-毗陵小片,,,蟹,M,埋,,
QD01,启东吕四,太湖片-毗陵小片,,,蟹,L,攋,,
QD01,启东吕四,太湖片-毗陵小片,,,蟹,TS*,䍉,,
QD01,启东吕四,太湖片-毗陵小片,,,蟹,TS*,箉,,
QD01,启东吕四,太湖片-毗陵小片,,,蟹,TS*,斋,,
QD01,启东吕四,太湖片-毗陵小片,,,蟹,TS*,豺,,
QD01,启东吕四,太湖片-毗陵小片,,,蟹,K,皆,,
QD01,启东吕四,太湖片-毗陵小片,,,蟹,K,阶,,
QD01,启东吕四,太湖片-毗陵小片,,,蟹,K,稭,,
QD01,启东吕四,太湖片-毗陵小片,,,蟹,K,偕,,
QD01,启东吕四,太湖片-毗陵小片,,,蟹,K,介,,
QD01,启东吕四,太湖片-毗陵小片,,,蟹,K,界,,
QD01,启东吕四,太湖片-毗陵小片,,,蟹,K,芥,,
QD01,启东吕四,太湖片-毗陵小片,,,蟹,K,尬,,
QD01,启东吕四,太湖片-毗陵小片,,,蟹,K,疥,,
QD01,启东吕四,太湖片-毗陵小片,,,蟹,K,届,,
QD01,启东吕四,太湖片-毗陵小片,,,蟹,K,戒,,
QD01,启东吕四,太湖片-毗陵小片,,,蟹,K,庎,,
QD01,启东吕四,太湖片-毗陵小片,,,蟹,K,揩,,
QD01,启东吕四,太湖片-毗陵小片,,,蟹,K,楷,,
QD01,启东吕四,太湖片-毗陵小片,,,蟹,Ø,谐,,
QD01,启东吕四,太湖片-毗陵小片,,,蟹,Ø,骇,,
QD01,启东吕四,太湖片-毗陵小片,,,蟹,Ø,械,,
QD01,启东吕四,太湖片-毗陵小片,,,蟹,Ø,挨,,
QD01,启东吕四,太湖片-毗陵小片,,,蟹,P,摆,,
QD01,启东吕四,太湖片-毗陵小片,,,蟹,P,派,,
QD01,启东吕四,太湖片-毗陵小片,,,蟹,P,牌,,
QD01,启东吕四,太湖片-毗陵小片,,,蟹,P,簰,,
QD01,启东吕四,太湖片-毗陵小片,,,蟹,P,罢,,
QD01,启东吕四,太湖片-毗陵小片,,,蟹,P,稗,,
QD01,启东吕四,太湖片-毗陵小片,,,蟹,M,买,,
QD01,启东吕四,太湖片-毗陵小片,,,蟹,M,卖,,
QD01,启东吕四,太湖片-毗陵小片,,,蟹,N,奶,,
QD01,启东吕四,太湖片-毗陵小片,,,蟹,TS*,债,,
QD01,启东吕四,太湖片-毗陵小片,,,蟹,TS*,钗,,
QD01,启东吕四,太湖片-毗陵小片,,,蟹,TS*,差,,
QD01,启东吕四,太湖片-毗陵小片,,,蟹,TS*,柴,,
QD01,启东吕四,太湖片-毗陵小片,,,蟹,TS*,筛,,
QD01,启东吕四,太湖片-毗陵小片,,,蟹,TS*,洒,,
QD01,启东吕四,太湖片-毗陵小片,,,蟹,TS*,晒,,
QD01,启东吕四,太湖片-毗陵小片,,,蟹,K,佳,,
QD01,启东吕四,太湖片-毗陵小片,,,蟹,K,街,,
QD01,启东吕四,太湖片-毗陵小片,,,蟹,K,解,,
QD01,启东吕四,太湖片-毗陵小片,,,蟹,K,懈,,
QD01,启东吕四,太湖片-毗陵小片,,,蟹,K,涯,,
QD01,启东吕四,太湖片-毗陵小片,,,蟹,K,崖,,
QD01,启东吕四,太湖片-毗陵小片,,,蟹,K,捱,,
QD01,启东吕四,太湖片-毗陵小片,,,蟹,Ø,鞋,,
QD01,启东吕四,太湖片-毗陵小片,,,蟹,Ø,解,,
QD01,启东吕四,太湖片-毗陵小片,,,蟹,Ø,解,,
QD01,启东吕四,太湖片-毗陵小片,,,蟹,Ø,蟹,,
QD01,启东吕四,太湖片-毗陵小片,,,蟹,Ø,矮,,
QD01,启东吕四,太湖片-毗陵小片,,,蟹,Ø,隘,,
