point_id,point_name,subbranch,core_slots,monophthong_values,monophthong_value_size,monophthong_token_count,monophthong_nuclei,monophthong_nucleus_size,monophthong_nucleus_counts,back_monophthong_values,back_monophthong_value_size,back_monophthong_token_count,back_monophthong_nuclei,back_monophthong_nucleus_size,back_monophthong_nucleus_counts,s4_slot_in_data,s4_rhyme_in_data,s4_initial,s4_value_counts,s4_total_token_count,s4_monophthong_token_count,s4_monophthong_token_share,s4_dominant_value,s4_dominant_value_class,s4_dominant_nucleus,s4_dominant_nucleus_category,s4_dominant_token_count,s4_dominant_token_share,s4_status,s4_monophthong_values,s4_monophthong_nuclei,s4_back_monophthong_nuclei,s4_diphthong_or_glide_values,s4_other_values,s4_monophthong_nuclei_in_core,s4_monophthong_nuclei_in_core_back,s4_monophthong_nuclei_not_in_core,s4_core_relation,s4_map_category,s4_has_monophthong,s4_monophthong_only,s4_half_or_more_monophthong,hao_status,hao_monophthong_token_share,hao_dominant_value,hao_core_relation,s5_has_monophthong,s5_monophthong_only,s0s1_merge_mean,s0s1_merge_median,s1s2_merge_mean,s2s3_merge_mean,onset_condition_count
AJ01,安吉安城,太湖片-苕溪小片,S0+S1+S2+S3,"a, e, u, ɔ, ɷ",5,295,"a, e, u, ɔ, ɷ",5,"u(126), ɷ(98), a(69), e(1), ɔ(1)","u, ɔ, ɷ",3,225,"u, ɔ, ɷ",3,"u(126), ɷ(98), ɔ(1)",S4,侯,*əu,"e(60), u(3), ɷ(1), a(1)",65,65,1.0,e,monophthong,e,e_like,60,0.9230769230769231,monophthong_only,"a, e, u, ɷ","a, e, u, ɷ","u, ɷ",,,"a, e, u, ɷ","u, ɷ",,all_s4_mono_in_core_inventory,e类单音化,True,True,True,monophthong_only,1.0,ɔ,all_hao_mono_in_core_back_inventory,True,True,0.31321666666666664,0.23335,0.29963333333333336,0.39212857142857144,7.0
BL01,北仑城关,太湖片-甬江小片,S0+S1+S2+S3,"a, e, o, u, ɛ",5,208,"a, e, o, u, ɛ",5,"u(103), o(54), a(44), e(6), ɛ(1)","o, u",2,157,"o, u",2,"u(103), o(54)",S4,侯,*əu,"øy(60), au(2), m(2), ŋ(1), øyɔ(1), ɔ(1)",67,1,0.014925373134328358,øy,diphthong_or_glide,,,60,0.8955223880597015,mixed_with_other,ɔ,ɔ,ɔ,"au, øy, øyɔ","m, ŋ",,,ɔ,s4_mono_outside_core_inventory,混合,True,False,False,monophthong_only,1.0,ɔ,partial_hao_mono_in_core_inventory,True,True,0.01988,0.0,0.02172,0.13595714285714286,7.0
BS01,宝山,太湖片-苏沪嘉小片,S0+S1+S2+S3,"o, u, ᴀ, ᴇ",4,277,"o, u, ᴀ, ᴇ",4,"u(184), ᴀ(54), o(35), ᴇ(4)","o, u",2,219,"o, u",2,"u(184), o(35)",S4,侯,*əu,"ɤe(35), ɤ(10), u(5), ɔ(2), ᴇ(1)",53,18,0.33962264150943394,ɤe,diphthong_or_glide,,,35,0.660377358490566,mixed_mono_and_diphthong,"u, ɔ, ɤ, ᴇ","u, ɔ, ɤ, ᴇ","u, ɔ, ɤ",ɤe,,"u, ᴇ",u,"ɔ, ɤ",partial_s4_mono_in_core_inventory,混合,True,False,False,monophthong_only,1.0,ɔ,hao_mono_outside_core_inventory,True,True,0.12371666666666666,0.0089,0.0,0.5871142857142857,7.0
CM01,崇明城关,太湖片-苏沪嘉小片,S0+S1+S2+S3,"i, o, u, æ, ɑ, ɔ, ɛ",7,323,"i, o, u, æ, ɑ, ɔ, ɛ",7,"u(207), ɑ(60), o(48), ɛ(5), i(1), æ(1), ɔ(1)","o, u, ɑ, ɔ",4,316,"o, u, ɑ, ɔ",4,"u(207), ɑ(60), o(48), ɔ(1)",S4,侯,*əu,"ɵ(67), u(3), ɛ(1)",71,71,1.0,ɵ,monophthong,ɵ,front_rounded,67,0.9436619718309859,monophthong_only,"u, ɛ, ɵ","u, ɛ, ɵ",u,,,"u, ɛ",u,ɵ,partial_s4_mono_in_core_inventory,ø/ɵ/y类单音化,True,True,True,monophthong_only,1.0,ɔ,all_hao_mono_in_core_back_inventory,True,True,0.12708333333333333,0.0367,0.0,0.6800428571428572,7.0
CS01,川沙浦东,太湖片-苏沪嘉小片,S0+S1+S2+S3,"o, u, ɔ, ɛ, ɤ, ᴀ",6,294,"o, u, ɔ, ɛ, ɤ, ᴀ",6,"u(200), ᴀ(63), o(18), ɔ(11), ɤ(1), ɛ(1)","o, u, ɔ, ɤ",4,230,"o, u, ɔ, ɤ",4,"u(200), o(18), ɔ(11), ɤ(1)",S4,侯,*əu,"ɤ(61), u(3), e(1), ɔ(1)",66,66,1.0,ɤ,monophthong,ɤ,back_unrounded,61,0.9242424242424242,monophthong_only,"e, u, ɔ, ɤ","e, u, ɔ, ɤ","u, ɔ, ɤ",,,"u, ɔ, ɤ","u, ɔ, ɤ",e,partial_s4_mono_in_core_inventory,ɤ/ɯ类单音化,True,True,True,monophthong_only,1.0,ɔ,all_hao_mono_in_core_back_inventory,True,True,0.14063333333333333,0.0089,0.0,0.6416000000000001,7.0
CS02,常熟虞山镇,太湖片-苏沪嘉小片,S0+S1+S2+S3,"i, u, ɛ, ɯ, ᴀ",5,268,"i, u, ɛ, ɯ, ᴀ",5,"ɯ(113), u(105), ᴀ(47), ɛ(2), i(1)","u, ɯ",2,218,"u, ɯ",2,"ɯ(113), u(105)",S4,侯,*əu,"ᴇ(52), u(3)",55,55,1.0,ᴇ,monophthong,ᴇ,e_like,52,0.9454545454545454,monophthong_only,"u, ᴇ","u, ᴇ",u,,,u,u,ᴇ,partial_s4_mono_in_core_inventory,e类单音化,True,True,True,monophthong_only,1.0,ɔ,hao_mono_outside_core_inventory,True,True,0.12006666666666667,0.013049999999999999,0.19838333333333333,0.4174428571428571,7.0
CX01,慈溪逍林,太湖片-临绍小片,S0+S1+S2+S3,"a, e, o, u, ø",5,197,"a, e, o, u, ø",5,"u(91), o(62), a(42), ø(1), e(1)","o, u",2,153,"o, u",2,"u(91), o(62)",S4,侯,*əu,"ø(49), ou(2), u(1), ɔ(1), iø(1)",54,51,0.9444444444444444,ø,monophthong,ø,front_rounded,49,0.9074074074074074,mixed_mono_and_diphthong,"u, ø, ɔ","u, ø, ɔ","u, ɔ","iø, ou",,"u, ø",u,ɔ,partial_s4_mono_in_core_inventory,混合,True,False,True,monophthong_only,1.0,ɔ,hao_mono_outside_core_inventory,True,True,0.09190000000000001,0.1212,0.06061999999999999,0.14851428571428574,7.0
CZ01,常州,太湖片-毗陵小片,S0+S1+S2+S3,"a, o, u",3,201,"a, o, u",3,"u(99), o(59), a(43)","o, u",2,158,"o, u",2,"u(99), o(59)",S4,侯,*əu,"ei(59), ɤɯ(3), m(1), eu(1)",64,0,0.0,ei,diphthong_or_glide,,,59,0.921875,mixed_with_other,,,,"ei, eu, ɤɯ",m,,,,no_s4_monophthong,混合,False,False,False,diphthong_or_glide_only,0.0,aɤ,no_hao_monophthong,False,False,0.0914,0.1007,0.03333333333333333,0.09581428571428571,7.0
DB01,郎溪梅渚镇定埠,太湖片-毗陵小片,S0+S1+S2+S3,"a, u, ɑ, ɷ, ᴇ",5,278,"a, u, ɑ, ɷ, ᴇ",5,"ɷ(103), u(73), ɑ(66), ᴇ(35), a(1)","u, ɑ, ɷ",3,242,"u, ɑ, ɷ",3,"ɷ(103), u(73), ɑ(66)",S4,侯,*əu,"ɯ(31), y(15), ɷ(4), ɤɪ(3), ɔ(2), əʔ(1), u(1)",57,53,0.9298245614035088,ɯ,monophthong,ɯ,back_unrounded,31,0.543859649122807,mixed_with_other,"u, y, ɔ, ɯ, ɷ","u, y, ɔ, ɯ, ɷ","u, ɔ, ɯ, ɷ",ɤɪ,əʔ,"u, ɷ","u, ɷ","y, ɔ, ɯ",partial_s4_mono_in_core_inventory,混合,True,False,True,monophthong_only,1.0,ɔ,hao_mono_outside_core_inventory,True,True,0.0584,0.01865,0.018516666666666667,0.20918571428571428,7.0
DQ01,德清乾元,太湖片-苕溪小片,S0+S1+S2+S3,"a, u, ɔ, ᴇ",4,307,"a, u, ɔ, ᴇ",4,"u(199), a(56), ɔ(49), ᴇ(3)","u, ɔ",2,248,"u, ɔ",2,"u(199), ɔ(49)",S4,侯,*əu,"ø(57), u(3), y(3)",63,63,1.0,ø,monophthong,ø,front_rounded,57,0.9047619047619048,monophthong_only,"u, y, ø","u, y, ø",u,,,u,u,"y, ø",partial_s4_mono_in_core_inventory,ø/ɵ/y类单音化,True,True,True,monophthong_only,1.0,ɔ,all_hao_mono_in_core_back_inventory,True,True,0.15096666666666667,0.028699999999999996,0.03601666666666667,0.6846428571428572,7.0
DY01,丹阳,太湖片-毗陵小片,S0+S1+S2+S3,"u, æ, ɑ, ɔ, ə",5,284,"u, æ, ɑ, ɔ, ə",5,"ə(101), u(101), ɑ(65), æ(16), ɔ(1)","u, ɑ, ɔ",3,167,"u, ɑ, ɔ",3,"u(101), ɑ(65), ɔ(1)",S4,侯,*əu,"e(56), ə(4), u(1)",61,61,1.0,e,monophthong,e,e_like,56,0.9180327868852459,monophthong_only,"e, u, ə","e, u, ə",u,,,"u, ə",u,e,partial_s4_mono_in_core_inventory,e类单音化,True,True,True,monophthong_only,1.0,ɔ,all_hao_mono_in_core_back_inventory,True,True,0.2489,0.261,0.018516666666666667,0.11849999999999998,7.0
FH01,奉化西坞,太湖片-甬江小片,S0+S1+S2+S3,"a, o, u, y, ɛ",5,204,"a, o, u, y, ɛ",5,"u(100), o(61), a(38), y(4), ɛ(1)","o, u",2,161,"o, u",2,"u(100), o(61)",S4,侯,*əu,"ɛi(28), əu(13), ou(1)",42,0,0.0,ɛi,diphthong_or_glide,,,28,0.6666666666666666,diphthong_or_glide_only,,,,"ou, əu, ɛi",,,,,no_s4_monophthong,未单音化,False,False,False,monophthong_only,1.0,ɜ,hao_mono_outside_core_inventory,True,True,0.05474,0.0435,0.07386,0.033985714285714286,7.0
FJ01,枫泾镇,太湖片-苏沪嘉小片,S0+S1+S2+S3,"o, u, ɔ, ɛ, ɤ, ᴀ",6,212,"o, u, ɔ, ɛ, ɤ, ᴀ",6,"u(115), ᴀ(56), o(36), ɔ(2), ɛ(2), ɤ(1)","o, u, ɔ, ɤ",4,154,"o, u, ɔ, ɤ",4,"u(115), o(36), ɔ(2), ɤ(1)",S4,侯,*əu,ɤ(48),48,48,1.0,ɤ,monophthong,ɤ,back_unrounded,48,1.0,monophthong_only,ɤ,ɤ,ɤ,,,ɤ,ɤ,,all_s4_mono_in_core_back_inventory,ɤ/ɯ类单音化,True,True,True,monophthong_only,1.0,ɔ,partial_hao_mono_in_core_inventory,True,True,0.20345,0.1213,0.0,0.43311428571428573,7.0
FX01,奉贤,太湖片-苏沪嘉小片,S0+S1+S2+S3,"e, i, o, u, ɑ, ɔ, ɯ",7,276,"e, i, o, u, ɑ, ɔ, ɯ",7,"u(165), ɑ(56), o(46), ɔ(6), i(1), ɯ(1), e(1)","o, u, ɑ, ɔ, ɯ",5,274,"o, u, ɑ, ɔ, ɯ",5,"u(165), ɑ(56), o(46), ɔ(6), ɯ(1)",S4,侯,*əu,"ɯ(49), u(3)",52,52,1.0,ɯ,monophthong,ɯ,back_unrounded,49,0.9423076923076923,monophthong_only,"u, ɯ","u, ɯ","u, ɯ",,,"u, ɯ","u, ɯ",,all_s4_mono_in_core_back_inventory,ɤ/ɯ类单音化,True,True,True,monophthong_only,1.0,ɔ,all_hao_mono_in_core_back_inventory,True,True,0.18364999999999998,0.12715,0.09999999999999999,0.5435,7.0
FY01,富阳城关,太湖片-临绍小片,S0+S1+S2+S3,"a, i, o, u, ɛ, ʊ",6,325,"a, i, o, u, ɛ, ʊ",6,"ʊ(108), u(97), o(66), a(52), i(1), ɛ(1)","o, u, ʊ",3,271,"o, u, ʊ",3,"ʊ(108), u(97), o(66)",S4,侯,*əu,"ei(28), iʊ(17), o(3), ɔ(3), m(2), ɛ(1), ʊ(1)",55,8,0.14545454545454545,ei,diphthong_or_glide,,,28,0.509090909090909,mixed_with_other,"o, ɔ, ɛ, ʊ","o, ɔ, ɛ, ʊ","o, ɔ, ʊ","ei, iʊ",m,"o, ɛ, ʊ","o, ʊ",ɔ,partial_s4_mono_in_core_inventory,混合,True,False,False,monophthong_only,1.0,ɔ,partial_hao_mono_in_core_inventory,True,True,0.14554999999999998,0.08535,0.0462,0.5247285714285714,7.0
FY02,富阳东梓关,太湖片-临绍小片,S0+S1+S2+S3,"a, o, u, ɔ, ɛ",5,227,"a, o, u, ɔ, ɛ",5,"u(182), a(40), ɛ(3), ɔ(1), o(1)","o, u, ɔ",3,184,"o, u, ɔ",3,"u(182), ɔ(1), o(1)",S4,侯,*əu,"ɵ(37), iɵ(13), u(2), ɔ(2)",54,41,0.7592592592592593,ɵ,monophthong,ɵ,front_rounded,37,0.6851851851851852,mixed_mono_and_diphthong,"u, ɔ, ɵ","u, ɔ, ɵ","u, ɔ",iɵ,,"u, ɔ","u, ɔ",ɵ,partial_s4_mono_in_core_inventory,混合,True,False,True,monophthong_only,1.0,ɔ,all_hao_mono_in_core_back_inventory,True,True,0.23045000000000002,0.07505,0.01505,0.5520714285714285,7.0
HM01,海门镇沙地话,太湖片-苏沪嘉小片,S0+S1+S2+S3,"o, u, ɑ, ɛ",4,327,"o, u, ɑ, ɛ",4,"u(206), ɑ(67), o(44), ɛ(10)","o, u, ɑ",3,317,"o, u, ɑ",3,"u(206), ɑ(67), o(44)",S4,侯,*əu,"əu(62), u(3), ɔ(1)",66,4,0.06060606060606061,əu,diphthong_or_glide,,,62,0.9393939393939394,mixed_mono_and_diphthong,"u, ɔ","u, ɔ","u, ɔ",əu,,u,u,ɔ,partial_s4_mono_in_core_inventory,混合,True,False,False,monophthong_only,1.0,ɔ,hao_mono_outside_core_inventory,True,True,0.30493333333333333,0.1096,0.04792,0.6867166666666668,7.0
HN01,海宁城关,太湖片-苏沪嘉小片,S0+S1+S2+S3,"a, o, u",3,261,"a, o, u",3,"u(161), a(51), o(49)","o, u",2,210,"o, u",2,"u(161), o(49)",S4,侯,*əu,"ɤɯ(56), u(3), m(1)",60,3,0.05,ɤɯ,diphthong_or_glide,,,56,0.9333333333333333,mixed_with_other,u,u,u,ɤɯ,m,u,u,,all_s4_mono_in_core_back_inventory,混合,True,False,False,monophthong_only,1.0,ɔ,hao_mono_outside_core_inventory,True,True,0.14703333333333332,0.07894999999999999,0.03125,0.45711428571428575,7.0
HY01,海盐县城,太湖片-苏沪嘉小片,S0+S1+S2+S3,"e, o, u, ɑ, ɛ, ɤ",6,285,"e, o, u, ɑ, ɛ, ɤ",6,"u(170), o(58), ɑ(54), e(1), ɤ(1), ɛ(1)","o, u, ɑ, ɤ",4,283,"o, u, ɑ, ɤ",4,"u(170), o(58), ɑ(54), ɤ(1)",S4,侯,*əu,"e(44), u(1)",45,45,1.0,e,monophthong,e,e_like,44,0.9777777777777777,monophthong_only,"e, u","e, u",u,,,"e, u",u,,all_s4_mono_in_core_inventory,e类单音化,True,True,True,monophthong_only,1.0,ɔ,hao_mono_outside_core_inventory,True,True,0.20820000000000002,0.0869,0.12603333333333333,0.5096428571428572,7.0
HZ01,杭州城区,太湖片-杭州小片,S0+S1+S2+S3,"a, o, u, ɛ",4,245,"a, o, u, ɛ",4,"u(98), o(89), a(42), ɛ(16)","o, u",2,187,"o, u",2,"u(98), o(89)",S4,侯,*əu,"ei(51), o(3), u(1)",55,4,0.07272727272727272,ei,diphthong_or_glide,,,51,0.9272727272727272,mixed_mono_and_diphthong,"o, u","o, u","o, u",ei,,"o, u","o, u",,all_s4_mono_in_core_back_inventory,混合,True,False,False,monophthong_only,1.0,ɔ,hao_mono_outside_core_inventory,True,True,0.3148,0.36495,0.05576666666666666,0.42847142857142856,7.0
HZ01,湖州市区,太湖片-苕溪小片,S0+S1+S2+S3,"a, e, u, ɷ",4,151,"a, e, u, ɷ",4,"a(55), ɷ(49), u(46), e(1)","u, ɷ",2,95,"u, ɷ",2,"ɷ(49), u(46)",S4,侯,*əu,"øʉ(47), e(6), iʉ(5), u(3)",61,9,0.14754098360655737,øʉ,diphthong_or_glide,,,47,0.7704918032786885,mixed_mono_and_diphthong,"e, u","e, u",u,"iʉ, øʉ",,"e, u",u,,all_s4_mono_in_core_inventory,混合,True,False,False,monophthong_only,1.0,ɔ,hao_mono_outside_core_inventory,True,True,,,,,
JD01,嘉定城关,太湖片-苏沪嘉小片,S0+S1+S2+S3,"o, u, ø, ᴀ, ᴇ",5,316,"o, u, ø, ᴀ, ᴇ",5,"u(206), ᴀ(57), o(50), ᴇ(2), ø(1)","o, u",2,256,"o, u",2,"u(206), o(50)",S4,侯,*əu,"ø(53), iɪ(6), u(3), ɔ(1), y(1)",64,58,0.90625,ø,monophthong,ø,front_rounded,53,0.828125,mixed_mono_and_diphthong,"u, y, ø, ɔ","u, y, ø, ɔ","u, ɔ",iɪ,,"u, ø",u,"y, ɔ",partial_s4_mono_in_core_inventory,混合,True,False,True,monophthong_only,1.0,ɔ,hao_mono_outside_core_inventory,True,True,,,,,
JJ01,靖江城区,太湖片-毗陵小片,S0+S1+S2+S3,"o, u, æ, ɑ",4,115,"o, u, æ, ɑ",4,"u(55), æ(30), o(25), ɑ(5)","o, u, ɑ",3,85,"o, u, ɑ",3,"u(55), o(25), ɑ(5)",S4,侯,*əu,"øɤ(20), ʌɤ(12), e(1), ɒ(1)",34,2,0.058823529411764705,øɤ,diphthong_or_glide,,,20,0.5882352941176471,mixed_mono_and_diphthong,"e, ɒ","e, ɒ",ɒ,"øɤ, ʌɤ",,,,"e, ɒ",s4_mono_outside_core_inventory,混合,True,False,False,monophthong_only,1.0,ɒ,hao_mono_outside_core_inventory,True,True,0.024733333333333333,0.0,0.009266666666666666,0.10571428571428572,7.0
JS01,嘉善魏塘镇,太湖片-苏沪嘉小片,S0+S1+S2+S3,"a, i, o, u, ɔ, ɤ, ᴇ",7,345,"a, i, o, u, ɔ, ɤ, ᴇ",7,"u(208), a(73), o(55), ᴇ(5), ɤ(2), i(1), ɔ(1)","o, u, ɔ, ɤ",4,266,"o, u, ɔ, ɤ",4,"u(208), o(55), ɤ(2), ɔ(1)",S4,侯,*əu,"ɤ(63), u(3)",66,66,1.0,ɤ,monophthong,ɤ,back_unrounded,63,0.9545454545454546,monophthong_only,"u, ɤ","u, ɤ","u, ɤ",,,"u, ɤ","u, ɤ",,all_s4_mono_in_core_back_inventory,ɤ/ɯ类单音化,True,True,True,monophthong_only,1.0,ɔ,all_hao_mono_in_core_back_inventory,True,True,0.2688,0.1981,0.018516666666666667,0.6898428571428571,7.0
JS02,金山,太湖片-苏沪嘉小片,S0+S1+S2+S3,"i, o, u, ɑ, ɔ, ɛ, ɤ, ᴀ",8,278,"i, o, u, ɑ, ɔ, ɛ, ɤ, ᴀ",8,"u(165), ᴀ(57), o(48), ɔ(3), ɛ(2), i(1), ɤ(1), ɑ(1)","o, u, ɑ, ɔ, ɤ",5,218,"o, u, ɑ, ɔ, ɤ",5,"u(165), o(48), ɔ(3), ɤ(1), ɑ(1)",S4,侯,*əu,"ɤ(49), o(2), u(1)",52,52,1.0,ɤ,monophthong,ɤ,back_unrounded,49,0.9423076923076923,monophthong_only,"o, u, ɤ","o, u, ɤ","o, u, ɤ",,,"o, u, ɤ","o, u, ɤ",,all_s4_mono_in_core_back_inventory,ɤ/ɯ类单音化,True,True,True,monophthong_only,1.0,ɔ,all_hao_mono_in_core_back_inventory,True,True,0.19131666666666666,0.13845,0.10396666666666667,0.5311714285714285,7.0
JT01,金坛,太湖片-毗陵小片,S0+S1+S2+S3,"a, o, u",3,223,"a, o, u",3,"u(115), o(69), a(39)","o, u",2,184,"o, u",2,"u(115), o(69)",S4,侯,*əu,"ei(58), əu(6), ao(2), u(1)",67,1,0.014925373134328358,ei,diphthong_or_glide,,,58,0.8656716417910447,mixed_mono_and_diphthong,u,u,u,"ao, ei, əu",,u,u,,all_s4_mono_in_core_back_inventory,混合,True,False,False,diphthong_or_glide_only,0.0,ao,no_hao_monophthong,False,False,0.08981666666666666,0.059800000000000006,0.04850000000000001,0.12081428571428572,7.0
JX01,嘉兴城区,太湖片-苏沪嘉小片,S0+S1+S2+S3,"e, o, u, ɑ, ɛ",5,264,"e, o, u, ɑ, ɛ",5,"u(169), ɑ(49), o(42), ɛ(3), e(1)","o, u, ɑ",3,260,"o, u, ɑ",3,"u(169), ɑ(49), o(42)",S4,侯,*əu,"e(50), u(3), o(1)",54,54,1.0,e,monophthong,e,e_like,50,0.9259259259259259,monophthong_only,"e, o, u","e, o, u","o, u",,,"e, o, u","o, u",,all_s4_mono_in_core_inventory,e类单音化,True,True,True,monophthong_only,1.0,ɔ,hao_mono_outside_core_inventory,True,True,0.14864,0.0985,0.0,0.45461428571428575,7.0
JY01,江阴城区澄江镇,太湖片-毗陵小片,S0+S1+S2+S3,"a, o, u, æ, ɒ",5,192,"a, o, u, æ, ɒ",5,"u(79), o(48), a(32), æ(32), ɒ(1)","o, u, ɒ",3,128,"o, u, ɒ",3,"u(79), o(48), ɒ(1)",S4,侯,*əu,"ei(59), əɯ(9), ɒ(2), u(1)",71,3,0.04225352112676056,ei,diphthong_or_glide,,,59,0.8309859154929577,mixed_mono_and_diphthong,"u, ɒ","u, ɒ","u, ɒ","ei, əɯ",,"u, ɒ","u, ɒ",,all_s4_mono_in_core_back_inventory,混合,True,False,False,monophthong_only,1.0,ɒ,all_hao_mono_in_core_back_inventory,True,True,0.055799999999999995,0.0,0.006166666666666667,0.48938571428571426,7.0
KQ01,柯桥城关,太湖片-临绍小片,S0+S1+S2+S3,"a, e, o, u, y, ɒ",6,369,"a, e, o, u, y, ɒ",6,"o(165), u(142), a(57), y(2), e(2), ɒ(1)","o, u, ɒ",3,308,"o, u, ɒ",3,"o(165), u(142), ɒ(1)",S4,侯,*əu,"ɤ(50), iɤ(17), o(3), u(2)",72,55,0.7638888888888888,ɤ,monophthong,ɤ,back_unrounded,50,0.6944444444444444,mixed_mono_and_diphthong,"o, u, ɤ","o, u, ɤ","o, u, ɤ",iɤ,,"o, u","o, u",ɤ,partial_s4_mono_in_core_inventory,混合,True,False,True,monophthong_only,1.0,ɒ,all_hao_mono_in_core_inventory,True,True,0.15416666666666667,0.1018,0.6925166666666667,0.11801428571428571,7.0
KS01,昆山市区玉山镇,太湖片-苏沪嘉小片,S0+S1+S2+S3,"a, o, u, ɛ",4,141,"a, o, u, ɛ",4,"o(61), a(50), u(27), ɛ(3)","o, u",2,88,"o, u",2,"o(61), u(27)",S4,侯,*əu,"ei(58), o(2), m(1)",61,2,0.03278688524590164,ei,diphthong_or_glide,,,58,0.9508196721311475,mixed_with_other,o,o,o,ei,m,o,o,,all_s4_mono_in_core_back_inventory,混合,True,False,False,monophthong_only,1.0,ɔ,hao_mono_outside_core_inventory,True,True,0.13518333333333332,0.07705000000000001,0.11041666666666666,0.6624285714285714,7.0
LP01,临平五杭,太湖片-苕溪小片,S0+S1+S2+S3,"a, o, oŋ, u, y, ɛ",6,262,"a, o, u, y, ɛ",5,"u(187), a(53), o(20), y(1), ɛ(1)","o, oŋ, u",3,207,"o, u",2,"u(187), o(20)",S4,侯,*əu,"ø(49), u(5), ɔ(2), m(1), i(1)",58,57,0.9827586206896551,ø,monophthong,ø,front_rounded,49,0.8448275862068966,mixed_with_other,"i, u, ø, ɔ","i, u, ø, ɔ","u, ɔ",,m,u,u,"i, ø, ɔ",partial_s4_mono_in_core_inventory,混合,True,False,True,monophthong_only,1.0,ɔ,hao_mono_outside_core_inventory,True,True,0.16951666666666668,0.0926,0.009266666666666666,0.5834714285714285,7.0
LY01,溧阳,太湖片-毗陵小片,S0+S1+S2+S3,"o, u, ɔ, ᴀ",4,107,"o, u, ɔ, ᴀ",4,"u(46), ᴀ(30), o(30), ɔ(1)","o, u, ɔ",3,77,"o, u, ɔ",3,"u(46), o(30), ɔ(1)",S4,侯,*əu,"ei(23), i(6), ʌɯ(5)",34,6,0.17647058823529413,ei,diphthong_or_glide,,,23,0.6764705882352942,mixed_mono_and_diphthong,i,i,,"ei, ʌɯ",,,,i,s4_mono_outside_core_inventory,混合,True,False,False,diphthong_or_glide_only,0.0,ɑɤ,no_hao_monophthong,False,False,0.025666666666666667,0.0,0.0,0.028571428571428574,7.0
MH01,闵行,太湖片-苏沪嘉小片,S0+S1+S2+S3,"a, o, u, ɑ, ɔ, ɛ, ɤ",7,254,"a, o, u, ɑ, ɔ, ɛ, ɤ",7,"u(164), a(46), o(36), ɔ(4), ɛ(2), ɤ(1), ɑ(1)","o, u, ɑ, ɔ, ɤ",5,206,"o, u, ɑ, ɔ, ɤ",5,"u(164), o(36), ɔ(4), ɤ(1), ɑ(1)",S4,侯,*əu,"ɤ(49), u(2), ɔ(2)",53,53,1.0,ɤ,monophthong,ɤ,back_unrounded,49,0.9245283018867925,monophthong_only,"u, ɔ, ɤ","u, ɔ, ɤ","u, ɔ, ɤ",,,"u, ɔ, ɤ","u, ɔ, ɤ",,all_s4_mono_in_core_back_inventory,ɤ/ɯ类单音化,True,True,True,monophthong_only,1.0,ɔ,all_hao_mono_in_core_back_inventory,True,True,0.11385,0.04145,0.09999999999999999,0.5132714285714286,7.0
NB01,宁波市区,太湖片-甬江小片,S0+S1+S2+S3,"a, o, u, ø",4,202,"a, o, u, ø",4,"u(97), o(58), a(46), ø(1)","o, u",2,155,"o, u",2,"u(97), o(58)",S4,侯,*əu,"œʏ(43), u(1), əu(1)",45,1,0.022222222222222223,œʏ,diphthong_or_glide,,,43,0.9555555555555556,mixed_mono_and_diphthong,u,u,u,"œʏ, əu",,u,u,,all_s4_mono_in_core_back_inventory,混合,True,False,False,monophthong_only,1.0,ɔ,hao_mono_outside_core_inventory,True,True,0.04003333333333333,0.0131,0.0384,0.07347142857142856,7.0
NH01,南汇惠南镇,太湖片-苏沪嘉小片,S0+S1+S2+S3,"a, o, u, ɔ, ɛ",5,283,"a, o, u, ɔ, ɛ",5,"u(178), a(57), o(35), ɔ(7), ɛ(6)","o, u, ɔ",3,220,"o, u, ɔ",3,"u(178), o(35), ɔ(7)",S4,侯,*əu,"ɤ(60), u(3), ɔ(2)",65,65,1.0,ɤ,monophthong,ɤ,back_unrounded,60,0.9230769230769231,monophthong_only,"u, ɔ, ɤ","u, ɔ, ɤ","u, ɔ, ɤ",,,"u, ɔ","u, ɔ",ɤ,partial_s4_mono_in_core_inventory,ɤ/ɯ类单音化,True,True,True,monophthong_only,1.0,ɔ,all_hao_mono_in_core_back_inventory,True,True,0.13778,0.0608,0.0,0.5534714285714285,7.0
NO_ID_启东吕四,启东吕四,太湖片-毗陵小片,S0+S1+S2+S3,"a, o, u, ɛ, ɤ",5,275,"a, o, u, ɛ, ɤ",5,"ɤ(119), u(102), a(37), o(12), ɛ(5)","o, u, ɤ",3,233,"o, u, ɤ",3,"ɤ(119), u(102), o(12)",S4,侯,*əu,"ei(57), ɤ(2), ie(1)",60,2,0.03333333333333333,ei,diphthong_or_glide,,,57,0.95,mixed_mono_and_diphthong,ɤ,ɤ,ɤ,"ei, ie",,ɤ,ɤ,,all_s4_mono_in_core_back_inventory,混合,True,False,False,,,,,,,,,,,
NT01,南通金沙镇,太湖片-毗陵小片,S0+S1+S2+S3,"o, u, æ, ɑ",4,108,"o, u, æ, ɑ",4,"u(60), æ(26), o(12), ɑ(10)","o, u, ɑ",3,82,"o, u, ɑ",3,"u(60), o(12), ɑ(10)",S4,侯,*əu,"ᴇ(26), ə(2), u(1)",29,29,1.0,ᴇ,monophthong,ᴇ,e_like,26,0.896551724137931,monophthong_only,"u, ə, ᴇ","u, ə, ᴇ",u,,,u,u,"ə, ᴇ",partial_s4_mono_in_core_inventory,e类单音化,True,True,True,monophthong_only,1.0,ə,hao_mono_outside_core_inventory,True,True,0.041666666666666664,0.0,0.018516666666666667,0.04562857142857143,7.0
PH01,平湖城关,太湖片-苏沪嘉小片,S0+S1+S2+S3,"a, o, u",3,277,"a, o, u",3,"u(170), a(56), o(51)","o, u",2,221,"o, u",2,"u(170), o(51)",S4,侯,*əu,əw(60),60,0,0.0,əw,diphthong_or_glide,,,60,1.0,diphthong_or_glide_only,,,,əw,,,,,no_s4_monophthong,未单音化,False,False,False,mixed_mono_and_diphthong,0.9878048780487804,ɔ,partial_hao_mono_in_core_inventory,True,False,0.20373333333333332,0.022699999999999998,0.09999999999999999,0.5971142857142857,7.0
QP01,青浦商榻,太湖片-苏沪嘉小片,S0+S1+S2+S3,"u, ɐ, ɒ, ɛ, ʊ",5,190,"u, ɐ, ɒ, ɛ, ʊ",5,"u(65), ʊ(63), ɒ(59), ɛ(2), ɐ(1)","u, ɒ, ʊ",3,187,"u, ɒ, ʊ",3,"u(65), ʊ(63), ɒ(59)",S4,侯,*əu,"iəu(50), əu(6), ø(1), ɐ(1), u(1)",59,3,0.05084745762711865,iəu,diphthong_or_glide,,,50,0.847457627118644,mixed_mono_and_diphthong,"u, ø, ɐ","u, ø, ɐ",u,"iəu, əu",,"u, ɐ",u,ø,partial_s4_mono_in_core_inventory,混合,True,False,False,monophthong_only,1.0,ɐ,all_hao_mono_in_core_inventory,True,True,0.17253333333333334,0.07485,0.11320000000000001,0.5341428571428571,7.0
SH01,上海市区,太湖片-苏沪嘉小片,S0+S1+S2+S3,"i, o, u, ɔ, ᴀ, ᴇ",6,376,"i, o, u, ɔ, ᴀ, ᴇ",6,"u(232), o(69), ᴀ(68), ᴇ(5), i(1), ɔ(1)","o, u, ɔ",3,302,"o, u, ɔ",3,"u(232), o(69), ɔ(1)",S4,侯,*əu,"ɤ(71), u(5), ɔ(2)",78,78,1.0,ɤ,monophthong,ɤ,back_unrounded,71,0.9102564102564102,monophthong_only,"u, ɔ, ɤ","u, ɔ, ɤ","u, ɔ, ɤ",,,"u, ɔ","u, ɔ",ɤ,partial_s4_mono_in_core_inventory,ɤ/ɯ类单音化,True,True,True,monophthong_only,1.0,ɔ,all_hao_mono_in_core_back_inventory,True,True,0.26471666666666666,0.1178,0.10783333333333334,0.7882142857142858,7.0
SJ01,松江镇,太湖片-苏沪嘉小片,S0+S1+S2+S3,"e, o, u, ɑ, ɔ, ɛ",6,382,"e, o, u, ɑ, ɔ, ɛ",6,"u(221), ɑ(81), o(69), ɔ(9), ɛ(1), e(1)","o, u, ɑ, ɔ",4,380,"o, u, ɑ, ɔ",4,"u(221), ɑ(81), o(69), ɔ(9)",S4,侯,*əu,"ɯ(71), o(2), u(2)",75,75,1.0,ɯ,monophthong,ɯ,back_unrounded,71,0.9466666666666667,monophthong_only,"o, u, ɯ","o, u, ɯ","o, u, ɯ",,,"o, u","o, u",ɯ,partial_s4_mono_in_core_inventory,ɤ/ɯ类单音化,True,True,True,monophthong_only,1.0,ɔ,partial_hao_mono_in_core_inventory,True,True,0.21071666666666666,0.14415,0.14453333333333332,0.7593571428571428,7.0
SX01,绍兴城区东头埭,太湖片-临绍小片,S0+S1+S2+S3,"a, o, u, ɒ",4,387,"a, o, u, ɒ",4,"o(186), u(148), a(52), ɒ(1)","o, u, ɒ",3,335,"o, u, ɒ",3,"o(186), u(148), ɒ(1)",S4,侯,*əu,"ɤ(68), u(4), o(1)",73,73,1.0,ɤ,monophthong,ɤ,back_unrounded,68,0.9315068493150684,monophthong_only,"o, u, ɤ","o, u, ɤ","o, u, ɤ",,,"o, u","o, u",ɤ,partial_s4_mono_in_core_inventory,ɤ/ɯ类单音化,True,True,True,monophthong_only,1.0,ɒ,partial_hao_mono_in_core_inventory,True,True,0.15616666666666668,0.10114999999999999,0.7325499999999999,0.15281428571428574,7.0
SY02,上虞百官镇,太湖片-临绍小片,S0+S1+S2+S3,"o, u, y, ɐ, ᴇ",5,308,"o, u, y, ɐ, ᴇ",5,"o(136), u(114), ɐ(46), y(10), ᴇ(2)","o, u",2,250,"o, u",2,"o(136), u(114)",S4,侯,*əu,"ə(63), u(2), ɔ(2), o(1), iə(1)",69,68,0.9855072463768116,ə,monophthong,ə,central,63,0.9130434782608695,mixed_mono_and_diphthong,"o, u, ɔ, ə","o, u, ɔ, ə","o, u, ɔ",iə,,"o, u","o, u","ɔ, ə",partial_s4_mono_in_core_inventory,混合,True,False,True,monophthong_only,1.0,ɔ,hao_mono_outside_core_inventory,True,True,0.0506,0.01865,0.5825166666666667,0.04874285714285714,7.0
SZ01,苏州城区,太湖片-苏沪嘉小片,S0+S1+S2+S3,"i, o, ɑ, ɪ, ᴇ",5,140,"i, o, ɑ, ɪ, ᴇ",5,"o(67), ɑ(65), ɪ(4), ᴇ(3), i(1)","o, ɑ",2,132,"o, ɑ",2,"o(67), ɑ(65)",S4,侯,*əu,"øʏ(69), æ(3), o(2), ø(1), v(1)",76,6,0.07894736842105263,øʏ,diphthong_or_glide,,,69,0.9078947368421053,mixed_with_other,"o, æ, ø","o, æ, ø",o,øʏ,v,o,o,"æ, ø",partial_s4_mono_in_core_inventory,混合,True,False,False,monophthong_only,1.0,æ,hao_mono_outside_core_inventory,True,True,0.26698333333333335,0.13190000000000002,0.17153333333333334,0.7391,7.0
SZ02,嵊州长乐,太湖片-临绍小片,S0+S1+S2+S3,"a, i, o, u, ɔ, ᴇ",6,322,"a, i, o, u, ɔ, ᴇ",6,"u(109), o(95), ɔ(65), a(51), i(1), ᴇ(1)","o, u, ɔ",3,269,"o, u, ɔ",3,"u(109), o(95), ɔ(65)",S4,侯,*əu,"øy(52), iøy(10), o(4), ɒ(2)",68,6,0.08823529411764706,øy,diphthong_or_glide,,,52,0.7647058823529411,mixed_mono_and_diphthong,"o, ɒ","o, ɒ","o, ɒ","iøy, øy",,o,o,ɒ,partial_s4_mono_in_core_inventory,混合,True,False,False,monophthong_only,1.0,ɒ,hao_mono_outside_core_inventory,True,True,0.1048,0.01345,0.10228333333333334,0.12472857142857142,7.0
SZ03,嵊州崇仁镇,太湖片-临绍小片,S0+S1+S2+S3,"a, e, u, ɤ",4,320,"a, e, u, ɤ",4,"ɤ(154), u(116), a(49), e(1)","u, ɤ",2,270,"u, ɤ",2,"ɤ(154), u(116)",S4,侯,*əu,"ʏ(62), iʏ(1)",63,62,0.9841269841269841,ʏ,monophthong,ʏ,front_rounded,62,0.9841269841269841,mixed_mono_and_diphthong,ʏ,ʏ,,iʏ,,,,ʏ,s4_mono_outside_core_inventory,混合,True,False,True,diphthong_or_glide_only,0.0,ɑɒ,no_hao_monophthong,False,False,0.08538333333333332,0.0,0.5726166666666667,0.0,7.0
TC01,太仓沙溪,太湖片-苏沪嘉小片,S0+S1+S2+S3,"a, i, o, u, ɔ, ɛ",6,211,"a, i, o, u, ɔ, ɛ",6,"u(73), o(70), a(61), ɛ(4), ɔ(2), i(1)","o, u, ɔ",3,145,"o, u, ɔ",3,"u(73), o(70), ɔ(2)",S4,侯,*əu,"ei(59), u(3), o(3), m(2), ɔ(2)",69,8,0.11594202898550725,ei,diphthong_or_glide,,,59,0.855072463768116,mixed_with_other,"o, u, ɔ","o, u, ɔ","o, u, ɔ",ei,m,"o, u, ɔ","o, u, ɔ",,all_s4_mono_in_core_back_inventory,混合,True,False,False,monophthong_only,1.0,ɔ,all_hao_mono_in_core_back_inventory,True,True,0.1877,0.06745,0.15823333333333334,0.7509142857142858,7.0
TL01,桐庐镇,太湖片-临绍小片,S0+S1+S2+S3,"a, u, ɔ, ɛ",4,243,"a, u, ɔ, ɛ",4,"u(194), a(47), ɛ(1), ɔ(1)","u, ɔ",2,195,"u, ɔ",2,"u(194), ɔ(1)",S4,侯,*əu,e(62),62,62,1.0,e,monophthong,e,e_like,62,1.0,monophthong_only,e,e,,,,,,e,s4_mono_outside_core_inventory,e类单音化,True,True,True,monophthong_only,1.0,ɔ,all_hao_mono_in_core_back_inventory,True,True,0.18323333333333336,0.1351,0.13271666666666668,0.5954857142857143,7.0
TX01,桐乡城区,太湖片-苏沪嘉小片,S0+S1+S2+S3,"a, o, u, ɛ",4,256,"a, o, u, ɛ",4,"u(134), a(69), o(52), ɛ(1)","o, u",2,186,"o, u",2,"u(134), o(52)",S4,侯,*əu,"əɯ(39), u(2), m(2), ɔ(1)",44,3,0.06818181818181818,əɯ,diphthong_or_glide,,,39,0.8863636363636364,mixed_with_other,"u, ɔ","u, ɔ","u, ɔ",əɯ,m,u,u,ɔ,partial_s4_mono_in_core_inventory,混合,True,False,False,monophthong_only,1.0,ɔ,hao_mono_outside_core_inventory,True,True,0.23855,0.1699,0.07123333333333333,0.4645428571428572,7.0
WJ01,吴江市松陵,太湖片-苏沪嘉小片,S0+S1+S2+S3,"a, o, u, ɔ, ɪ, ᴇ",6,154,"a, o, u, ɔ, ɪ, ᴇ",6,"o(55), ɔ(50), u(44), ᴇ(2), ɪ(2), a(1)","o, u, ɔ",3,149,"o, u, ɔ",3,"o(55), ɔ(50), u(44)",S4,侯,*əu,"iəu(60), ʌ(2), o(2), ø(1)",65,5,0.07692307692307693,iəu,diphthong_or_glide,,,60,0.9230769230769231,mixed_mono_and_diphthong,"o, ø, ʌ","o, ø, ʌ","o, ʌ",iəu,,o,o,"ø, ʌ",partial_s4_mono_in_core_inventory,混合,True,False,False,monophthong_only,1.0,ʌ,hao_mono_outside_core_inventory,True,True,0.21633333333333335,0.07335,0.10926666666666666,0.5561142857142858,7.0
WJ02,吴江芦墟,太湖片-苏沪嘉小片,S0+S1+S2+S3,"i, o, u, ɔ",4,120,"i, o, u, ɔ",4,"o(44), ɔ(39), u(36), i(1)","o, u, ɔ",3,119,"o, u, ɔ",3,"o(44), ɔ(39), u(36)",S4,侯,*əu,"iəu(47), au(2), u(1)",50,1,0.02,iəu,diphthong_or_glide,,,47,0.94,mixed_mono_and_diphthong,u,u,u,"au, iəu",,u,u,,all_s4_mono_in_core_back_inventory,混合,True,False,False,diphthong_or_glide_only,0.0,au,no_hao_monophthong,False,False,0.07165,0.02175,0.04848333333333333,0.3897,7.0
WX01,无锡城区,太湖片-苏沪嘉小片,S0+S1+S2+S3,"a, u, ʌ",3,147,"a, u, ʌ",3,"u(79), a(66), ʌ(2)","u, ʌ",2,81,"u, ʌ",2,"u(79), ʌ(2)",S4,侯,*əu,"ei(59), əɯ(4), ʌ(3), wi(1)",67,3,0.04477611940298507,ei,diphthong_or_glide,,,59,0.8805970149253731,mixed_mono_and_diphthong,ʌ,ʌ,ʌ,"ei, wi, əɯ",,ʌ,ʌ,,all_s4_mono_in_core_back_inventory,混合,True,False,False,monophthong_only,1.0,ʌ,all_hao_mono_in_core_back_inventory,True,True,0.17631666666666668,0.091,0.2081666666666667,0.5115857142857143,7.0
WX02,吴县光福镇,太湖片-苏沪嘉小片,S0+S1+S2+S3,"a, o, u, æ, ɛ",5,140,"a, o, u, æ, ɛ",5,"o(58), a(51), u(27), ɛ(3), æ(1)","o, u",2,85,"o, u",2,"o(58), u(27)",S4,侯,*əu,"ei(66), o(2), æ(1), u(1)",70,4,0.05714285714285714,ei,diphthong_or_glide,,,66,0.9428571428571428,mixed_mono_and_diphthong,"o, u, æ","o, u, æ","o, u",ei,,"o, u, æ","o, u",,all_s4_mono_in_core_inventory,混合,True,False,False,monophthong_only,1.0,æ,all_hao_mono_in_core_inventory,True,True,0.19376666666666667,0.12605,0.0823,0.7187285714285715,7.0
XC01,新昌城关,太湖片-临绍小片,S0+S1+S2+S3,"a, o, o̞, u, ɛ",5,282,"a, o, u, ɛ",4,"o(137), u(96), a(46), ɛ(3)","o, o̞, u",3,233,"o, u",2,"o(137), u(96)",S4,侯,*əu,"iɯ(43), ɯ(3), o(3), u(1)",50,7,0.14,iɯ,diphthong_or_glide,,,43,0.86,mixed_mono_and_diphthong,"o, u, ɯ","o, u, ɯ","o, u, ɯ",iɯ,,"o, u","o, u",ɯ,partial_s4_mono_in_core_inventory,混合,True,False,False,monophthong_only,1.0,ɔ,hao_mono_outside_core_inventory,True,True,0.13878333333333334,0.07415,0.0483,0.11929999999999999,7.0
XD01,新登下港,太湖片-临绍小片,S0+S1+S2+S3,"a, o, u, ɔ, ɛ",5,304,"a, o, u, ɔ, ɛ",5,"u(214), o(43), a(40), ɛ(4), ɔ(3)","o, u, ɔ",3,260,"o, u, ɔ",3,"u(214), o(43), ɔ(3)",S4,侯,*əu,"əʊ(37), iʊ(25), u(5), ɔ(1), ɛ(1)",69,7,0.10144927536231885,əʊ,diphthong_or_glide,,,37,0.5362318840579711,mixed_mono_and_diphthong,"u, ɔ, ɛ","u, ɔ, ɛ","u, ɔ","iʊ, əʊ",,"u, ɔ, ɛ","u, ɔ",,all_s4_mono_in_core_inventory,混合,True,False,False,monophthong_only,1.0,ɔ,all_hao_mono_in_core_back_inventory,True,True,0.18258333333333332,0.09245,0.018116666666666666,0.7122285714285714,7.0
XH02,萧山城厢,太湖片-临绍小片,S0+S1+S2+S3,"a, e, o, u",4,318,"a, e, o, u",4,"o(153), u(115), a(49), e(1)","o, u",2,268,"o, u",2,"o(153), u(115)",S4,侯,*əu,"io(57), o(3), ɒ(1)",61,4,0.06557377049180328,io,diphthong_or_glide,,,57,0.9344262295081968,mixed_mono_and_diphthong,"o, ɒ","o, ɒ","o, ɒ",io,,o,o,ɒ,partial_s4_mono_in_core_inventory,混合,True,False,False,mixed_mono_and_diphthong,0.9891304347826086,ɒ,hao_mono_outside_core_inventory,True,False,0.14831666666666668,0.0943,0.5967833333333333,0.1350142857142857,7.0
XS01,象山丹城,太湖片-甬江小片,S0+S1+S2+S3,"a, o, u, ɛ",4,324,"a, o, u, ɛ",4,"o(146), u(127), a(50), ɛ(1)","o, u",2,273,"o, u",2,"o(146), u(127)",S4,侯,*əu,"ou(54), ø(6), u(1), ɔ(1)",62,8,0.12903225806451613,ou,diphthong_or_glide,,,54,0.8709677419354839,mixed_mono_and_diphthong,"u, ø, ɔ","u, ø, ɔ","u, ɔ",ou,,u,u,"ø, ɔ",partial_s4_mono_in_core_inventory,混合,True,False,False,monophthong_only,1.0,ɔ,hao_mono_outside_core_inventory,True,True,0.21238333333333334,0.06295,0.49971666666666664,0.17294285714285712,7.0
XS03,萧山南阳镇,太湖片-临绍小片,S0+S1+S2+S3,"a, o, u",3,267,"a, o, u",3,"o(121), u(112), a(34)","o, u",2,233,"o, u",2,"o(121), u(112)",S4,侯,*əu,"ø(31), iø(11), o(1), ɔ(1)",44,33,0.75,ø,monophthong,ø,front_rounded,31,0.7045454545454546,mixed_mono_and_diphthong,"o, ø, ɔ","o, ø, ɔ","o, ɔ",iø,,o,o,"ø, ɔ",partial_s4_mono_in_core_inventory,混合,True,False,True,monophthong_only,1.0,ɔ,hao_mono_outside_core_inventory,True,True,0.024183333333333334,0.0089,0.5082666666666666,0.09378571428571428,7.0
XZ01,莘庄,太湖片-苏沪嘉小片,S0+S1+S2+S3,"e, o, u, ɔ, ɛ, ɤ, ᴀ",7,242,"e, o, u, ɔ, ɛ, ɤ, ᴀ",7,"u(142), ᴀ(49), o(43), ɔ(5), ɤ(1), ɛ(1), e(1)","o, u, ɔ, ɤ",4,191,"o, u, ɔ, ɤ",4,"u(142), o(43), ɔ(5), ɤ(1)",S4,侯,*əu,"ɤ(45), u(3)",48,48,1.0,ɤ,monophthong,ɤ,back_unrounded,45,0.9375,monophthong_only,"u, ɤ","u, ɤ","u, ɤ",,,"u, ɤ","u, ɤ",,all_s4_mono_in_core_back_inventory,ɤ/ɯ类单音化,True,True,True,monophthong_only,1.0,ɔ,all_hao_mono_in_core_back_inventory,True,True,0.103,0.0089,0.11041666666666666,0.4767428571428572,7.0
YX01,宜兴,太湖片-毗陵小片,S0+S1+S2+S3,"a, o, u, ɛ, ɷ",5,280,"a, o, u, ɛ, ɷ",5,"u(106), ɷ(82), o(64), a(27), ɛ(1)","o, u, ɷ",3,252,"o, u, ɷ",3,"u(106), ɷ(82), o(64)",S4,侯,*əu,"əu(60), ɷ(4), au(1), m(1)",66,4,0.06060606060606061,əu,diphthong_or_glide,,,60,0.9090909090909091,mixed_with_other,ɷ,ɷ,ɷ,"au, əu",m,ɷ,ɷ,,all_s4_mono_in_core_back_inventory,混合,True,False,False,diphthong_or_glide_only,0.0,au,no_hao_monophthong,False,False,0.04156666666666667,0.00275,0.019683333333333334,0.05612857142857143,7.0
YX02,鄞县中区,太湖片-甬江小片,S0+S1+S2+S3,"a, e, o, u",4,211,"a, e, o, u",4,"u(105), o(65), a(40), e(1)","o, u",2,170,"o, u",2,"u(105), o(65)",S4,侯,*əu,"œʏ(61), əu(2)",63,0,0.0,œʏ,diphthong_or_glide,,,61,0.9682539682539683,diphthong_or_glide_only,,,,"œʏ, əu",,,,,no_s4_monophthong,未单音化,False,False,False,monophthong_only,1.0,ɔ,hao_mono_outside_core_inventory,True,True,0.05132,0.0146,0.0073999999999999995,0.11452857142857142,7.0
YY01,余姚城关,太湖片-临绍小片,S0+S1+S2+S3,"a, o, u",3,217,"a, o, u",3,"u(94), o(73), a(50)","o, u",2,167,"o, u",2,"u(94), o(73)",S4,侯,*əu,"ø(62), iø(3), ou(2)",67,62,0.9253731343283582,ø,monophthong,ø,front_rounded,62,0.9253731343283582,mixed_mono_and_diphthong,ø,ø,,"iø, ou",,,,ø,s4_mono_outside_core_inventory,混合,True,False,True,monophthong_only,1.0,ɔ,partial_hao_mono_in_core_inventory,True,True,0.017679999999999998,0.0055,0.061,0.15074285714285712,7.0
ZJ01,诸暨城关,太湖片-临绍小片,S0+S1+S2+S3,"a, o, u",3,176,"a, o, u",3,"u(82), a(47), o(47)","o, u",2,129,"o, u",2,"u(82), o(47)",S4,侯,*əu,"ei(25), y(20), ɔi(3), ɔ(2), u(1)",51,23,0.45098039215686275,ei,diphthong_or_glide,,,25,0.49019607843137253,mixed_mono_and_diphthong,"u, y, ɔ","u, y, ɔ","u, ɔ","ei, ɔi",,u,u,"y, ɔ",partial_s4_mono_in_core_inventory,混合,True,False,False,monophthong_only,1.0,ɔ,hao_mono_outside_core_inventory,True,True,0.09361666666666667,0.047299999999999995,0.09843333333333333,0.10652857142857143,7.0
ZJ02,诸暨璜山镇,太湖片-临绍小片,S0+S1+S2+S3,"a, u, ʊ",3,215,"a, u, ʊ",3,"u(112), ʊ(56), a(47)","u, ʊ",2,168,"u, ʊ",2,"u(112), ʊ(56)",S4,侯,*əu,"ɤɯ(33), ʏ(24), uɤ(1), u(1), ɔ(1)",60,26,0.43333333333333335,ɤɯ,diphthong_or_glide,,,33,0.55,mixed_mono_and_diphthong,"u, ɔ, ʏ","u, ɔ, ʏ","u, ɔ","uɤ, ɤɯ",,u,u,"ɔ, ʏ",partial_s4_mono_in_core_inventory,混合,True,False,False,monophthong_only,1.0,ɔ,hao_mono_outside_core_inventory,True,True,0.16818333333333335,0.09505,0.0052,0.10612857142857143,7.0
ZJ03,诸暨直埠镇,太湖片-临绍小片,S0+S1+S2+S3,"a, o, u",3,165,"a, o, u",3,"u(87), o(44), a(34)","o, u",2,131,"o, u",2,"u(87), o(44)",S4,侯,*əu,"ei(24), y(14), a(1), ou(1), u(1)",41,16,0.3902439024390244,ei,diphthong_or_glide,,,24,0.5853658536585366,mixed_mono_and_diphthong,"a, u, y","a, u, y",u,"ei, ou",,"a, u",u,y,partial_s4_mono_in_core_inventory,混合,True,False,False,monophthong_only,1.0,ɔ,hao_mono_outside_core_inventory,True,True,0.05058,0.0139,0.015339999999999998,0.023816666666666667,7.0
ZS01,舟山定海,太湖片-甬江小片,S0+S1+S2+S3,"a, o, u, ɛ",4,238,"a, o, u, ɛ",4,"u(119), o(72), a(46), ɛ(1)","o, u",2,191,"o, u",2,"u(119), o(72)",S4,侯,*əu,"ai(57), au(2)",59,0,0.0,ai,diphthong_or_glide,,,57,0.9661016949152542,diphthong_or_glide_only,,,,"ai, au",,,,,no_s4_monophthong,未单音化,False,False,False,monophthong_only,1.0,ɔ,hao_mono_outside_core_inventory,True,True,0.04593333333333333,0.0407,0.022766666666666668,0.14027142857142857,7.0
