point_id,point_name,subbranch,lat,lon,韵,声组,汉字,读音,note,上海地区方言调查研究
BS01,宝山,太湖片-苏沪嘉小片,,,歌,T,多,u,,
BS01,宝山,太湖片-苏沪嘉小片,,,歌,T,拖,u,,
BS01,宝山,太湖片-苏沪嘉小片,,,歌,T,他,ᴀ,,
BS01,宝山,太湖片-苏沪嘉小片,,,歌,T,驼,u,,
BS01,宝山,太湖片-苏沪嘉小片,,,歌,T,驮,u,,
BS01,宝山,太湖片-苏沪嘉小片,,,歌,T,陀,,,
BS01,宝山,太湖片-苏沪嘉小片,,,歌,T,鸵,,,
BS01,宝山,太湖片-苏沪嘉小片,,,歌,T,沱,,,
BS01,宝山,太湖片-苏沪嘉小片,,,歌,T,舵,u,,
BS01,宝山,太湖片-苏沪嘉小片,,,歌,T,大,u,,
BS01,宝山,太湖片-苏沪嘉小片,,,歌,T,驮,u,,
BS01,宝山,太湖片-苏沪嘉小片,,,歌,N,挪,,,
BS01,宝山,太湖片-苏沪嘉小片,,,歌,N,哪,,,
BS01,宝山,太湖片-苏沪嘉小片,,,歌,N,那,,,
BS01,宝山,太湖片-苏沪嘉小片,,,歌,L,罗,u,,
BS01,宝山,太湖片-苏沪嘉小片,,,歌,L,锣,u,,
BS01,宝山,太湖片-苏沪嘉小片,,,歌,L,箩,u,,
BS01,宝山,太湖片-苏沪嘉小片,,,歌,L,萝,u,,
BS01,宝山,太湖片-苏沪嘉小片,,,歌,L,逻,,,
BS01,宝山,太湖片-苏沪嘉小片,,,歌,TS,左,u,,
BS01,宝山,太湖片-苏沪嘉小片,,,歌,TS,佐,,,
BS01,宝山,太湖片-苏沪嘉小片,,,歌,TS,搓,u,,
BS01,宝山,太湖片-苏沪嘉小片,,,歌,TS,娑,,,
BS01,宝山,太湖片-苏沪嘉小片,,,歌,K,歌,u,,
BS01,宝山,太湖片-苏沪嘉小片,,,歌,K,哥,u,,
BS01,宝山,太湖片-苏沪嘉小片,,,歌,K,柯,,,
BS01,宝山,太湖片-苏沪嘉小片,,,歌,K,个,u,,
BS01,宝山,太湖片-苏沪嘉小片,,,歌,K,轲,,,
BS01,宝山,太湖片-苏沪嘉小片,,,歌,K,可,u,,
BS01,宝山,太湖片-苏沪嘉小片,,,歌,K,蛾,u,,
BS01,宝山,太湖片-苏沪嘉小片,,,歌,K,鹅,u,,
BS01,宝山,太湖片-苏沪嘉小片,,,歌,K,俄,u,,
BS01,宝山,太湖片-苏沪嘉小片,,,歌,K,娥,,,
BS01,宝山,太湖片-苏沪嘉小片,,,歌,K,我,u,,
BS01,宝山,太湖片-苏沪嘉小片,,,歌,K,饿,u,,
BS01,宝山,太湖片-苏沪嘉小片,,,歌,Ø,荷,u,,
BS01,宝山,太湖片-苏沪嘉小片,,,歌,Ø,河,u,,
BS01,宝山,太湖片-苏沪嘉小片,,,歌,Ø,何,u,,
BS01,宝山,太湖片-苏沪嘉小片,,,歌,Ø,荷,u,,
BS01,宝山,太湖片-苏沪嘉小片,,,歌,Ø,贺,u,,
BS01,宝山,太湖片-苏沪嘉小片,,,歌,Ø,阿,u,,
BS01,宝山,太湖片-苏沪嘉小片,,,歌,Ø,屙,,,
BS01,宝山,太湖片-苏沪嘉小片,,,戈,K,茄,ᴀ,,
BS01,宝山,太湖片-苏沪嘉小片,,,戈,P,波,u,,
BS01,宝山,太湖片-苏沪嘉小片,,,戈,P,菠,u,,
BS01,宝山,太湖片-苏沪嘉小片,,,戈,P,跛,,,
BS01,宝山,太湖片-苏沪嘉小片,,,戈,P,簸,u,,
BS01,宝山,太湖片-苏沪嘉小片,,,戈,P,簸,u,,
BS01,宝山,太湖片-苏沪嘉小片,,,戈,P,播,,,
BS01,宝山,太湖片-苏沪嘉小片,,,戈,P,颇,u,,
BS01,宝山,太湖片-苏沪嘉小片,,,戈,P,坡,u,,
BS01,宝山,太湖片-苏沪嘉小片,,,戈,P,玻,u,,
BS01,宝山,太湖片-苏沪嘉小片,,,戈,P,破,u,,
BS01,宝山,太湖片-苏沪嘉小片,,,戈,P,婆,u,,
BS01,宝山,太湖片-苏沪嘉小片,,,戈,P,薄,,,
BS01,宝山,太湖片-苏沪嘉小片,,,戈,M,魔,u,,
BS01,宝山,太湖片-苏沪嘉小片,,,戈,M,磨,u,,
BS01,宝山,太湖片-苏沪嘉小片,,,戈,M,摩,u,,
BS01,宝山,太湖片-苏沪嘉小片,,,戈,M,馍,,,
BS01,宝山,太湖片-苏沪嘉小片,,,戈,M,蘑,,,
BS01,宝山,太湖片-苏沪嘉小片,,,戈,M,磨,u,,
BS01,宝山,太湖片-苏沪嘉小片,,,戈,T,朵,u,,
BS01,宝山,太湖片-苏沪嘉小片,,,戈,T,躲,u,,
BS01,宝山,太湖片-苏沪嘉小片,,,戈,T,剁,,,
BS01,宝山,太湖片-苏沪嘉小片,,,戈,T,妥,u,,
BS01,宝山,太湖片-苏沪嘉小片,,,戈,T,椭,u,,
BS01,宝山,太湖片-苏沪嘉小片,,,戈,T,唾,,,
BS01,宝山,太湖片-苏沪嘉小片,,,戈,T,砣,,,
BS01,宝山,太湖片-苏沪嘉小片,,,戈,T,惰,u,,
BS01,宝山,太湖片-苏沪嘉小片,,,戈,T,垛,,,
BS01,宝山,太湖片-苏沪嘉小片,,,戈,T,堕,u,,
BS01,宝山,太湖片-苏沪嘉小片,,,戈,N,挼,,,
BS01,宝山,太湖片-苏沪嘉小片,,,戈,N,糯,u,,
BS01,宝山,太湖片-苏沪嘉小片,,,戈,N,懦,,,
BS01,宝山,太湖片-苏沪嘉小片,,,戈,L,骡,u,,
BS01,宝山,太湖片-苏沪嘉小片,,,戈,L,螺,u,,
BS01,宝山,太湖片-苏沪嘉小片,,,戈,L,脶,,,
BS01,宝山,太湖片-苏沪嘉小片,,,戈,L,啰,,,
BS01,宝山,太湖片-苏沪嘉小片,,,戈,L,裸,u,,
BS01,宝山,太湖片-苏沪嘉小片,,,戈,L,瘰,,,
BS01,宝山,太湖片-苏沪嘉小片,,,戈,L,摞,,,
BS01,宝山,太湖片-苏沪嘉小片,,,戈,TS,锉,,,
BS01,宝山,太湖片-苏沪嘉小片,,,戈,TS,莝,,,
BS01,宝山,太湖片-苏沪嘉小片,,,戈,TS,矬,,,
BS01,宝山,太湖片-苏沪嘉小片,,,戈,TS,坐,u,,
BS01,宝山,太湖片-苏沪嘉小片,,,戈,TS,座,u,,
BS01,宝山,太湖片-苏沪嘉小片,,,戈,TS,蓑,u,,
BS01,宝山,太湖片-苏沪嘉小片,,,戈,TS,梭,u,,
BS01,宝山,太湖片-苏沪嘉小片,,,戈,TS,唆,,,
BS01,宝山,太湖片-苏沪嘉小片,,,戈,TS,莎,,,
BS01,宝山,太湖片-苏沪嘉小片,,,戈,TS,锁,u,,
BS01,宝山,太湖片-苏沪嘉小片,,,戈,TS,琐,u,,
BS01,宝山,太湖片-苏沪嘉小片,,,戈,TS,唢,,,
BS01,宝山,太湖片-苏沪嘉小片,,,戈,K,过,u,,
BS01,宝山,太湖片-苏沪嘉小片,,,戈,K,锅,u,,
BS01,宝山,太湖片-苏沪嘉小片,,,戈,K,戈,u,,
BS01,宝山,太湖片-苏沪嘉小片,,,戈,K,果,u,,
BS01,宝山,太湖片-苏沪嘉小片,,,戈,K,裹,u,,
BS01,宝山,太湖片-苏沪嘉小片,,,戈,K,餜,,,
BS01,宝山,太湖片-苏沪嘉小片,,,戈,K,过,u,,
BS01,宝山,太湖片-苏沪嘉小片,,,戈,K,科,u,,
BS01,宝山,太湖片-苏沪嘉小片,,,戈,K,窠,,,
BS01,宝山,太湖片-苏沪嘉小片,,,戈,K,棵,,,
BS01,宝山,太湖片-苏沪嘉小片,,,戈,K,髁,,,
BS01,宝山,太湖片-苏沪嘉小片,,,戈,K,蝌,,,
BS01,宝山,太湖片-苏沪嘉小片,,,戈,K,颗,u,,
BS01,宝山,太湖片-苏沪嘉小片,,,戈,K,课,u,,
BS01,宝山,太湖片-苏沪嘉小片,,,戈,K,讹,,,
BS01,宝山,太湖片-苏沪嘉小片,,,戈,K,卧,u,,
BS01,宝山,太湖片-苏沪嘉小片,,,戈,Ø,火,u,,
BS01,宝山,太湖片-苏沪嘉小片,,,戈,Ø,伙,u,,
BS01,宝山,太湖片-苏沪嘉小片,,,戈,Ø,货,u,,
BS01,宝山,太湖片-苏沪嘉小片,,,戈,Ø,和,,,
BS01,宝山,太湖片-苏沪嘉小片,,,戈,Ø,禾,u,,
BS01,宝山,太湖片-苏沪嘉小片,,,戈,Ø,祸,u,,
BS01,宝山,太湖片-苏沪嘉小片,,,戈,Ø,夥,,,
BS01,宝山,太湖片-苏沪嘉小片,,,戈,Ø,和,u,,
BS01,宝山,太湖片-苏沪嘉小片,,,戈,Ø,倭,,,
BS01,宝山,太湖片-苏沪嘉小片,,,戈,Ø,踒,,,
BS01,宝山,太湖片-苏沪嘉小片,,,戈,Ø,窝,u,,
BS01,宝山,太湖片-苏沪嘉小片,,,戈,Ø,涡,,,
BS01,宝山,太湖片-苏沪嘉小片,,,戈,Ø,莴,,,
BS01,宝山,太湖片-苏沪嘉小片,,,戈,Ø,涴,,,
BS01,宝山,太湖片-苏沪嘉小片,,,戈,Ø,瘸,,,
BS01,宝山,太湖片-苏沪嘉小片,,,戈,Ø,靴,y,,
BS01,宝山,太湖片-苏沪嘉小片,,,戈,Ø,�,,,
BS01,宝山,太湖片-苏沪嘉小片,,,麻,P,巴,o,,
BS01,宝山,太湖片-苏沪嘉小片,,,麻,P,芭,o,,
BS01,宝山,太湖片-苏沪嘉小片,,,麻,P,疤,o,,
BS01,宝山,太湖片-苏沪嘉小片,,,麻,P,笆,,,
BS01,宝山,太湖片-苏沪嘉小片,,,麻,P,吧,,,
BS01,宝山,太湖片-苏沪嘉小片,,,麻,P,把,o,,
BS01,宝山,太湖片-苏沪嘉小片,,,麻,P,靶,,,
BS01,宝山,太湖片-苏沪嘉小片,,,麻,P,霸,o,,
BS01,宝山,太湖片-苏沪嘉小片,,,麻,P,欛,,,
BS01,宝山,太湖片-苏沪嘉小片,,,麻,P,壩,,,
BS01,宝山,太湖片-苏沪嘉小片,,,麻,P,坝,o,,
BS01,宝山,太湖片-苏沪嘉小片,,,麻,P,爸,ᴀ,,
BS01,宝山,太湖片-苏沪嘉小片,,,麻,P,怕,o,,
BS01,宝山,太湖片-苏沪嘉小片,,,麻,P,帕,o,,
BS01,宝山,太湖片-苏沪嘉小片,,,麻,P,爬,o,,
BS01,宝山,太湖片-苏沪嘉小片,,,麻,P,琶,o,,
BS01,宝山,太湖片-苏沪嘉小片,,,麻,P,杷,o,,
BS01,宝山,太湖片-苏沪嘉小片,,,麻,P,钯,,,
BS01,宝山,太湖片-苏沪嘉小片,,,麻,P,耙,,,
BS01,宝山,太湖片-苏沪嘉小片,,,麻,M,麻,o,,
BS01,宝山,太湖片-苏沪嘉小片,,,麻,M,痲,o,,
BS01,宝山,太湖片-苏沪嘉小片,,,麻,M,蟆,,,
BS01,宝山,太湖片-苏沪嘉小片,,,麻,M,妈,ᴀ,,
BS01,宝山,太湖片-苏沪嘉小片,,,麻,M,马,o,,
BS01,宝山,太湖片-苏沪嘉小片,,,麻,M,码,o,,
BS01,宝山,太湖片-苏沪嘉小片,,,麻,M,玛,,,
BS01,宝山,太湖片-苏沪嘉小片,,,麻,M,蚂,,,
BS01,宝山,太湖片-苏沪嘉小片,,,麻,M,骂,o,,
BS01,宝山,太湖片-苏沪嘉小片,,,麻,N,拿,ᴇ,,
BS01,宝山,太湖片-苏沪嘉小片,,,麻,TS,茶,o,,
BS01,宝山,太湖片-苏沪嘉小片,,,麻,TS,搽,o,,
BS01,宝山,太湖片-苏沪嘉小片,,,麻,TS,䖳,,,
BS01,宝山,太湖片-苏沪嘉小片,,,麻,TS*,楂,,,
BS01,宝山,太湖片-苏沪嘉小片,,,麻,TS*,渣,o,,
BS01,宝山,太湖片-苏沪嘉小片,,,麻,TS*,诈,o,,
BS01,宝山,太湖片-苏沪嘉小片,,,麻,TS*,榨,,,
BS01,宝山,太湖片-苏沪嘉小片,,,麻,TS*,炸,o,,
BS01,宝山,太湖片-苏沪嘉小片,,,麻,TS*,叉,o,,
BS01,宝山,太湖片-苏沪嘉小片,,,麻,TS*,杈,,,
BS01,宝山,太湖片-苏沪嘉小片,,,麻,TS*,差,o,,
BS01,宝山,太湖片-苏沪嘉小片,,,麻,TS*,岔,o,,
BS01,宝山,太湖片-苏沪嘉小片,,,麻,TS*,差,o,,
BS01,宝山,太湖片-苏沪嘉小片,,,麻,TS*,茬,,,
BS01,宝山,太湖片-苏沪嘉小片,,,麻,TS*,查,o,,
BS01,宝山,太湖片-苏沪嘉小片,,,麻,TS*,乍,,,
BS01,宝山,太湖片-苏沪嘉小片,,,麻,TS*,沙,o,,
BS01,宝山,太湖片-苏沪嘉小片,,,麻,TS*,纱,o,,
BS01,宝山,太湖片-苏沪嘉小片,,,麻,TS*,痧,,,
BS01,宝山,太湖片-苏沪嘉小片,,,麻,TS*,砂,,,
BS01,宝山,太湖片-苏沪嘉小片,,,麻,TS*,鲨,,,
BS01,宝山,太湖片-苏沪嘉小片,,,麻,TS*,裟,,,
BS01,宝山,太湖片-苏沪嘉小片,,,麻,TS*,洒,ᴀ,,
BS01,宝山,太湖片-苏沪嘉小片,,,麻,TS*,厦,,,
BS01,宝山,太湖片-苏沪嘉小片,,,麻,K,家,ᴀ,,
BS01,宝山,太湖片-苏沪嘉小片,,,麻,K,傢,ᴀ,,
BS01,宝山,太湖片-苏沪嘉小片,,,麻,K,加,ᴀ,,
BS01,宝山,太湖片-苏沪嘉小片,,,麻,K,痂,,,
BS01,宝山,太湖片-苏沪嘉小片,,,麻,K,嘉,ᴀ,,
BS01,宝山,太湖片-苏沪嘉小片,,,麻,K,枷,,,
BS01,宝山,太湖片-苏沪嘉小片,,,麻,K,袈,,,
BS01,宝山,太湖片-苏沪嘉小片,,,麻,K,假,ᴀ,,
BS01,宝山,太湖片-苏沪嘉小片,,,麻,K,贾,ᴀ,,
BS01,宝山,太湖片-苏沪嘉小片,,,麻,K,假,ᴀ,,
BS01,宝山,太湖片-苏沪嘉小片,,,麻,K,架,ᴀ,,
BS01,宝山,太湖片-苏沪嘉小片,,,麻,K,驾,ᴀ,,
BS01,宝山,太湖片-苏沪嘉小片,,,麻,K,嫁,ᴀ,,
BS01,宝山,太湖片-苏沪嘉小片,,,麻,K,稼,ᴀ,,
BS01,宝山,太湖片-苏沪嘉小片,,,麻,K,价,ᴀ,,
BS01,宝山,太湖片-苏沪嘉小片,,,麻,K,揢,,,
BS01,宝山,太湖片-苏沪嘉小片,,,麻,K,牙,ᴀ,,
BS01,宝山,太湖片-苏沪嘉小片,,,麻,K,芽,ᴀ,,
BS01,宝山,太湖片-苏沪嘉小片,,,麻,K,衙,ᴀ,,
BS01,宝山,太湖片-苏沪嘉小片,,,麻,K,伢,,,
BS01,宝山,太湖片-苏沪嘉小片,,,麻,K,蚜,,,
BS01,宝山,太湖片-苏沪嘉小片,,,麻,K,雅,ia,,
BS01,宝山,太湖片-苏沪嘉小片,,,麻,K,砑,,,
BS01,宝山,太湖片-苏沪嘉小片,,,麻,Ø,虾,,,
BS01,宝山,太湖片-苏沪嘉小片,,,麻,Ø,�,,,
BS01,宝山,太湖片-苏沪嘉小片,,,麻,Ø,嚇,,,
BS01,宝山,太湖片-苏沪嘉小片,,,麻,Ø,霞,ia,,
BS01,宝山,太湖片-苏沪嘉小片,,,麻,Ø,瑕,ia,,
BS01,宝山,太湖片-苏沪嘉小片,,,麻,Ø,遐,ia,,
BS01,宝山,太湖片-苏沪嘉小片,,,麻,Ø,蝦,,,
BS01,宝山,太湖片-苏沪嘉小片,,,麻,Ø,下,o,,
BS01,宝山,太湖片-苏沪嘉小片,,,麻,Ø,夏,o,,
BS01,宝山,太湖片-苏沪嘉小片,,,麻,Ø,厦,,,
BS01,宝山,太湖片-苏沪嘉小片,,,麻,Ø,下,o,,
BS01,宝山,太湖片-苏沪嘉小片,,,麻,Ø,夏,o,,
BS01,宝山,太湖片-苏沪嘉小片,,,麻,Ø,暇,o,,
BS01,宝山,太湖片-苏沪嘉小片,,,麻,Ø,鸦,ia,,
BS01,宝山,太湖片-苏沪嘉小片,,,麻,Ø,丫,ia,,
BS01,宝山,太湖片-苏沪嘉小片,,,麻,Ø,桠,,,
BS01,宝山,太湖片-苏沪嘉小片,,,麻,Ø,哑,o,,
BS01,宝山,太湖片-苏沪嘉小片,,,麻,Ø,亚,ia,,
BS01,宝山,太湖片-苏沪嘉小片,,,模,P,补,u,,
BS01,宝山,太湖片-苏沪嘉小片,,,模,P,谱,u,,
BS01,宝山,太湖片-苏沪嘉小片,,,模,P,哺,,,
BS01,宝山,太湖片-苏沪嘉小片,,,模,P,布,u,,
BS01,宝山,太湖片-苏沪嘉小片,,,模,P,佈,u,,
BS01,宝山,太湖片-苏沪嘉小片,,,模,P,铺,u,,
BS01,宝山,太湖片-苏沪嘉小片,,,模,P,潽,,,
BS01,宝山,太湖片-苏沪嘉小片,,,模,P,普,u,,
BS01,宝山,太湖片-苏沪嘉小片,,,模,P,浦,u,,
BS01,宝山,太湖片-苏沪嘉小片,,,模,P,铺,u,,
BS01,宝山,太湖片-苏沪嘉小片,,,模,P,怖,u,,
BS01,宝山,太湖片-苏沪嘉小片,,,模,P,蒲,u,,
BS01,宝山,太湖片-苏沪嘉小片,,,模,P,菩,u,,
BS01,宝山,太湖片-苏沪嘉小片,,,模,P,脯,u,,
BS01,宝山,太湖片-苏沪嘉小片,,,模,P,葡,u,,
BS01,宝山,太湖片-苏沪嘉小片,,,模,P,莆,,,
BS01,宝山,太湖片-苏沪嘉小片,,,模,P,部,u,,
BS01,宝山,太湖片-苏沪嘉小片,,,模,P,簿,u,,
BS01,宝山,太湖片-苏沪嘉小片,,,模,P,篰,,,
BS01,宝山,太湖片-苏沪嘉小片,,,模,P,步,u,,
BS01,宝山,太湖片-苏沪嘉小片,,,模,P,捕,u,,
BS01,宝山,太湖片-苏沪嘉小片,,,模,P,埠,u,,
BS01,宝山,太湖片-苏沪嘉小片,,,模,M,模,u,,
BS01,宝山,太湖片-苏沪嘉小片,,,模,M,模,u,,
BS01,宝山,太湖片-苏沪嘉小片,,,模,M,摹,,,
BS01,宝山,太湖片-苏沪嘉小片,,,模,M,姥,,,
BS01,宝山,太湖片-苏沪嘉小片,,,模,M,暮,u,,
BS01,宝山,太湖片-苏沪嘉小片,,,模,M,慕,u,,
BS01,宝山,太湖片-苏沪嘉小片,,,模,M,墓,u,,
BS01,宝山,太湖片-苏沪嘉小片,,,模,M,募,u,,
BS01,宝山,太湖片-苏沪嘉小片,,,模,M,睦,,,
BS01,宝山,太湖片-苏沪嘉小片,,,模,T,都,u,,
BS01,宝山,太湖片-苏沪嘉小片,,,模,T,都,u,,
BS01,宝山,太湖片-苏沪嘉小片,,,模,T,赌,u,,
BS01,宝山,太湖片-苏沪嘉小片,,,模,T,堵,u,,
BS01,宝山,太湖片-苏沪嘉小片,,,模,T,肚,u,,
BS01,宝山,太湖片-苏沪嘉小片,,,模,T,睹,,,
BS01,宝山,太湖片-苏沪嘉小片,,,模,T,妒,u,,
BS01,宝山,太湖片-苏沪嘉小片,,,模,T,土,u,,
BS01,宝山,太湖片-苏沪嘉小片,,,模,T,吐,u,,
BS01,宝山,太湖片-苏沪嘉小片,,,模,T,吐,u,,
BS01,宝山,太湖片-苏沪嘉小片,,,模,T,兔,u,,
BS01,宝山,太湖片-苏沪嘉小片,,,模,T,徒,u,,
BS01,宝山,太湖片-苏沪嘉小片,,,模,T,屠,u,,
BS01,宝山,太湖片-苏沪嘉小片,,,模,T,途,u,,
BS01,宝山,太湖片-苏沪嘉小片,,,模,T,涂,u,,
BS01,宝山,太湖片-苏沪嘉小片,,,模,T,图,u,,
BS01,宝山,太湖片-苏沪嘉小片,,,模,T,杜,u,,
BS01,宝山,太湖片-苏沪嘉小片,,,模,T,肚,u,,
BS01,宝山,太湖片-苏沪嘉小片,,,模,T,度,u,,
BS01,宝山,太湖片-苏沪嘉小片,,,模,T,渡,u,,
BS01,宝山,太湖片-苏沪嘉小片,,,模,T,镀,u,,
BS01,宝山,太湖片-苏沪嘉小片,,,模,N,奴,u,,
BS01,宝山,太湖片-苏沪嘉小片,,,模,N,努,u,,
BS01,宝山,太湖片-苏沪嘉小片,,,模,N,怒,u,,
BS01,宝山,太湖片-苏沪嘉小片,,,模,L,卢,u,,
BS01,宝山,太湖片-苏沪嘉小片,,,模,L,炉,u,,
BS01,宝山,太湖片-苏沪嘉小片,,,模,L,芦,u,,
BS01,宝山,太湖片-苏沪嘉小片,,,模,L,鸬,,,
BS01,宝山,太湖片-苏沪嘉小片,,,模,L,颅,,,
BS01,宝山,太湖片-苏沪嘉小片,,,模,L,鲈,,,
BS01,宝山,太湖片-苏沪嘉小片,,,模,L,鲁,u,,
BS01,宝山,太湖片-苏沪嘉小片,,,模,L,橹,u,,
BS01,宝山,太湖片-苏沪嘉小片,,,模,L,虏,u,,
BS01,宝山,太湖片-苏沪嘉小片,,,模,L,卤,u,,
BS01,宝山,太湖片-苏沪嘉小片,,,模,L,路,u,,
BS01,宝山,太湖片-苏沪嘉小片,,,模,L,赂,,,
BS01,宝山,太湖片-苏沪嘉小片,,,模,L,露,u,,
BS01,宝山,太湖片-苏沪嘉小片,,,模,L,鹭,,,
BS01,宝山,太湖片-苏沪嘉小片,,,模,TS,租,u,,
BS01,宝山,太湖片-苏沪嘉小片,,,模,TS,祖,u,,
BS01,宝山,太湖片-苏沪嘉小片,,,模,TS,组,u,,
BS01,宝山,太湖片-苏沪嘉小片,,,模,TS,做,u,,
BS01,宝山,太湖片-苏沪嘉小片,,,模,TS,粗,u,,
BS01,宝山,太湖片-苏沪嘉小片,,,模,TS,醋,u,,
BS01,宝山,太湖片-苏沪嘉小片,,,模,TS,措,u,,
BS01,宝山,太湖片-苏沪嘉小片,,,模,TS,错,u,,
BS01,宝山,太湖片-苏沪嘉小片,,,模,TS,苏,u,,
BS01,宝山,太湖片-苏沪嘉小片,,,模,TS,酥,u,,
BS01,宝山,太湖片-苏沪嘉小片,,,模,TS,素,u,,
BS01,宝山,太湖片-苏沪嘉小片,,,模,TS,诉,u,,
BS01,宝山,太湖片-苏沪嘉小片,,,模,TS,塑,u,,
BS01,宝山,太湖片-苏沪嘉小片,,,模,TS,嗉,,,
BS01,宝山,太湖片-苏沪嘉小片,,,模,K,姑,u,,
BS01,宝山,太湖片-苏沪嘉小片,,,模,K,孤,,,
BS01,宝山,太湖片-苏沪嘉小片,,,模,K,箍,u,,
BS01,宝山,太湖片-苏沪嘉小片,,,模,K,辜,u,,
BS01,宝山,太湖片-苏沪嘉小片,,,模,K,菇,,,
BS01,宝山,太湖片-苏沪嘉小片,,,模,K,鸪,,,
BS01,宝山,太湖片-苏沪嘉小片,,,模,K,蛄,,,
BS01,宝山,太湖片-苏沪嘉小片,,,模,K,古,u,,
BS01,宝山,太湖片-苏沪嘉小片,,,模,K,估,u,,
BS01,宝山,太湖片-苏沪嘉小片,,,模,K,盬,,,
BS01,宝山,太湖片-苏沪嘉小片,,,模,K,牯,u,,
BS01,宝山,太湖片-苏沪嘉小片,,,模,K,股,u,,
BS01,宝山,太湖片-苏沪嘉小片,,,模,K,鼓,u,,
BS01,宝山,太湖片-苏沪嘉小片,,,模,K,蛊,,,
BS01,宝山,太湖片-苏沪嘉小片,,,模,K,故,u,,
BS01,宝山,太湖片-苏沪嘉小片,,,模,K,固,u,,
BS01,宝山,太湖片-苏沪嘉小片,,,模,K,锢,,,
BS01,宝山,太湖片-苏沪嘉小片,,,模,K,雇,u,,
BS01,宝山,太湖片-苏沪嘉小片,,,模,K,顾,u,,
BS01,宝山,太湖片-苏沪嘉小片,,,模,K,枯,u,,
BS01,宝山,太湖片-苏沪嘉小片,,,模,K,苦,u,,
BS01,宝山,太湖片-苏沪嘉小片,,,模,K,库,u,,
BS01,宝山,太湖片-苏沪嘉小片,,,模,K,裤,u,,
BS01,宝山,太湖片-苏沪嘉小片,,,模,K,吴,u,,
BS01,宝山,太湖片-苏沪嘉小片,,,模,K,蜈,u,,
BS01,宝山,太湖片-苏沪嘉小片,,,模,K,吾,u,,
BS01,宝山,太湖片-苏沪嘉小片,,,模,K,梧,u,,
BS01,宝山,太湖片-苏沪嘉小片,,,模,K,五,u,,
BS01,宝山,太湖片-苏沪嘉小片,,,模,K,伍,u,,
BS01,宝山,太湖片-苏沪嘉小片,,,模,K,午,u,,
BS01,宝山,太湖片-苏沪嘉小片,,,模,K,忤,,,
BS01,宝山,太湖片-苏沪嘉小片,,,模,K,误,u,,
BS01,宝山,太湖片-苏沪嘉小片,,,模,K,悟,u,,
BS01,宝山,太湖片-苏沪嘉小片,,,模,Ø,呼,u,,
BS01,宝山,太湖片-苏沪嘉小片,,,模,Ø,虎,u,,
BS01,宝山,太湖片-苏沪嘉小片,,,模,Ø,浒,,,
BS01,宝山,太湖片-苏沪嘉小片,,,模,Ø,琥,,,
BS01,宝山,太湖片-苏沪嘉小片,,,模,Ø,戽,,,
BS01,宝山,太湖片-苏沪嘉小片,,,模,Ø,胡,u,,
BS01,宝山,太湖片-苏沪嘉小片,,,模,Ø,湖,u,,
BS01,宝山,太湖片-苏沪嘉小片,,,模,Ø,狐,u,,
BS01,宝山,太湖片-苏沪嘉小片,,,模,Ø,壶,u,,
BS01,宝山,太湖片-苏沪嘉小片,,,模,Ø,乎,u,,
BS01,宝山,太湖片-苏沪嘉小片,,,模,Ø,瓠,u,,
BS01,宝山,太湖片-苏沪嘉小片,,,模,Ø,鬍,u,,
BS01,宝山,太湖片-苏沪嘉小片,,,模,Ø,糊,u,,
BS01,宝山,太湖片-苏沪嘉小片,,,模,Ø,蝴,,,
BS01,宝山,太湖片-苏沪嘉小片,,,模,Ø,瑚,,,
BS01,宝山,太湖片-苏沪嘉小片,,,模,Ø,户,u,,
BS01,宝山,太湖片-苏沪嘉小片,,,模,Ø,沪,u,,
BS01,宝山,太湖片-苏沪嘉小片,,,模,Ø,互,u,,
BS01,宝山,太湖片-苏沪嘉小片,,,模,Ø,护,,,
BS01,宝山,太湖片-苏沪嘉小片,,,模,Ø,瓠,,,
BS01,宝山,太湖片-苏沪嘉小片,,,模,Ø,糊,u,,
BS01,宝山,太湖片-苏沪嘉小片,,,模,Ø,乌,u,,
BS01,宝山,太湖片-苏沪嘉小片,,,模,Ø,污,,,
BS01,宝山,太湖片-苏沪嘉小片,,,模,Ø,坞,,,
BS01,宝山,太湖片-苏沪嘉小片,,,模,Ø,恶,u,,
BS01,宝山,太湖片-苏沪嘉小片,,,豪,P,褒,ɔ,,
BS01,宝山,太湖片-苏沪嘉小片,,,豪,P,保,ɔ,,
BS01,宝山,太湖片-苏沪嘉小片,,,豪,P,堡,ɔ,,
BS01,宝山,太湖片-苏沪嘉小片,,,豪,P,宝,ɔ,,
BS01,宝山,太湖片-苏沪嘉小片,,,豪,P,报,ɔ,,
BS01,宝山,太湖片-苏沪嘉小片,,,豪,P,袍,ɔ,,
BS01,宝山,太湖片-苏沪嘉小片,,,豪,P,抱,ɔ,,
BS01,宝山,太湖片-苏沪嘉小片,,,豪,P,暴,ɔ,,
BS01,宝山,太湖片-苏沪嘉小片,,,豪,P,菢,,,
BS01,宝山,太湖片-苏沪嘉小片,,,豪,M,毛,ɔ,,
BS01,宝山,太湖片-苏沪嘉小片,,,豪,M,冒,ɔ,,
BS01,宝山,太湖片-苏沪嘉小片,,,豪,M,帽,ɔ,,
BS01,宝山,太湖片-苏沪嘉小片,,,豪,M,瑁,,,
BS01,宝山,太湖片-苏沪嘉小片,,,豪,T,刀,ɔ,,
BS01,宝山,太湖片-苏沪嘉小片,,,豪,T,叨,,,
BS01,宝山,太湖片-苏沪嘉小片,,,豪,T,祷,ɔ,,
BS01,宝山,太湖片-苏沪嘉小片,,,豪,T,岛,ɔ,,
BS01,宝山,太湖片-苏沪嘉小片,,,豪,T,倒,ɔ,,
BS01,宝山,太湖片-苏沪嘉小片,,,豪,T,捣,ɔ,,
BS01,宝山,太湖片-苏沪嘉小片,,,豪,T,到,ɔ,,
BS01,宝山,太湖片-苏沪嘉小片,,,豪,T,倒,ɔ,,
BS01,宝山,太湖片-苏沪嘉小片,,,豪,T,滔,ɔ,,
BS01,宝山,太湖片-苏沪嘉小片,,,豪,T,掏,ɔ,,
BS01,宝山,太湖片-苏沪嘉小片,,,豪,T,讨,ɔ,,
BS01,宝山,太湖片-苏沪嘉小片,,,豪,T,套,ɔ,,
BS01,宝山,太湖片-苏沪嘉小片,,,豪,T,桃,ɔ,,
BS01,宝山,太湖片-苏沪嘉小片,,,豪,T,逃,ɔ,,
BS01,宝山,太湖片-苏沪嘉小片,,,豪,T,淘,,,
BS01,宝山,太湖片-苏沪嘉小片,,,豪,T,陶,ɔ,,
BS01,宝山,太湖片-苏沪嘉小片,,,豪,T,萄,ɔ,,
BS01,宝山,太湖片-苏沪嘉小片,,,豪,T,涛,ɔ,,
BS01,宝山,太湖片-苏沪嘉小片,,,豪,T,道,ɔ,,
BS01,宝山,太湖片-苏沪嘉小片,,,豪,T,稻,ɔ,,
BS01,宝山,太湖片-苏沪嘉小片,,,豪,T,盗,ɔ,,
BS01,宝山,太湖片-苏沪嘉小片,,,豪,T,导,ɔ,,
BS01,宝山,太湖片-苏沪嘉小片,,,豪,T,蹈,,,
BS01,宝山,太湖片-苏沪嘉小片,,,豪,N,脑,ɔ,,
BS01,宝山,太湖片-苏沪嘉小片,,,豪,N,恼,ɔ,,
BS01,宝山,太湖片-苏沪嘉小片,,,豪,L,劳,ɔ,,
BS01,宝山,太湖片-苏沪嘉小片,,,豪,L,捞,ɔ,,
BS01,宝山,太湖片-苏沪嘉小片,,,豪,L,唠,ɔ,,
BS01,宝山,太湖片-苏沪嘉小片,,,豪,L,牢,ɔ,,
BS01,宝山,太湖片-苏沪嘉小片,,,豪,L,痨,,,
BS01,宝山,太湖片-苏沪嘉小片,,,豪,L,老,ɔ,,
BS01,宝山,太湖片-苏沪嘉小片,,,豪,L,佬,,,
BS01,宝山,太湖片-苏沪嘉小片,,,豪,L,涝,ɔ,,
BS01,宝山,太湖片-苏沪嘉小片,,,豪,TS,遭,ɔ,,
BS01,宝山,太湖片-苏沪嘉小片,,,豪,TS,糟,ɔ,,
BS01,宝山,太湖片-苏沪嘉小片,,,豪,TS,早,ɔ,,
BS01,宝山,太湖片-苏沪嘉小片,,,豪,TS,枣,ɔ,,
BS01,宝山,太湖片-苏沪嘉小片,,,豪,TS,蚤,,,
BS01,宝山,太湖片-苏沪嘉小片,,,豪,TS,澡,,,
BS01,宝山,太湖片-苏沪嘉小片,,,豪,TS,藻,,,
BS01,宝山,太湖片-苏沪嘉小片,,,豪,TS,躁,ɔ,,
BS01,宝山,太湖片-苏沪嘉小片,,,豪,TS,灶,ɔ,,
BS01,宝山,太湖片-苏沪嘉小片,,,豪,TS,操,ɔ,,
BS01,宝山,太湖片-苏沪嘉小片,,,豪,TS,草,ɔ,,
BS01,宝山,太湖片-苏沪嘉小片,,,豪,TS,騲,,,
BS01,宝山,太湖片-苏沪嘉小片,,,豪,TS,糙,ɔ,,
BS01,宝山,太湖片-苏沪嘉小片,,,豪,TS,曹,ɔ,,
BS01,宝山,太湖片-苏沪嘉小片,,,豪,TS,槽,ɔ,,
BS01,宝山,太湖片-苏沪嘉小片,,,豪,TS,皂,ɔ,,
BS01,宝山,太湖片-苏沪嘉小片,,,豪,TS,造,ɔ,,
BS01,宝山,太湖片-苏沪嘉小片,,,豪,TS,骚,ɔ,,
BS01,宝山,太湖片-苏沪嘉小片,,,豪,TS,臊,,,
BS01,宝山,太湖片-苏沪嘉小片,,,豪,TS,扫,ɔ,,
BS01,宝山,太湖片-苏沪嘉小片,,,豪,TS,嫂,ɔ,,
BS01,宝山,太湖片-苏沪嘉小片,,,豪,TS,扫,ɔ,,
BS01,宝山,太湖片-苏沪嘉小片,,,豪,TS,燥,ɔ,,
BS01,宝山,太湖片-苏沪嘉小片,,,豪,K,高,ɔ,,
BS01,宝山,太湖片-苏沪嘉小片,,,豪,K,膏,ɔ,,
BS01,宝山,太湖片-苏沪嘉小片,,,豪,K,篙,,,
BS01,宝山,太湖片-苏沪嘉小片,,,豪,K,羔,ɔ,,
BS01,宝山,太湖片-苏沪嘉小片,,,豪,K,糕,ɔ,,
BS01,宝山,太湖片-苏沪嘉小片,,,豪,K,稿,ɔ,,
BS01,宝山,太湖片-苏沪嘉小片,,,豪,K,告,ɔ,,
BS01,宝山,太湖片-苏沪嘉小片,,,豪,K,膏,,,
BS01,宝山,太湖片-苏沪嘉小片,,,豪,K,考,ɔ,,
BS01,宝山,太湖片-苏沪嘉小片,,,豪,K,烤,ɔ,,
BS01,宝山,太湖片-苏沪嘉小片,,,豪,K,拷,,,
BS01,宝山,太湖片-苏沪嘉小片,,,豪,K,靠,ɔ,,
BS01,宝山,太湖片-苏沪嘉小片,,,豪,K,犒,,,
BS01,宝山,太湖片-苏沪嘉小片,,,豪,K,铐,,,
BS01,宝山,太湖片-苏沪嘉小片,,,豪,K,㸆,,,
BS01,宝山,太湖片-苏沪嘉小片,,,豪,K,熬,ɔ,,
BS01,宝山,太湖片-苏沪嘉小片,,,豪,K,敖,,,
BS01,宝山,太湖片-苏沪嘉小片,,,豪,K,鳌,,,
BS01,宝山,太湖片-苏沪嘉小片,,,豪,K,傲,ɔ,,
BS01,宝山,太湖片-苏沪嘉小片,,,豪,K,鏊,,,
BS01,宝山,太湖片-苏沪嘉小片,,,豪,Ø,蒿,,,
BS01,宝山,太湖片-苏沪嘉小片,,,豪,Ø,薅,,,
BS01,宝山,太湖片-苏沪嘉小片,,,豪,Ø,好,ɔ,,
BS01,宝山,太湖片-苏沪嘉小片,,,豪,Ø,好,ɔ,,
BS01,宝山,太湖片-苏沪嘉小片,,,豪,Ø,耗,ɔ,,
BS01,宝山,太湖片-苏沪嘉小片,,,豪,Ø,豪,ɔ,,
BS01,宝山,太湖片-苏沪嘉小片,,,豪,Ø,壕,,,
BS01,宝山,太湖片-苏沪嘉小片,,,豪,Ø,毫,ɔ,,
BS01,宝山,太湖片-苏沪嘉小片,,,豪,Ø,号,ɔ,,
BS01,宝山,太湖片-苏沪嘉小片,,,豪,Ø,蠔,,,
BS01,宝山,太湖片-苏沪嘉小片,,,豪,Ø,浩,,,
BS01,宝山,太湖片-苏沪嘉小片,,,豪,Ø,号,,,
BS01,宝山,太湖片-苏沪嘉小片,,,豪,Ø,爊,,,
BS01,宝山,太湖片-苏沪嘉小片,,,豪,Ø,袄,ɔ,,
BS01,宝山,太湖片-苏沪嘉小片,,,豪,Ø,懊,ɔ,,
BS01,宝山,太湖片-苏沪嘉小片,,,豪,Ø,奥,ɔ,,
BS01,宝山,太湖片-苏沪嘉小片,,,豪,Ø,懊,,,
BS01,宝山,太湖片-苏沪嘉小片,,,豪,Ø,澳,,,
BS01,宝山,太湖片-苏沪嘉小片,,,侯,P,剖,u,,
BS01,宝山,太湖片-苏沪嘉小片,,,侯,M,某,ᴇ,,
BS01,宝山,太湖片-苏沪嘉小片,,,侯,M,亩,u,,
BS01,宝山,太湖片-苏沪嘉小片,,,侯,M,牡,u,,
BS01,宝山,太湖片-苏沪嘉小片,,,侯,M,母,u,,
BS01,宝山,太湖片-苏沪嘉小片,,,侯,M,拇,u,,
BS01,宝山,太湖片-苏沪嘉小片,,,侯,M,戊,,,
BS01,宝山,太湖片-苏沪嘉小片,,,侯,M,茂,ɔ,,
BS01,宝山,太湖片-苏沪嘉小片,,,侯,M,贸,ɔ,,
BS01,宝山,太湖片-苏沪嘉小片,,,侯,T,兜,ɤ,,
BS01,宝山,太湖片-苏沪嘉小片,,,侯,T,斗,ɤ,,
BS01,宝山,太湖片-苏沪嘉小片,,,侯,T,抖,ɤ,,
BS01,宝山,太湖片-苏沪嘉小片,,,侯,T,陡,ɤ,,
BS01,宝山,太湖片-苏沪嘉小片,,,侯,T,蚪,,,
BS01,宝山,太湖片-苏沪嘉小片,,,侯,T,斗,ɤ,,
BS01,宝山,太湖片-苏沪嘉小片,,,侯,T,偷,ɤ,,
BS01,宝山,太湖片-苏沪嘉小片,,,侯,T,敨,,,
BS01,宝山,太湖片-苏沪嘉小片,,,侯,T,透,,,
BS01,宝山,太湖片-苏沪嘉小片,,,侯,T,头,ɤ,,
BS01,宝山,太湖片-苏沪嘉小片,,,侯,T,投,ɤ,,
BS01,宝山,太湖片-苏沪嘉小片,,,侯,T,骰,,,
BS01,宝山,太湖片-苏沪嘉小片,,,侯,T,豆,ɤ,,
BS01,宝山,太湖片-苏沪嘉小片,,,侯,T,逗,,,
BS01,宝山,太湖片-苏沪嘉小片,,,侯,T,痘,ɤ,,
BS01,宝山,太湖片-苏沪嘉小片,,,侯,T,脰,,,
BS01,宝山,太湖片-苏沪嘉小片,,,侯,L,楼,ɤe,,
BS01,宝山,太湖片-苏沪嘉小片,,,侯,L,搂,ɤe,,
BS01,宝山,太湖片-苏沪嘉小片,,,侯,L,耧,,,
BS01,宝山,太湖片-苏沪嘉小片,,,侯,L,娄,,,
BS01,宝山,太湖片-苏沪嘉小片,,,侯,L,搂,ɤe,,
BS01,宝山,太湖片-苏沪嘉小片,,,侯,L,篓,ɤe,,
BS01,宝山,太湖片-苏沪嘉小片,,,侯,L,溇,,,
BS01,宝山,太湖片-苏沪嘉小片,,,侯,L,漏,ɤe,,
BS01,宝山,太湖片-苏沪嘉小片,,,侯,L,陋,ɤe,,
BS01,宝山,太湖片-苏沪嘉小片,,,侯,TS,走,ɤe,,
BS01,宝山,太湖片-苏沪嘉小片,,,侯,TS,奏,ɤe,,
BS01,宝山,太湖片-苏沪嘉小片,,,侯,TS,凑,ɤe,,
BS01,宝山,太湖片-苏沪嘉小片,,,侯,TS,叟,,,
BS01,宝山,太湖片-苏沪嘉小片,,,侯,TS,嗽,,,
BS01,宝山,太湖片-苏沪嘉小片,,,侯,K,勾,ɤe,,
BS01,宝山,太湖片-苏沪嘉小片,,,侯,K,钩,ɤe,,
BS01,宝山,太湖片-苏沪嘉小片,,,侯,K,沟,ɤe,,
BS01,宝山,太湖片-苏沪嘉小片,,,侯,K,狗,ɤe,,
BS01,宝山,太湖片-苏沪嘉小片,,,侯,K,苟,ɤe,,
BS01,宝山,太湖片-苏沪嘉小片,,,侯,K,垢,,,
BS01,宝山,太湖片-苏沪嘉小片,,,侯,K,枸,,,
BS01,宝山,太湖片-苏沪嘉小片,,,侯,K,彀,,,
BS01,宝山,太湖片-苏沪嘉小片,,,侯,K,够,ɤe,,
BS01,宝山,太湖片-苏沪嘉小片,,,侯,K,构,ɤe,,
BS01,宝山,太湖片-苏沪嘉小片,,,侯,K,购,ɤe,,
BS01,宝山,太湖片-苏沪嘉小片,,,侯,K,勾,,,
BS01,宝山,太湖片-苏沪嘉小片,,,侯,K,抠,,,
BS01,宝山,太湖片-苏沪嘉小片,,,侯,K,眍,,,
BS01,宝山,太湖片-苏沪嘉小片,,,侯,K,口,ɤe,,
BS01,宝山,太湖片-苏沪嘉小片,,,侯,K,叩,ɤe,,
BS01,宝山,太湖片-苏沪嘉小片,,,侯,K,扣,ɤe,,
BS01,宝山,太湖片-苏沪嘉小片,,,侯,K,寇,ɤe,,
BS01,宝山,太湖片-苏沪嘉小片,,,侯,K,藕,ɤe,,
BS01,宝山,太湖片-苏沪嘉小片,,,侯,K,偶,ɤe,,
BS01,宝山,太湖片-苏沪嘉小片,,,侯,K,偶,ɤe,,
BS01,宝山,太湖片-苏沪嘉小片,,,侯,Ø,吼,ɤe,,
BS01,宝山,太湖片-苏沪嘉小片,,,侯,Ø,侯,ɤe,,
BS01,宝山,太湖片-苏沪嘉小片,,,侯,Ø,喉,ɤe,,
BS01,宝山,太湖片-苏沪嘉小片,,,侯,Ø,猴,ɤe,,
BS01,宝山,太湖片-苏沪嘉小片,,,侯,Ø,瘊,,,
BS01,宝山,太湖片-苏沪嘉小片,,,侯,Ø,後,ɤe,,
BS01,宝山,太湖片-苏沪嘉小片,,,侯,Ø,厚,ɤe,,
BS01,宝山,太湖片-苏沪嘉小片,,,侯,Ø,后,ɤe,,
BS01,宝山,太湖片-苏沪嘉小片,,,侯,Ø,候,ɤe,,
BS01,宝山,太湖片-苏沪嘉小片,,,侯,Ø,鲎,,,
BS01,宝山,太湖片-苏沪嘉小片,,,侯,Ø,欧,ɤe,,
BS01,宝山,太湖片-苏沪嘉小片,,,侯,Ø,瓯,,,
BS01,宝山,太湖片-苏沪嘉小片,,,侯,Ø,区,,,
BS01,宝山,太湖片-苏沪嘉小片,,,侯,Ø,鸥,,,
BS01,宝山,太湖片-苏沪嘉小片,,,侯,Ø,呕,ɤe,,
BS01,宝山,太湖片-苏沪嘉小片,,,侯,Ø,殴,ɤe,,
BS01,宝山,太湖片-苏沪嘉小片,,,侯,Ø,沤,,,
BS01,宝山,太湖片-苏沪嘉小片,,,侯,Ø,怄,,,
BS01,宝山,太湖片-苏沪嘉小片,,,皆,P,拜,ᴀ,,
BS01,宝山,太湖片-苏沪嘉小片,,,皆,P,排,ᴀ,,
BS01,宝山,太湖片-苏沪嘉小片,,,皆,P,�,,,
BS01,宝山,太湖片-苏沪嘉小片,,,皆,M,埋,ᴀ,,
BS01,宝山,太湖片-苏沪嘉小片,,,皆,L,攋,,,
BS01,宝山,太湖片-苏沪嘉小片,,,皆,TS*,䍉,,,
BS01,宝山,太湖片-苏沪嘉小片,,,皆,TS*,箉,,,
BS01,宝山,太湖片-苏沪嘉小片,,,皆,TS*,斋,ᴇ,,
BS01,宝山,太湖片-苏沪嘉小片,,,皆,TS*,豺,ᴇ,,
BS01,宝山,太湖片-苏沪嘉小片,,,皆,K,皆,ᴀ,,
BS01,宝山,太湖片-苏沪嘉小片,,,皆,K,阶,ᴀ,,
BS01,宝山,太湖片-苏沪嘉小片,,,皆,K,稭,,,
BS01,宝山,太湖片-苏沪嘉小片,,,皆,K,偕,,,
BS01,宝山,太湖片-苏沪嘉小片,,,皆,K,介,ᴀ,,
BS01,宝山,太湖片-苏沪嘉小片,,,皆,K,界,ᴀ,,
BS01,宝山,太湖片-苏沪嘉小片,,,皆,K,芥,ᴀ,,
BS01,宝山,太湖片-苏沪嘉小片,,,皆,K,尬,,,
BS01,宝山,太湖片-苏沪嘉小片,,,皆,K,疥,ᴀ,,
BS01,宝山,太湖片-苏沪嘉小片,,,皆,K,届,ᴀ,,
BS01,宝山,太湖片-苏沪嘉小片,,,皆,K,戒,ᴀ,,
BS01,宝山,太湖片-苏沪嘉小片,,,皆,K,庎,,,
BS01,宝山,太湖片-苏沪嘉小片,,,皆,K,揩,,,
BS01,宝山,太湖片-苏沪嘉小片,,,皆,K,楷,ᴀ,,
BS01,宝山,太湖片-苏沪嘉小片,,,皆,Ø,谐,,,
BS01,宝山,太湖片-苏沪嘉小片,,,皆,Ø,骇,,,
BS01,宝山,太湖片-苏沪嘉小片,,,皆,Ø,械,iᴇ,,
BS01,宝山,太湖片-苏沪嘉小片,,,皆,Ø,挨,ᴇ,,
BS01,宝山,太湖片-苏沪嘉小片,,,佳,P,摆,ᴀ,,
BS01,宝山,太湖片-苏沪嘉小片,,,佳,P,派,ᴀ,,
BS01,宝山,太湖片-苏沪嘉小片,,,佳,P,牌,ᴀ,,
BS01,宝山,太湖片-苏沪嘉小片,,,佳,P,簰,,,
BS01,宝山,太湖片-苏沪嘉小片,,,佳,P,罢,ᴀ,,
BS01,宝山,太湖片-苏沪嘉小片,,,佳,P,稗,ᴀ,,
BS01,宝山,太湖片-苏沪嘉小片,,,佳,M,买,ᴀ,,
BS01,宝山,太湖片-苏沪嘉小片,,,佳,M,卖,ᴀ,,
BS01,宝山,太湖片-苏沪嘉小片,,,佳,N,奶,ᴀ,,
BS01,宝山,太湖片-苏沪嘉小片,,,佳,TS*,债,ᴀ,,
BS01,宝山,太湖片-苏沪嘉小片,,,佳,TS*,钗,ᴀ,,
BS01,宝山,太湖片-苏沪嘉小片,,,佳,TS*,差,ᴀ,,
BS01,宝山,太湖片-苏沪嘉小片,,,佳,TS*,柴,ᴀ,,
BS01,宝山,太湖片-苏沪嘉小片,,,佳,TS*,筛,ᴀ,,
BS01,宝山,太湖片-苏沪嘉小片,,,佳,TS*,洒,ᴀ,,
BS01,宝山,太湖片-苏沪嘉小片,,,佳,TS*,晒,o,,
BS01,宝山,太湖片-苏沪嘉小片,,,佳,K,佳,iᴀ,,
BS01,宝山,太湖片-苏沪嘉小片,,,佳,K,街,ᴀ,,
BS01,宝山,太湖片-苏沪嘉小片,,,佳,K,解,ᴀ,,
BS01,宝山,太湖片-苏沪嘉小片,,,佳,K,懈,,,
BS01,宝山,太湖片-苏沪嘉小片,,,佳,K,涯,ᴀ,,
BS01,宝山,太湖片-苏沪嘉小片,,,佳,K,崖,ᴀ,,
BS01,宝山,太湖片-苏沪嘉小片,,,佳,K,捱,,,
BS01,宝山,太湖片-苏沪嘉小片,,,佳,Ø,鞋,ᴀ,,
BS01,宝山,太湖片-苏沪嘉小片,,,佳,Ø,解,ᴀ,,
BS01,宝山,太湖片-苏沪嘉小片,,,佳,Ø,解,ᴀ,,
BS01,宝山,太湖片-苏沪嘉小片,,,佳,Ø,蟹,ᴀ,,
BS01,宝山,太湖片-苏沪嘉小片,,,佳,Ø,矮,ᴀ,,
BS01,宝山,太湖片-苏沪嘉小片,,,佳,Ø,隘,,,