point_id,point_name,subbranch,lat,lon,韵,声组,汉字,读音,note,浙江省语言志
HZ01,杭州城区,太湖片-杭州小片,,,歌,T,多,o,,
HZ01,杭州城区,太湖片-杭州小片,,,歌,T,拖,o,,
HZ01,杭州城区,太湖片-杭州小片,,,歌,T,他,a,,
HZ01,杭州城区,太湖片-杭州小片,,,歌,T,驼,o,,
HZ01,杭州城区,太湖片-杭州小片,,,歌,T,驮,o,,
HZ01,杭州城区,太湖片-杭州小片,,,歌,T,陀,o,,
HZ01,杭州城区,太湖片-杭州小片,,,歌,T,鸵,,,
HZ01,杭州城区,太湖片-杭州小片,,,歌,T,沱,,,
HZ01,杭州城区,太湖片-杭州小片,,,歌,T,舵,o,,
HZ01,杭州城区,太湖片-杭州小片,,,歌,T,大,a/o,～妈妈/～手{右手},
HZ01,杭州城区,太湖片-杭州小片,,,歌,T,驮,o,,
HZ01,杭州城区,太湖片-杭州小片,,,歌,N,挪,,,
HZ01,杭州城区,太湖片-杭州小片,,,歌,N,哪,,,
HZ01,杭州城区,太湖片-杭州小片,,,歌,N,那,a,,
HZ01,杭州城区,太湖片-杭州小片,,,歌,L,罗,o,,
HZ01,杭州城区,太湖片-杭州小片,,,歌,L,锣,o,,
HZ01,杭州城区,太湖片-杭州小片,,,歌,L,箩,o,,
HZ01,杭州城区,太湖片-杭州小片,,,歌,L,萝,o,,
HZ01,杭州城区,太湖片-杭州小片,,,歌,L,逻,,,
HZ01,杭州城区,太湖片-杭州小片,,,歌,TS,左,o,,
HZ01,杭州城区,太湖片-杭州小片,,,歌,TS,佐,o,,
HZ01,杭州城区,太湖片-杭州小片,,,歌,TS,搓,o,,
HZ01,杭州城区,太湖片-杭州小片,,,歌,TS,娑,,,
HZ01,杭州城区,太湖片-杭州小片,,,歌,K,歌,o,,
HZ01,杭州城区,太湖片-杭州小片,,,歌,K,哥,o,,
HZ01,杭州城区,太湖片-杭州小片,,,歌,K,柯,,,
HZ01,杭州城区,太湖片-杭州小片,,,歌,K,个,o,,
HZ01,杭州城区,太湖片-杭州小片,,,歌,K,轲,o,,
HZ01,杭州城区,太湖片-杭州小片,,,歌,K,可,o,,
HZ01,杭州城区,太湖片-杭州小片,,,歌,K,蛾,o,,
HZ01,杭州城区,太湖片-杭州小片,,,歌,K,鹅,o,,
HZ01,杭州城区,太湖片-杭州小片,,,歌,K,俄,o,,
HZ01,杭州城区,太湖片-杭州小片,,,歌,K,娥,,,
HZ01,杭州城区,太湖片-杭州小片,,,歌,K,我,o,,
HZ01,杭州城区,太湖片-杭州小片,,,歌,K,饿,o,,
HZ01,杭州城区,太湖片-杭州小片,,,歌,Ø,荷,o,,
HZ01,杭州城区,太湖片-杭州小片,,,歌,Ø,河,o,,
HZ01,杭州城区,太湖片-杭州小片,,,歌,Ø,何,o,,
HZ01,杭州城区,太湖片-杭州小片,,,歌,Ø,荷,o,,
HZ01,杭州城区,太湖片-杭州小片,,,歌,Ø,贺,,,
HZ01,杭州城区,太湖片-杭州小片,,,歌,Ø,阿,a/o,～婆/～胶,
HZ01,杭州城区,太湖片-杭州小片,,,歌,Ø,屙,,,
HZ01,杭州城区,太湖片-杭州小片,,,戈,K,茄,ia,,
HZ01,杭州城区,太湖片-杭州小片,,,戈,P,波,o,,
HZ01,杭州城区,太湖片-杭州小片,,,戈,P,菠,,,
HZ01,杭州城区,太湖片-杭州小片,,,戈,P,跛,,,
HZ01,杭州城区,太湖片-杭州小片,,,戈,P,簸,,,
HZ01,杭州城区,太湖片-杭州小片,,,戈,P,簸,,,
HZ01,杭州城区,太湖片-杭州小片,,,戈,P,播,o,,
HZ01,杭州城区,太湖片-杭州小片,,,戈,P,颇,o,,
HZ01,杭州城区,太湖片-杭州小片,,,戈,P,坡,o,,
HZ01,杭州城区,太湖片-杭州小片,,,戈,P,玻,o,,
HZ01,杭州城区,太湖片-杭州小片,,,戈,P,破,o,,
HZ01,杭州城区,太湖片-杭州小片,,,戈,P,婆,o,,
HZ01,杭州城区,太湖片-杭州小片,,,戈,P,薄,o,,
HZ01,杭州城区,太湖片-杭州小片,,,戈,M,魔,o,,
HZ01,杭州城区,太湖片-杭州小片,,,戈,M,磨,o,,
HZ01,杭州城区,太湖片-杭州小片,,,戈,M,摩,o,,
HZ01,杭州城区,太湖片-杭州小片,,,戈,M,馍,o,,
HZ01,杭州城区,太湖片-杭州小片,,,戈,M,蘑,,,
HZ01,杭州城区,太湖片-杭州小片,,,戈,M,磨,o,,
HZ01,杭州城区,太湖片-杭州小片,,,戈,T,朵,o,,
HZ01,杭州城区,太湖片-杭州小片,,,戈,T,躲,o,,
HZ01,杭州城区,太湖片-杭州小片,,,戈,T,剁,o,,
HZ01,杭州城区,太湖片-杭州小片,,,戈,T,妥,o,,
HZ01,杭州城区,太湖片-杭州小片,,,戈,T,椭,,,
HZ01,杭州城区,太湖片-杭州小片,,,戈,T,唾,o,,
HZ01,杭州城区,太湖片-杭州小片,,,戈,T,砣,,,
HZ01,杭州城区,太湖片-杭州小片,,,戈,T,惰,o,,
HZ01,杭州城区,太湖片-杭州小片,,,戈,T,垛,,,
HZ01,杭州城区,太湖片-杭州小片,,,戈,T,堕,o,,
HZ01,杭州城区,太湖片-杭州小片,,,戈,N,挼,,,
HZ01,杭州城区,太湖片-杭州小片,,,戈,N,糯,o,,
HZ01,杭州城区,太湖片-杭州小片,,,戈,N,懦,,,
HZ01,杭州城区,太湖片-杭州小片,,,戈,L,骡,o,,
HZ01,杭州城区,太湖片-杭州小片,,,戈,L,螺,o,,
HZ01,杭州城区,太湖片-杭州小片,,,戈,L,脶,,,
HZ01,杭州城区,太湖片-杭州小片,,,戈,L,啰,,,
HZ01,杭州城区,太湖片-杭州小片,,,戈,L,裸,o,,
HZ01,杭州城区,太湖片-杭州小片,,,戈,L,瘰,,,
HZ01,杭州城区,太湖片-杭州小片,,,戈,L,摞,,,
HZ01,杭州城区,太湖片-杭州小片,,,戈,TS,锉,,,
HZ01,杭州城区,太湖片-杭州小片,,,戈,TS,莝,,,
HZ01,杭州城区,太湖片-杭州小片,,,戈,TS,矬,,,
HZ01,杭州城区,太湖片-杭州小片,,,戈,TS,坐,o,,
HZ01,杭州城区,太湖片-杭州小片,,,戈,TS,座,o,,
HZ01,杭州城区,太湖片-杭州小片,,,戈,TS,蓑,,,
HZ01,杭州城区,太湖片-杭州小片,,,戈,TS,梭,o,,
HZ01,杭州城区,太湖片-杭州小片,,,戈,TS,唆,,,
HZ01,杭州城区,太湖片-杭州小片,,,戈,TS,莎,,,
HZ01,杭州城区,太湖片-杭州小片,,,戈,TS,锁,o,,
HZ01,杭州城区,太湖片-杭州小片,,,戈,TS,琐,o,,
HZ01,杭州城区,太湖片-杭州小片,,,戈,TS,唢,,,
HZ01,杭州城区,太湖片-杭州小片,,,戈,K,过,,,
HZ01,杭州城区,太湖片-杭州小片,,,戈,K,锅,u,,
HZ01,杭州城区,太湖片-杭州小片,,,戈,K,戈,u,,
HZ01,杭州城区,太湖片-杭州小片,,,戈,K,果,u,,
HZ01,杭州城区,太湖片-杭州小片,,,戈,K,裹,u,,
HZ01,杭州城区,太湖片-杭州小片,,,戈,K,餜,,,
HZ01,杭州城区,太湖片-杭州小片,,,戈,K,过,,,
HZ01,杭州城区,太湖片-杭州小片,,,戈,K,科,o,,
HZ01,杭州城区,太湖片-杭州小片,,,戈,K,窠,,,
HZ01,杭州城区,太湖片-杭州小片,,,戈,K,棵,o,,
HZ01,杭州城区,太湖片-杭州小片,,,戈,K,髁,,,
HZ01,杭州城区,太湖片-杭州小片,,,戈,K,蝌,,,
HZ01,杭州城区,太湖片-杭州小片,,,戈,K,颗,o,,
HZ01,杭州城区,太湖片-杭州小片,,,戈,K,课,o,,
HZ01,杭州城区,太湖片-杭州小片,,,戈,K,讹,,,
HZ01,杭州城区,太湖片-杭州小片,,,戈,K,卧,,,
HZ01,杭州城区,太湖片-杭州小片,,,戈,Ø,火,u,,
HZ01,杭州城区,太湖片-杭州小片,,,戈,Ø,伙,u,,
HZ01,杭州城区,太湖片-杭州小片,,,戈,Ø,货,u,,
HZ01,杭州城区,太湖片-杭州小片,,,戈,Ø,和,o,,
HZ01,杭州城区,太湖片-杭州小片,,,戈,Ø,禾,u,,
HZ01,杭州城区,太湖片-杭州小片,,,戈,Ø,祸,u,,
HZ01,杭州城区,太湖片-杭州小片,,,戈,Ø,夥,,,
HZ01,杭州城区,太湖片-杭州小片,,,戈,Ø,和,o,,
HZ01,杭州城区,太湖片-杭州小片,,,戈,Ø,倭,u/o,/～七～八,
HZ01,杭州城区,太湖片-杭州小片,,,戈,Ø,踒,,,
HZ01,杭州城区,太湖片-杭州小片,,,戈,Ø,窝,u,,
HZ01,杭州城区,太湖片-杭州小片,,,戈,Ø,涡,,,
HZ01,杭州城区,太湖片-杭州小片,,,戈,Ø,莴,,,
HZ01,杭州城区,太湖片-杭州小片,,,戈,Ø,涴,,,
HZ01,杭州城区,太湖片-杭州小片,,,戈,Ø,瘸,,,
HZ01,杭州城区,太湖片-杭州小片,,,戈,Ø,靴,y,,
HZ01,杭州城区,太湖片-杭州小片,,,戈,Ø,�,,,
HZ01,杭州城区,太湖片-杭州小片,,,麻,P,巴,a,,
HZ01,杭州城区,太湖片-杭州小片,,,麻,P,芭,a,,
HZ01,杭州城区,太湖片-杭州小片,,,麻,P,疤,a,,
HZ01,杭州城区,太湖片-杭州小片,,,麻,P,笆,,,
HZ01,杭州城区,太湖片-杭州小片,,,麻,P,吧,,,
HZ01,杭州城区,太湖片-杭州小片,,,麻,P,把,a,,
HZ01,杭州城区,太湖片-杭州小片,,,麻,P,靶,a,,
HZ01,杭州城区,太湖片-杭州小片,,,麻,P,霸,a,,
HZ01,杭州城区,太湖片-杭州小片,,,麻,P,欛,a,,
HZ01,杭州城区,太湖片-杭州小片,,,麻,P,壩,,,
HZ01,杭州城区,太湖片-杭州小片,,,麻,P,坝,a,,
HZ01,杭州城区,太湖片-杭州小片,,,麻,P,爸,a,,
HZ01,杭州城区,太湖片-杭州小片,,,麻,P,怕,a,,
HZ01,杭州城区,太湖片-杭州小片,,,麻,P,帕,a,,
HZ01,杭州城区,太湖片-杭州小片,,,麻,P,爬,a,,
HZ01,杭州城区,太湖片-杭州小片,,,麻,P,琶,a,,
HZ01,杭州城区,太湖片-杭州小片,,,麻,P,杷,a,,
HZ01,杭州城区,太湖片-杭州小片,,,麻,P,钯,,,
HZ01,杭州城区,太湖片-杭州小片,,,麻,P,耙,,,
HZ01,杭州城区,太湖片-杭州小片,,,麻,M,麻,a,,
HZ01,杭州城区,太湖片-杭州小片,,,麻,M,痲,a,,
HZ01,杭州城区,太湖片-杭州小片,,,麻,M,蟆,,,
HZ01,杭州城区,太湖片-杭州小片,,,麻,M,妈,a,,
HZ01,杭州城区,太湖片-杭州小片,,,麻,M,马,a,,
HZ01,杭州城区,太湖片-杭州小片,,,麻,M,码,a,,
HZ01,杭州城区,太湖片-杭州小片,,,麻,M,玛,,,
HZ01,杭州城区,太湖片-杭州小片,,,麻,M,蚂,,,
HZ01,杭州城区,太湖片-杭州小片,,,麻,M,骂,a,,
HZ01,杭州城区,太湖片-杭州小片,,,麻,N,拿,a,,
HZ01,杭州城区,太湖片-杭州小片,,,麻,TS,茶,a,,
HZ01,杭州城区,太湖片-杭州小片,,,麻,TS,搽,a,,
HZ01,杭州城区,太湖片-杭州小片,,,麻,TS,䖳,,,
HZ01,杭州城区,太湖片-杭州小片,,,麻,TS*,楂,a,,
HZ01,杭州城区,太湖片-杭州小片,,,麻,TS*,渣,a,,
HZ01,杭州城区,太湖片-杭州小片,,,麻,TS*,诈,a,,
HZ01,杭州城区,太湖片-杭州小片,,,麻,TS*,榨,a,,
HZ01,杭州城区,太湖片-杭州小片,,,麻,TS*,炸,a,,
HZ01,杭州城区,太湖片-杭州小片,,,麻,TS*,叉,a,,
HZ01,杭州城区,太湖片-杭州小片,,,麻,TS*,杈,,,
HZ01,杭州城区,太湖片-杭州小片,,,麻,TS*,差,a,～仿不多,
HZ01,杭州城区,太湖片-杭州小片,,,麻,TS*,岔,a,,
HZ01,杭州城区,太湖片-杭州小片,,,麻,TS*,差,a,～仿不多,
HZ01,杭州城区,太湖片-杭州小片,,,麻,TS*,茬,,,
HZ01,杭州城区,太湖片-杭州小片,,,麻,TS*,查,a,,
HZ01,杭州城区,太湖片-杭州小片,,,麻,TS*,乍,,,
HZ01,杭州城区,太湖片-杭州小片,,,麻,TS*,沙,a,,
HZ01,杭州城区,太湖片-杭州小片,,,麻,TS*,纱,a,,
HZ01,杭州城区,太湖片-杭州小片,,,麻,TS*,痧,,,
HZ01,杭州城区,太湖片-杭州小片,,,麻,TS*,砂,,,
HZ01,杭州城区,太湖片-杭州小片,,,麻,TS*,鲨,,,
HZ01,杭州城区,太湖片-杭州小片,,,麻,TS*,裟,,,
HZ01,杭州城区,太湖片-杭州小片,,,麻,TS*,洒,ɛ,,
HZ01,杭州城区,太湖片-杭州小片,,,麻,TS*,厦,,,
HZ01,杭州城区,太湖片-杭州小片,,,麻,K,家,ia,当～人,
HZ01,杭州城区,太湖片-杭州小片,,,麻,K,傢,ia,,
HZ01,杭州城区,太湖片-杭州小片,,,麻,K,加,ia,,
HZ01,杭州城区,太湖片-杭州小片,,,麻,K,痂,,,
HZ01,杭州城区,太湖片-杭州小片,,,麻,K,嘉,ia,,
HZ01,杭州城区,太湖片-杭州小片,,,麻,K,枷,,,
HZ01,杭州城区,太湖片-杭州小片,,,麻,K,袈,,,
HZ01,杭州城区,太湖片-杭州小片,,,麻,K,假,ia,,
HZ01,杭州城区,太湖片-杭州小片,,,麻,K,贾,ia,,
HZ01,杭州城区,太湖片-杭州小片,,,麻,K,假,ia,,
HZ01,杭州城区,太湖片-杭州小片,,,麻,K,架,ia,,
HZ01,杭州城区,太湖片-杭州小片,,,麻,K,驾,,,
HZ01,杭州城区,太湖片-杭州小片,,,麻,K,嫁,ia,,
HZ01,杭州城区,太湖片-杭州小片,,,麻,K,稼,ia,,
HZ01,杭州城区,太湖片-杭州小片,,,麻,K,价,ia,,
HZ01,杭州城区,太湖片-杭州小片,,,麻,K,揢,,,
HZ01,杭州城区,太湖片-杭州小片,,,麻,K,牙,ia,,
HZ01,杭州城区,太湖片-杭州小片,,,麻,K,芽,ia,,
HZ01,杭州城区,太湖片-杭州小片,,,麻,K,衙,ia,,
HZ01,杭州城区,太湖片-杭州小片,,,麻,K,伢,ia,,
HZ01,杭州城区,太湖片-杭州小片,,,麻,K,蚜,,,
HZ01,杭州城区,太湖片-杭州小片,,,麻,K,雅,ia,,
HZ01,杭州城区,太湖片-杭州小片,,,麻,K,砑,,,
HZ01,杭州城区,太湖片-杭州小片,,,麻,Ø,虾,ia,,
HZ01,杭州城区,太湖片-杭州小片,,,麻,Ø,�,,,
HZ01,杭州城区,太湖片-杭州小片,,,麻,Ø,嚇,,,
HZ01,杭州城区,太湖片-杭州小片,,,麻,Ø,霞,ia,,
HZ01,杭州城区,太湖片-杭州小片,,,麻,Ø,瑕,ia,,
HZ01,杭州城区,太湖片-杭州小片,,,麻,Ø,遐,ia,,
HZ01,杭州城区,太湖片-杭州小片,,,麻,Ø,蝦,,,
HZ01,杭州城区,太湖片-杭州小片,,,麻,Ø,下,ia,,
HZ01,杭州城区,太湖片-杭州小片,,,麻,Ø,夏,ia,,
HZ01,杭州城区,太湖片-杭州小片,,,麻,Ø,厦,ia,,
HZ01,杭州城区,太湖片-杭州小片,,,麻,Ø,下,ia,,
HZ01,杭州城区,太湖片-杭州小片,,,麻,Ø,夏,ia,,
HZ01,杭州城区,太湖片-杭州小片,,,麻,Ø,暇,ia,,
HZ01,杭州城区,太湖片-杭州小片,,,麻,Ø,鸦,ia,,
HZ01,杭州城区,太湖片-杭州小片,,,麻,Ø,丫,ia,,
HZ01,杭州城区,太湖片-杭州小片,,,麻,Ø,桠,ia,,
HZ01,杭州城区,太湖片-杭州小片,,,麻,Ø,哑,ia,,
HZ01,杭州城区,太湖片-杭州小片,,,麻,Ø,亚,ia,,
HZ01,杭州城区,太湖片-杭州小片,,,模,P,补,u,,
HZ01,杭州城区,太湖片-杭州小片,,,模,P,谱,u,,
HZ01,杭州城区,太湖片-杭州小片,,,模,P,哺,,,
HZ01,杭州城区,太湖片-杭州小片,,,模,P,布,u,,
HZ01,杭州城区,太湖片-杭州小片,,,模,P,佈,,,
HZ01,杭州城区,太湖片-杭州小片,,,模,P,铺,u,,
HZ01,杭州城区,太湖片-杭州小片,,,模,P,潽,,,
HZ01,杭州城区,太湖片-杭州小片,,,模,P,普,u,,
HZ01,杭州城区,太湖片-杭州小片,,,模,P,浦,u,,
HZ01,杭州城区,太湖片-杭州小片,,,模,P,铺,u,,
HZ01,杭州城区,太湖片-杭州小片,,,模,P,怖,u,,
HZ01,杭州城区,太湖片-杭州小片,,,模,P,蒲,u,,
HZ01,杭州城区,太湖片-杭州小片,,,模,P,菩,u,,
HZ01,杭州城区,太湖片-杭州小片,,,模,P,脯,u,,
HZ01,杭州城区,太湖片-杭州小片,,,模,P,葡,,,
HZ01,杭州城区,太湖片-杭州小片,,,模,P,莆,,,
HZ01,杭州城区,太湖片-杭州小片,,,模,P,部,u,,
HZ01,杭州城区,太湖片-杭州小片,,,模,P,簿,u,,
HZ01,杭州城区,太湖片-杭州小片,,,模,P,篰,,,
HZ01,杭州城区,太湖片-杭州小片,,,模,P,步,u,,
HZ01,杭州城区,太湖片-杭州小片,,,模,P,捕,u,,
HZ01,杭州城区,太湖片-杭州小片,,,模,P,埠,u,,
HZ01,杭州城区,太湖片-杭州小片,,,模,M,模,o,,
HZ01,杭州城区,太湖片-杭州小片,,,模,M,模,o,,
HZ01,杭州城区,太湖片-杭州小片,,,模,M,摹,,,
HZ01,杭州城区,太湖片-杭州小片,,,模,M,姥,,,
HZ01,杭州城区,太湖片-杭州小片,,,模,M,暮,o,,
HZ01,杭州城区,太湖片-杭州小片,,,模,M,慕,o,,
HZ01,杭州城区,太湖片-杭州小片,,,模,M,墓,o,,
HZ01,杭州城区,太湖片-杭州小片,,,模,M,募,o,,
HZ01,杭州城区,太湖片-杭州小片,,,模,M,睦,,,
HZ01,杭州城区,太湖片-杭州小片,,,模,T,都,u,,
HZ01,杭州城区,太湖片-杭州小片,,,模,T,都,u,,
HZ01,杭州城区,太湖片-杭州小片,,,模,T,赌,u,,
HZ01,杭州城区,太湖片-杭州小片,,,模,T,堵,u,,
HZ01,杭州城区,太湖片-杭州小片,,,模,T,肚,u,,
HZ01,杭州城区,太湖片-杭州小片,,,模,T,睹,u,,
HZ01,杭州城区,太湖片-杭州小片,,,模,T,妒,u,,
HZ01,杭州城区,太湖片-杭州小片,,,模,T,土,u,,
HZ01,杭州城区,太湖片-杭州小片,,,模,T,吐,u,,
HZ01,杭州城区,太湖片-杭州小片,,,模,T,吐,u,,
HZ01,杭州城区,太湖片-杭州小片,,,模,T,兔,u,,
HZ01,杭州城区,太湖片-杭州小片,,,模,T,徒,u,,
HZ01,杭州城区,太湖片-杭州小片,,,模,T,屠,u,,
HZ01,杭州城区,太湖片-杭州小片,,,模,T,途,u,,
HZ01,杭州城区,太湖片-杭州小片,,,模,T,涂,u,,
HZ01,杭州城区,太湖片-杭州小片,,,模,T,图,u,,
HZ01,杭州城区,太湖片-杭州小片,,,模,T,杜,u,,
HZ01,杭州城区,太湖片-杭州小片,,,模,T,肚,u,,
HZ01,杭州城区,太湖片-杭州小片,,,模,T,度,u,,
HZ01,杭州城区,太湖片-杭州小片,,,模,T,渡,u,,
HZ01,杭州城区,太湖片-杭州小片,,,模,T,镀,u,,
HZ01,杭州城区,太湖片-杭州小片,,,模,N,奴,o,,
HZ01,杭州城区,太湖片-杭州小片,,,模,N,努,o,,
HZ01,杭州城区,太湖片-杭州小片,,,模,N,怒,o,,
HZ01,杭州城区,太湖片-杭州小片,,,模,L,卢,u,,
HZ01,杭州城区,太湖片-杭州小片,,,模,L,炉,u,,
HZ01,杭州城区,太湖片-杭州小片,,,模,L,芦,u,,
HZ01,杭州城区,太湖片-杭州小片,,,模,L,鸬,,,
HZ01,杭州城区,太湖片-杭州小片,,,模,L,颅,,,
HZ01,杭州城区,太湖片-杭州小片,,,模,L,鲈,,,
HZ01,杭州城区,太湖片-杭州小片,,,模,L,鲁,u,,
HZ01,杭州城区,太湖片-杭州小片,,,模,L,橹,u,,
HZ01,杭州城区,太湖片-杭州小片,,,模,L,虏,,,
HZ01,杭州城区,太湖片-杭州小片,,,模,L,卤,u,,
HZ01,杭州城区,太湖片-杭州小片,,,模,L,路,u,,
HZ01,杭州城区,太湖片-杭州小片,,,模,L,赂,,,
HZ01,杭州城区,太湖片-杭州小片,,,模,L,露,u,,
HZ01,杭州城区,太湖片-杭州小片,,,模,L,鹭,u,,
HZ01,杭州城区,太湖片-杭州小片,,,模,TS,租,o,,
HZ01,杭州城区,太湖片-杭州小片,,,模,TS,祖,o,,
HZ01,杭州城区,太湖片-杭州小片,,,模,TS,组,o,,
HZ01,杭州城区,太湖片-杭州小片,,,模,TS,做,o,,
HZ01,杭州城区,太湖片-杭州小片,,,模,TS,粗,o,,
HZ01,杭州城区,太湖片-杭州小片,,,模,TS,醋,o,,
HZ01,杭州城区,太湖片-杭州小片,,,模,TS,措,o,,
HZ01,杭州城区,太湖片-杭州小片,,,模,TS,错,o,,
HZ01,杭州城区,太湖片-杭州小片,,,模,TS,苏,o,,
HZ01,杭州城区,太湖片-杭州小片,,,模,TS,酥,o,,
HZ01,杭州城区,太湖片-杭州小片,,,模,TS,素,o,,
HZ01,杭州城区,太湖片-杭州小片,,,模,TS,诉,o,,
HZ01,杭州城区,太湖片-杭州小片,,,模,TS,塑,o,,
HZ01,杭州城区,太湖片-杭州小片,,,模,TS,嗉,,,
HZ01,杭州城区,太湖片-杭州小片,,,模,K,姑,u,,
HZ01,杭州城区,太湖片-杭州小片,,,模,K,孤,u,,
HZ01,杭州城区,太湖片-杭州小片,,,模,K,箍,u,,
HZ01,杭州城区,太湖片-杭州小片,,,模,K,辜,u,,
HZ01,杭州城区,太湖片-杭州小片,,,模,K,菇,,,
HZ01,杭州城区,太湖片-杭州小片,,,模,K,鸪,,,
HZ01,杭州城区,太湖片-杭州小片,,,模,K,蛄,,,
HZ01,杭州城区,太湖片-杭州小片,,,模,K,古,u,,
HZ01,杭州城区,太湖片-杭州小片,,,模,K,估,u,,
HZ01,杭州城区,太湖片-杭州小片,,,模,K,盬,,,
HZ01,杭州城区,太湖片-杭州小片,,,模,K,牯,u,,
HZ01,杭州城区,太湖片-杭州小片,,,模,K,股,u,,
HZ01,杭州城区,太湖片-杭州小片,,,模,K,鼓,u,,
HZ01,杭州城区,太湖片-杭州小片,,,模,K,蛊,,,
HZ01,杭州城区,太湖片-杭州小片,,,模,K,故,u,,
HZ01,杭州城区,太湖片-杭州小片,,,模,K,固,u,,
HZ01,杭州城区,太湖片-杭州小片,,,模,K,锢,,,
HZ01,杭州城区,太湖片-杭州小片,,,模,K,雇,u,,
HZ01,杭州城区,太湖片-杭州小片,,,模,K,顾,u,,
HZ01,杭州城区,太湖片-杭州小片,,,模,K,枯,u,,
HZ01,杭州城区,太湖片-杭州小片,,,模,K,苦,u,,
HZ01,杭州城区,太湖片-杭州小片,,,模,K,库,u,,
HZ01,杭州城区,太湖片-杭州小片,,,模,K,裤,u,,
HZ01,杭州城区,太湖片-杭州小片,,,模,K,吴,u,,
HZ01,杭州城区,太湖片-杭州小片,,,模,K,蜈,,,
HZ01,杭州城区,太湖片-杭州小片,,,模,K,吾,u,,
HZ01,杭州城区,太湖片-杭州小片,,,模,K,梧,u,,
HZ01,杭州城区,太湖片-杭州小片,,,模,K,五,u,,
HZ01,杭州城区,太湖片-杭州小片,,,模,K,伍,u,,
HZ01,杭州城区,太湖片-杭州小片,,,模,K,午,,,
HZ01,杭州城区,太湖片-杭州小片,,,模,K,忤,,,
HZ01,杭州城区,太湖片-杭州小片,,,模,K,误,u,,
HZ01,杭州城区,太湖片-杭州小片,,,模,K,悟,u,,
HZ01,杭州城区,太湖片-杭州小片,,,模,Ø,呼,u/o,,
HZ01,杭州城区,太湖片-杭州小片,,,模,Ø,虎,u,,
HZ01,杭州城区,太湖片-杭州小片,,,模,Ø,浒,u,,
HZ01,杭州城区,太湖片-杭州小片,,,模,Ø,琥,,,
HZ01,杭州城区,太湖片-杭州小片,,,模,Ø,戽,,,
HZ01,杭州城区,太湖片-杭州小片,,,模,Ø,胡,u,,
HZ01,杭州城区,太湖片-杭州小片,,,模,Ø,湖,u,,
HZ01,杭州城区,太湖片-杭州小片,,,模,Ø,狐,u,,
HZ01,杭州城区,太湖片-杭州小片,,,模,Ø,壶,,,
HZ01,杭州城区,太湖片-杭州小片,,,模,Ø,乎,u,,
HZ01,杭州城区,太湖片-杭州小片,,,模,Ø,瓠,,,
HZ01,杭州城区,太湖片-杭州小片,,,模,Ø,鬍,,,
HZ01,杭州城区,太湖片-杭州小片,,,模,Ø,糊,u,,
HZ01,杭州城区,太湖片-杭州小片,,,模,Ø,蝴,,,
HZ01,杭州城区,太湖片-杭州小片,,,模,Ø,瑚,,,
HZ01,杭州城区,太湖片-杭州小片,,,模,Ø,户,u,,
HZ01,杭州城区,太湖片-杭州小片,,,模,Ø,沪,u,,
HZ01,杭州城区,太湖片-杭州小片,,,模,Ø,互,u,,
HZ01,杭州城区,太湖片-杭州小片,,,模,Ø,护,u,,
HZ01,杭州城区,太湖片-杭州小片,,,模,Ø,瓠,,,
HZ01,杭州城区,太湖片-杭州小片,,,模,Ø,糊,u,,
HZ01,杭州城区,太湖片-杭州小片,,,模,Ø,乌,u,,
HZ01,杭州城区,太湖片-杭州小片,,,模,Ø,污,u,,
HZ01,杭州城区,太湖片-杭州小片,,,模,Ø,坞,u,,
HZ01,杭州城区,太湖片-杭州小片,,,模,Ø,恶,u,,
HZ01,杭州城区,太湖片-杭州小片,,,豪,P,褒,,,
HZ01,杭州城区,太湖片-杭州小片,,,豪,P,保,ɔ,,
HZ01,杭州城区,太湖片-杭州小片,,,豪,P,堡,ɔ,,
HZ01,杭州城区,太湖片-杭州小片,,,豪,P,宝,ɔ,,
HZ01,杭州城区,太湖片-杭州小片,,,豪,P,报,ɔ,,
HZ01,杭州城区,太湖片-杭州小片,,,豪,P,袍,ɔ,,
HZ01,杭州城区,太湖片-杭州小片,,,豪,P,抱,ɔ,,
HZ01,杭州城区,太湖片-杭州小片,,,豪,P,暴,ɔ,,
HZ01,杭州城区,太湖片-杭州小片,,,豪,P,菢,,,
HZ01,杭州城区,太湖片-杭州小片,,,豪,M,毛,ɔ,,
HZ01,杭州城区,太湖片-杭州小片,,,豪,M,冒,ɔ,,
HZ01,杭州城区,太湖片-杭州小片,,,豪,M,帽,ɔ,,
HZ01,杭州城区,太湖片-杭州小片,,,豪,M,瑁,,,
HZ01,杭州城区,太湖片-杭州小片,,,豪,T,刀,ɔ,,
HZ01,杭州城区,太湖片-杭州小片,,,豪,T,叨,ɔ,,
HZ01,杭州城区,太湖片-杭州小片,,,豪,T,祷,ɔ,,
HZ01,杭州城区,太湖片-杭州小片,,,豪,T,岛,ɔ,,
HZ01,杭州城区,太湖片-杭州小片,,,豪,T,倒,ɔ,,
HZ01,杭州城区,太湖片-杭州小片,,,豪,T,捣,ɔ,,
HZ01,杭州城区,太湖片-杭州小片,,,豪,T,到,ɔ,,
HZ01,杭州城区,太湖片-杭州小片,,,豪,T,倒,ɔ,,
HZ01,杭州城区,太湖片-杭州小片,,,豪,T,滔,ɔ,,
HZ01,杭州城区,太湖片-杭州小片,,,豪,T,掏,,,
HZ01,杭州城区,太湖片-杭州小片,,,豪,T,讨,ɔ,,
HZ01,杭州城区,太湖片-杭州小片,,,豪,T,套,ɔ,,
HZ01,杭州城区,太湖片-杭州小片,,,豪,T,桃,ɔ,,
HZ01,杭州城区,太湖片-杭州小片,,,豪,T,逃,ɔ,,
HZ01,杭州城区,太湖片-杭州小片,,,豪,T,淘,ɔ,,
HZ01,杭州城区,太湖片-杭州小片,,,豪,T,陶,ɔ,,
HZ01,杭州城区,太湖片-杭州小片,,,豪,T,萄,ɔ,,
HZ01,杭州城区,太湖片-杭州小片,,,豪,T,涛,ɔ,,
HZ01,杭州城区,太湖片-杭州小片,,,豪,T,道,ɔ,,
HZ01,杭州城区,太湖片-杭州小片,,,豪,T,稻,ɔ,,
HZ01,杭州城区,太湖片-杭州小片,,,豪,T,盗,ɔ,,
HZ01,杭州城区,太湖片-杭州小片,,,豪,T,导,ɔ,,
HZ01,杭州城区,太湖片-杭州小片,,,豪,T,蹈,,,
HZ01,杭州城区,太湖片-杭州小片,,,豪,N,脑,ɔ,,
HZ01,杭州城区,太湖片-杭州小片,,,豪,N,恼,ɔ,,
HZ01,杭州城区,太湖片-杭州小片,,,豪,L,劳,ɔ,,
HZ01,杭州城区,太湖片-杭州小片,,,豪,L,捞,ɔ,,
HZ01,杭州城区,太湖片-杭州小片,,,豪,L,唠,ɔ,,
HZ01,杭州城区,太湖片-杭州小片,,,豪,L,牢,ɔ,,
HZ01,杭州城区,太湖片-杭州小片,,,豪,L,痨,,,
HZ01,杭州城区,太湖片-杭州小片,,,豪,L,老,ɔ,,
HZ01,杭州城区,太湖片-杭州小片,,,豪,L,佬,ɔ,,
HZ01,杭州城区,太湖片-杭州小片,,,豪,L,涝,,,
HZ01,杭州城区,太湖片-杭州小片,,,豪,TS,遭,ɔ,,
HZ01,杭州城区,太湖片-杭州小片,,,豪,TS,糟,ɔ,,
HZ01,杭州城区,太湖片-杭州小片,,,豪,TS,早,ɔ,,
HZ01,杭州城区,太湖片-杭州小片,,,豪,TS,枣,ɔ,,
HZ01,杭州城区,太湖片-杭州小片,,,豪,TS,蚤,ɔ,,
HZ01,杭州城区,太湖片-杭州小片,,,豪,TS,澡,ɔ,,
HZ01,杭州城区,太湖片-杭州小片,,,豪,TS,藻,,,
HZ01,杭州城区,太湖片-杭州小片,,,豪,TS,躁,ɔ,,
HZ01,杭州城区,太湖片-杭州小片,,,豪,TS,灶,ɔ,,
HZ01,杭州城区,太湖片-杭州小片,,,豪,TS,操,ɔ,,
HZ01,杭州城区,太湖片-杭州小片,,,豪,TS,草,ɔ,,
HZ01,杭州城区,太湖片-杭州小片,,,豪,TS,騲,,,
HZ01,杭州城区,太湖片-杭州小片,,,豪,TS,糙,ɔ,,
HZ01,杭州城区,太湖片-杭州小片,,,豪,TS,曹,ɔ,,
HZ01,杭州城区,太湖片-杭州小片,,,豪,TS,槽,,,
HZ01,杭州城区,太湖片-杭州小片,,,豪,TS,皂,,,
HZ01,杭州城区,太湖片-杭州小片,,,豪,TS,造,ɔ,,
HZ01,杭州城区,太湖片-杭州小片,,,豪,TS,骚,ɔ,,
HZ01,杭州城区,太湖片-杭州小片,,,豪,TS,臊,ɔ,,
HZ01,杭州城区,太湖片-杭州小片,,,豪,TS,扫,ɔ,,
HZ01,杭州城区,太湖片-杭州小片,,,豪,TS,嫂,ɔ,,
HZ01,杭州城区,太湖片-杭州小片,,,豪,TS,扫,ɔ,,
HZ01,杭州城区,太湖片-杭州小片,,,豪,TS,燥,ɔ,,
HZ01,杭州城区,太湖片-杭州小片,,,豪,K,高,ɔ,,
HZ01,杭州城区,太湖片-杭州小片,,,豪,K,膏,ɔ,,
HZ01,杭州城区,太湖片-杭州小片,,,豪,K,篙,,,
HZ01,杭州城区,太湖片-杭州小片,,,豪,K,羔,ɔ,,
HZ01,杭州城区,太湖片-杭州小片,,,豪,K,糕,ɔ,,
HZ01,杭州城区,太湖片-杭州小片,,,豪,K,稿,ɔ,,
HZ01,杭州城区,太湖片-杭州小片,,,豪,K,告,ɔ,,
HZ01,杭州城区,太湖片-杭州小片,,,豪,K,膏,ɔ,,
HZ01,杭州城区,太湖片-杭州小片,,,豪,K,考,ɔ,,
HZ01,杭州城区,太湖片-杭州小片,,,豪,K,烤,ɔ,,
HZ01,杭州城区,太湖片-杭州小片,,,豪,K,拷,,,
HZ01,杭州城区,太湖片-杭州小片,,,豪,K,靠,ɔ,,
HZ01,杭州城区,太湖片-杭州小片,,,豪,K,犒,,,
HZ01,杭州城区,太湖片-杭州小片,,,豪,K,铐,,,
HZ01,杭州城区,太湖片-杭州小片,,,豪,K,㸆,,,
HZ01,杭州城区,太湖片-杭州小片,,,豪,K,熬,ɔ,,
HZ01,杭州城区,太湖片-杭州小片,,,豪,K,敖,,,
HZ01,杭州城区,太湖片-杭州小片,,,豪,K,鳌,,,
HZ01,杭州城区,太湖片-杭州小片,,,豪,K,傲,ɔ,,
HZ01,杭州城区,太湖片-杭州小片,,,豪,K,鏊,,,
HZ01,杭州城区,太湖片-杭州小片,,,豪,Ø,蒿,ɔ,,
HZ01,杭州城区,太湖片-杭州小片,,,豪,Ø,薅,,,
HZ01,杭州城区,太湖片-杭州小片,,,豪,Ø,好,ɔ,,
HZ01,杭州城区,太湖片-杭州小片,,,豪,Ø,好,ɔ,,
HZ01,杭州城区,太湖片-杭州小片,,,豪,Ø,耗,ɔ,,
HZ01,杭州城区,太湖片-杭州小片,,,豪,Ø,豪,ɔ,,
HZ01,杭州城区,太湖片-杭州小片,,,豪,Ø,壕,ɔ,,
HZ01,杭州城区,太湖片-杭州小片,,,豪,Ø,毫,ɔ,,
HZ01,杭州城区,太湖片-杭州小片,,,豪,Ø,号,ɔ,,
HZ01,杭州城区,太湖片-杭州小片,,,豪,Ø,蠔,,,
HZ01,杭州城区,太湖片-杭州小片,,,豪,Ø,浩,ɔ,,
HZ01,杭州城区,太湖片-杭州小片,,,豪,Ø,号,ɔ,,
HZ01,杭州城区,太湖片-杭州小片,,,豪,Ø,爊,,,
HZ01,杭州城区,太湖片-杭州小片,,,豪,Ø,袄,,,
HZ01,杭州城区,太湖片-杭州小片,,,豪,Ø,懊,ɔ,,
HZ01,杭州城区,太湖片-杭州小片,,,豪,Ø,奥,ɔ,,
HZ01,杭州城区,太湖片-杭州小片,,,豪,Ø,懊,ɔ,,
HZ01,杭州城区,太湖片-杭州小片,,,豪,Ø,澳,ɔ,,
HZ01,杭州城区,太湖片-杭州小片,,,侯,P,剖,ei,,
HZ01,杭州城区,太湖片-杭州小片,,,侯,M,某,o,,
HZ01,杭州城区,太湖片-杭州小片,,,侯,M,亩,o,,
HZ01,杭州城区,太湖片-杭州小片,,,侯,M,牡,ei,,
HZ01,杭州城区,太湖片-杭州小片,,,侯,M,母,,,
HZ01,杭州城区,太湖片-杭州小片,,,侯,M,拇,o,,
HZ01,杭州城区,太湖片-杭州小片,,,侯,M,戊,u,,
HZ01,杭州城区,太湖片-杭州小片,,,侯,M,茂,ei,,
HZ01,杭州城区,太湖片-杭州小片,,,侯,M,贸,ei,,
HZ01,杭州城区,太湖片-杭州小片,,,侯,T,兜,ei,,
HZ01,杭州城区,太湖片-杭州小片,,,侯,T,斗,ei,,
HZ01,杭州城区,太湖片-杭州小片,,,侯,T,抖,ei,,
HZ01,杭州城区,太湖片-杭州小片,,,侯,T,陡,,,
HZ01,杭州城区,太湖片-杭州小片,,,侯,T,蚪,,,
HZ01,杭州城区,太湖片-杭州小片,,,侯,T,斗,ei,,
HZ01,杭州城区,太湖片-杭州小片,,,侯,T,偷,ei,,
HZ01,杭州城区,太湖片-杭州小片,,,侯,T,敨,,,
HZ01,杭州城区,太湖片-杭州小片,,,侯,T,透,ei,,
HZ01,杭州城区,太湖片-杭州小片,,,侯,T,头,ei,,
HZ01,杭州城区,太湖片-杭州小片,,,侯,T,投,ei,,
HZ01,杭州城区,太湖片-杭州小片,,,侯,T,骰,,,
HZ01,杭州城区,太湖片-杭州小片,,,侯,T,豆,ei,,
HZ01,杭州城区,太湖片-杭州小片,,,侯,T,逗,ei,,
HZ01,杭州城区,太湖片-杭州小片,,,侯,T,痘,,,
HZ01,杭州城区,太湖片-杭州小片,,,侯,T,脰,,,
HZ01,杭州城区,太湖片-杭州小片,,,侯,L,楼,ei,,
HZ01,杭州城区,太湖片-杭州小片,,,侯,L,搂,,,
HZ01,杭州城区,太湖片-杭州小片,,,侯,L,耧,,,
HZ01,杭州城区,太湖片-杭州小片,,,侯,L,娄,,,
HZ01,杭州城区,太湖片-杭州小片,,,侯,L,搂,,,
HZ01,杭州城区,太湖片-杭州小片,,,侯,L,篓,ei,,
HZ01,杭州城区,太湖片-杭州小片,,,侯,L,溇,,,
HZ01,杭州城区,太湖片-杭州小片,,,侯,L,漏,ei,,
HZ01,杭州城区,太湖片-杭州小片,,,侯,L,陋,ei,,
HZ01,杭州城区,太湖片-杭州小片,,,侯,TS,走,ei,,
HZ01,杭州城区,太湖片-杭州小片,,,侯,TS,奏,ei,,
HZ01,杭州城区,太湖片-杭州小片,,,侯,TS,凑,ei,,
HZ01,杭州城区,太湖片-杭州小片,,,侯,TS,叟,ei,,
HZ01,杭州城区,太湖片-杭州小片,,,侯,TS,嗽,ei,,
HZ01,杭州城区,太湖片-杭州小片,,,侯,K,勾,ei,,
HZ01,杭州城区,太湖片-杭州小片,,,侯,K,钩,ei,,
HZ01,杭州城区,太湖片-杭州小片,,,侯,K,沟,ei,,
HZ01,杭州城区,太湖片-杭州小片,,,侯,K,狗,ei,,
HZ01,杭州城区,太湖片-杭州小片,,,侯,K,苟,ei,,
HZ01,杭州城区,太湖片-杭州小片,,,侯,K,垢,ei,,
HZ01,杭州城区,太湖片-杭州小片,,,侯,K,枸,,,
HZ01,杭州城区,太湖片-杭州小片,,,侯,K,彀,,,
HZ01,杭州城区,太湖片-杭州小片,,,侯,K,够,ei,,
HZ01,杭州城区,太湖片-杭州小片,,,侯,K,构,ei,,
HZ01,杭州城区,太湖片-杭州小片,,,侯,K,购,ei,,
HZ01,杭州城区,太湖片-杭州小片,,,侯,K,勾,ei,,
HZ01,杭州城区,太湖片-杭州小片,,,侯,K,抠,ei,,
HZ01,杭州城区,太湖片-杭州小片,,,侯,K,眍,,,
HZ01,杭州城区,太湖片-杭州小片,,,侯,K,口,,,
HZ01,杭州城区,太湖片-杭州小片,,,侯,K,叩,ei,,
HZ01,杭州城区,太湖片-杭州小片,,,侯,K,扣,ei,,
HZ01,杭州城区,太湖片-杭州小片,,,侯,K,寇,ei,,
HZ01,杭州城区,太湖片-杭州小片,,,侯,K,藕,ei,,
HZ01,杭州城区,太湖片-杭州小片,,,侯,K,偶,ei,,
HZ01,杭州城区,太湖片-杭州小片,,,侯,K,偶,ei,,
HZ01,杭州城区,太湖片-杭州小片,,,侯,Ø,吼,,,
HZ01,杭州城区,太湖片-杭州小片,,,侯,Ø,侯,ei,,
HZ01,杭州城区,太湖片-杭州小片,,,侯,Ø,喉,ei,,
HZ01,杭州城区,太湖片-杭州小片,,,侯,Ø,猴,ei,,
HZ01,杭州城区,太湖片-杭州小片,,,侯,Ø,瘊,,,
HZ01,杭州城区,太湖片-杭州小片,,,侯,Ø,後,ei,,
HZ01,杭州城区,太湖片-杭州小片,,,侯,Ø,厚,ei,,
HZ01,杭州城区,太湖片-杭州小片,,,侯,Ø,后,ei,,
HZ01,杭州城区,太湖片-杭州小片,,,侯,Ø,候,ei,,
HZ01,杭州城区,太湖片-杭州小片,,,侯,Ø,鲎,,,
HZ01,杭州城区,太湖片-杭州小片,,,侯,Ø,欧,ei,,
HZ01,杭州城区,太湖片-杭州小片,,,侯,Ø,瓯,,,
HZ01,杭州城区,太湖片-杭州小片,,,侯,Ø,区,,,
HZ01,杭州城区,太湖片-杭州小片,,,侯,Ø,鸥,,,
HZ01,杭州城区,太湖片-杭州小片,,,侯,Ø,呕,ei,,
HZ01,杭州城区,太湖片-杭州小片,,,侯,Ø,殴,ei,,
HZ01,杭州城区,太湖片-杭州小片,,,侯,Ø,沤,,,
HZ01,杭州城区,太湖片-杭州小片,,,侯,Ø,怄,ei,,
HZ01,杭州城区,太湖片-杭州小片,,,皆,P,拜,ɛ,,
HZ01,杭州城区,太湖片-杭州小片,,,皆,P,排,ɛ,,
HZ01,杭州城区,太湖片-杭州小片,,,皆,P,�,,,
HZ01,杭州城区,太湖片-杭州小片,,,皆,M,埋,ɛ,,
HZ01,杭州城区,太湖片-杭州小片,,,皆,L,攋,,,
HZ01,杭州城区,太湖片-杭州小片,,,皆,TS*,䍉,,,
HZ01,杭州城区,太湖片-杭州小片,,,皆,TS*,箉,,,
HZ01,杭州城区,太湖片-杭州小片,,,皆,TS*,斋,,,
HZ01,杭州城区,太湖片-杭州小片,,,皆,TS*,豺,,,
HZ01,杭州城区,太湖片-杭州小片,,,皆,K,皆,iɛ,,
HZ01,杭州城区,太湖片-杭州小片,,,皆,K,阶,iɛ,,
HZ01,杭州城区,太湖片-杭州小片,,,皆,K,稭,,,
HZ01,杭州城区,太湖片-杭州小片,,,皆,K,偕,iɛ,,
HZ01,杭州城区,太湖片-杭州小片,,,皆,K,介,iɛ,,
HZ01,杭州城区,太湖片-杭州小片,,,皆,K,界,iɛ,,
HZ01,杭州城区,太湖片-杭州小片,,,皆,K,芥,,,
HZ01,杭州城区,太湖片-杭州小片,,,皆,K,尬,a,,
HZ01,杭州城区,太湖片-杭州小片,,,皆,K,疥,iɛ,,
HZ01,杭州城区,太湖片-杭州小片,,,皆,K,届,,,
HZ01,杭州城区,太湖片-杭州小片,,,皆,K,戒,iɛ,,
HZ01,杭州城区,太湖片-杭州小片,,,皆,K,庎,,,
HZ01,杭州城区,太湖片-杭州小片,,,皆,K,揩,,,
HZ01,杭州城区,太湖片-杭州小片,,,皆,K,楷,,,
HZ01,杭州城区,太湖片-杭州小片,,,皆,Ø,谐,iɛ,,
HZ01,杭州城区,太湖片-杭州小片,,,皆,Ø,骇,,,
HZ01,杭州城区,太湖片-杭州小片,,,皆,Ø,械,iɛ,,
HZ01,杭州城区,太湖片-杭州小片,,,皆,Ø,挨,iɛ,,
HZ01,杭州城区,太湖片-杭州小片,,,佳,P,摆,ɛ,,
HZ01,杭州城区,太湖片-杭州小片,,,佳,P,派,ɛ,,
HZ01,杭州城区,太湖片-杭州小片,,,佳,P,牌,ɛ,,
HZ01,杭州城区,太湖片-杭州小片,,,佳,P,簰,,,
HZ01,杭州城区,太湖片-杭州小片,,,佳,P,罢,a,,
HZ01,杭州城区,太湖片-杭州小片,,,佳,P,稗,ɛ,,
HZ01,杭州城区,太湖片-杭州小片,,,佳,M,买,ɛ,,
HZ01,杭州城区,太湖片-杭州小片,,,佳,M,卖,ɛ,,
HZ01,杭州城区,太湖片-杭州小片,,,佳,N,奶,ɛ,,
HZ01,杭州城区,太湖片-杭州小片,,,佳,TS*,债,ɛ,,
HZ01,杭州城区,太湖片-杭州小片,,,佳,TS*,钗,a,,
HZ01,杭州城区,太湖片-杭州小片,,,佳,TS*,差,a,～仿不多,
HZ01,杭州城区,太湖片-杭州小片,,,佳,TS*,柴,ɛ,,
HZ01,杭州城区,太湖片-杭州小片,,,佳,TS*,筛,ɛ,,
HZ01,杭州城区,太湖片-杭州小片,,,佳,TS*,洒,ɛ,,
HZ01,杭州城区,太湖片-杭州小片,,,佳,TS*,晒,ɛ,,
HZ01,杭州城区,太湖片-杭州小片,,,佳,K,佳,ia,,
HZ01,杭州城区,太湖片-杭州小片,,,佳,K,街,iɛ,,
HZ01,杭州城区,太湖片-杭州小片,,,佳,K,解,iɛ,,
HZ01,杭州城区,太湖片-杭州小片,,,佳,K,懈,a/iɛ,,
HZ01,杭州城区,太湖片-杭州小片,,,佳,K,涯,,,
HZ01,杭州城区,太湖片-杭州小片,,,佳,K,崖,,,
HZ01,杭州城区,太湖片-杭州小片,,,佳,K,捱,,,
HZ01,杭州城区,太湖片-杭州小片,,,佳,Ø,鞋,iɛ,,
HZ01,杭州城区,太湖片-杭州小片,,,佳,Ø,解,iɛ,,
HZ01,杭州城区,太湖片-杭州小片,,,佳,Ø,解,iɛ,,
HZ01,杭州城区,太湖片-杭州小片,,,佳,Ø,蟹,iɛ,,
HZ01,杭州城区,太湖片-杭州小片,,,佳,Ø,矮,iɛ,,
HZ01,杭州城区,太湖片-杭州小片,,,佳,Ø,隘,,,