point_id,point_name,subbranch,lat,lon,韵,声组,汉字,读音,note,嘉定方言研究1993
JD01,嘉定城关,太湖片-苏沪嘉小片,,,歌,T,多,u,,
JD01,嘉定城关,太湖片-苏沪嘉小片,,,歌,T,拖,u,,
JD01,嘉定城关,太湖片-苏沪嘉小片,,,歌,T,他,ᴀ,,
JD01,嘉定城关,太湖片-苏沪嘉小片,,,歌,T,驼,u,,
JD01,嘉定城关,太湖片-苏沪嘉小片,,,歌,T,驮,u,,
JD01,嘉定城关,太湖片-苏沪嘉小片,,,歌,T,陀,u,,
JD01,嘉定城关,太湖片-苏沪嘉小片,,,歌,T,鸵,,,
JD01,嘉定城关,太湖片-苏沪嘉小片,,,歌,T,沱,,,
JD01,嘉定城关,太湖片-苏沪嘉小片,,,歌,T,舵,u,,
JD01,嘉定城关,太湖片-苏沪嘉小片,,,歌,T,大,u,白读,
JD01,嘉定城关,太湖片-苏沪嘉小片,,,歌,T,驮,u,,
JD01,嘉定城关,太湖片-苏沪嘉小片,,,歌,N,挪,o,,
JD01,嘉定城关,太湖片-苏沪嘉小片,,,歌,N,哪,ᴀ,,
JD01,嘉定城关,太湖片-苏沪嘉小片,,,歌,N,那,ᴀ,,
JD01,嘉定城关,太湖片-苏沪嘉小片,,,歌,L,罗,u,,
JD01,嘉定城关,太湖片-苏沪嘉小片,,,歌,L,锣,u,,
JD01,嘉定城关,太湖片-苏沪嘉小片,,,歌,L,箩,u,,
JD01,嘉定城关,太湖片-苏沪嘉小片,,,歌,L,萝,,,
JD01,嘉定城关,太湖片-苏沪嘉小片,,,歌,L,逻,,,
JD01,嘉定城关,太湖片-苏沪嘉小片,,,歌,TS,左,u,,
JD01,嘉定城关,太湖片-苏沪嘉小片,,,歌,TS,佐,u,,
JD01,嘉定城关,太湖片-苏沪嘉小片,,,歌,TS,搓,u,,
JD01,嘉定城关,太湖片-苏沪嘉小片,,,歌,TS,娑,,,
JD01,嘉定城关,太湖片-苏沪嘉小片,,,歌,K,歌,u,,
JD01,嘉定城关,太湖片-苏沪嘉小片,,,歌,K,哥,u,,
JD01,嘉定城关,太湖片-苏沪嘉小片,,,歌,K,柯,,,
JD01,嘉定城关,太湖片-苏沪嘉小片,,,歌,K,个,u,文读,
JD01,嘉定城关,太湖片-苏沪嘉小片,,,歌,K,轲,,,
JD01,嘉定城关,太湖片-苏沪嘉小片,,,歌,K,可,u,,
JD01,嘉定城关,太湖片-苏沪嘉小片,,,歌,K,蛾,u,,
JD01,嘉定城关,太湖片-苏沪嘉小片,,,歌,K,鹅,u,,
JD01,嘉定城关,太湖片-苏沪嘉小片,,,歌,K,俄,u,,
JD01,嘉定城关,太湖片-苏沪嘉小片,,,歌,K,娥,,,
JD01,嘉定城关,太湖片-苏沪嘉小片,,,歌,K,我,u,,
JD01,嘉定城关,太湖片-苏沪嘉小片,,,歌,K,饿,u,,
JD01,嘉定城关,太湖片-苏沪嘉小片,,,歌,Ø,荷,u,,
JD01,嘉定城关,太湖片-苏沪嘉小片,,,歌,Ø,河,u,,
JD01,嘉定城关,太湖片-苏沪嘉小片,,,歌,Ø,何,u,,
JD01,嘉定城关,太湖片-苏沪嘉小片,,,歌,Ø,荷,u,,
JD01,嘉定城关,太湖片-苏沪嘉小片,,,歌,Ø,贺,u,,
JD01,嘉定城关,太湖片-苏沪嘉小片,,,歌,Ø,阿,u,～胶,
JD01,嘉定城关,太湖片-苏沪嘉小片,,,歌,Ø,屙,u,,
JD01,嘉定城关,太湖片-苏沪嘉小片,,,戈,K,茄,ᴀ,,
JD01,嘉定城关,太湖片-苏沪嘉小片,,,戈,P,波,u,,
JD01,嘉定城关,太湖片-苏沪嘉小片,,,戈,P,菠,u,,
JD01,嘉定城关,太湖片-苏沪嘉小片,,,戈,P,跛,,,
JD01,嘉定城关,太湖片-苏沪嘉小片,,,戈,P,簸,u,,
JD01,嘉定城关,太湖片-苏沪嘉小片,,,戈,P,簸,u,,
JD01,嘉定城关,太湖片-苏沪嘉小片,,,戈,P,播,,,
JD01,嘉定城关,太湖片-苏沪嘉小片,,,戈,P,颇,u,,
JD01,嘉定城关,太湖片-苏沪嘉小片,,,戈,P,坡,u,,
JD01,嘉定城关,太湖片-苏沪嘉小片,,,戈,P,玻,u,,
JD01,嘉定城关,太湖片-苏沪嘉小片,,,戈,P,破,u,,
JD01,嘉定城关,太湖片-苏沪嘉小片,,,戈,P,婆,u,,
JD01,嘉定城关,太湖片-苏沪嘉小片,,,戈,P,薄,u,,
JD01,嘉定城关,太湖片-苏沪嘉小片,,,戈,M,魔,u,,
JD01,嘉定城关,太湖片-苏沪嘉小片,,,戈,M,磨,u,,
JD01,嘉定城关,太湖片-苏沪嘉小片,,,戈,M,摩,u,,
JD01,嘉定城关,太湖片-苏沪嘉小片,,,戈,M,馍,,,
JD01,嘉定城关,太湖片-苏沪嘉小片,,,戈,M,蘑,,,
JD01,嘉定城关,太湖片-苏沪嘉小片,,,戈,M,磨,u,,
JD01,嘉定城关,太湖片-苏沪嘉小片,,,戈,T,朵,u,,
JD01,嘉定城关,太湖片-苏沪嘉小片,,,戈,T,躲,u,,
JD01,嘉定城关,太湖片-苏沪嘉小片,,,戈,T,剁,,,
JD01,嘉定城关,太湖片-苏沪嘉小片,,,戈,T,妥,u,,
JD01,嘉定城关,太湖片-苏沪嘉小片,,,戈,T,椭,u,,
JD01,嘉定城关,太湖片-苏沪嘉小片,,,戈,T,唾,u,,
JD01,嘉定城关,太湖片-苏沪嘉小片,,,戈,T,砣,u,,
JD01,嘉定城关,太湖片-苏沪嘉小片,,,戈,T,惰,u,,
JD01,嘉定城关,太湖片-苏沪嘉小片,,,戈,T,垛,,,
JD01,嘉定城关,太湖片-苏沪嘉小片,,,戈,T,堕,,,
JD01,嘉定城关,太湖片-苏沪嘉小片,,,戈,N,挼,,,
JD01,嘉定城关,太湖片-苏沪嘉小片,,,戈,N,糯,u,,
JD01,嘉定城关,太湖片-苏沪嘉小片,,,戈,N,懦,,,
JD01,嘉定城关,太湖片-苏沪嘉小片,,,戈,L,骡,u,,
JD01,嘉定城关,太湖片-苏沪嘉小片,,,戈,L,螺,u,,
JD01,嘉定城关,太湖片-苏沪嘉小片,,,戈,L,脶,u,,
JD01,嘉定城关,太湖片-苏沪嘉小片,,,戈,L,啰,,,
JD01,嘉定城关,太湖片-苏沪嘉小片,,,戈,L,裸,u,,
JD01,嘉定城关,太湖片-苏沪嘉小片,,,戈,L,瘰,,,
JD01,嘉定城关,太湖片-苏沪嘉小片,,,戈,L,摞,,,
JD01,嘉定城关,太湖片-苏沪嘉小片,,,戈,TS,锉,u,,
JD01,嘉定城关,太湖片-苏沪嘉小片,,,戈,TS,莝,,,
JD01,嘉定城关,太湖片-苏沪嘉小片,,,戈,TS,矬,,,
JD01,嘉定城关,太湖片-苏沪嘉小片,,,戈,TS,坐,u,,
JD01,嘉定城关,太湖片-苏沪嘉小片,,,戈,TS,座,u,,
JD01,嘉定城关,太湖片-苏沪嘉小片,,,戈,TS,蓑,u,,
JD01,嘉定城关,太湖片-苏沪嘉小片,,,戈,TS,梭,u,,
JD01,嘉定城关,太湖片-苏沪嘉小片,,,戈,TS,唆,u,,
JD01,嘉定城关,太湖片-苏沪嘉小片,,,戈,TS,莎,,,
JD01,嘉定城关,太湖片-苏沪嘉小片,,,戈,TS,锁,u,,
JD01,嘉定城关,太湖片-苏沪嘉小片,,,戈,TS,琐,u,,
JD01,嘉定城关,太湖片-苏沪嘉小片,,,戈,TS,唢,,,
JD01,嘉定城关,太湖片-苏沪嘉小片,,,戈,K,过,u,,
JD01,嘉定城关,太湖片-苏沪嘉小片,,,戈,K,锅,u,,
JD01,嘉定城关,太湖片-苏沪嘉小片,,,戈,K,戈,u,,
JD01,嘉定城关,太湖片-苏沪嘉小片,,,戈,K,果,u,,
JD01,嘉定城关,太湖片-苏沪嘉小片,,,戈,K,裹,u,,
JD01,嘉定城关,太湖片-苏沪嘉小片,,,戈,K,餜,,,
JD01,嘉定城关,太湖片-苏沪嘉小片,,,戈,K,过,u,,
JD01,嘉定城关,太湖片-苏沪嘉小片,,,戈,K,科,u,,
JD01,嘉定城关,太湖片-苏沪嘉小片,,,戈,K,窠,u,,
JD01,嘉定城关,太湖片-苏沪嘉小片,,,戈,K,棵,u,,
JD01,嘉定城关,太湖片-苏沪嘉小片,,,戈,K,髁,,,
JD01,嘉定城关,太湖片-苏沪嘉小片,,,戈,K,蝌,,,
JD01,嘉定城关,太湖片-苏沪嘉小片,,,戈,K,颗,u,,
JD01,嘉定城关,太湖片-苏沪嘉小片,,,戈,K,课,u,,
JD01,嘉定城关,太湖片-苏沪嘉小片,,,戈,K,讹,u,,
JD01,嘉定城关,太湖片-苏沪嘉小片,,,戈,K,卧,u,,
JD01,嘉定城关,太湖片-苏沪嘉小片,,,戈,Ø,火,u,,
JD01,嘉定城关,太湖片-苏沪嘉小片,,,戈,Ø,伙,u,,
JD01,嘉定城关,太湖片-苏沪嘉小片,,,戈,Ø,货,u,,
JD01,嘉定城关,太湖片-苏沪嘉小片,,,戈,Ø,和,u,,
JD01,嘉定城关,太湖片-苏沪嘉小片,,,戈,Ø,禾,u,,
JD01,嘉定城关,太湖片-苏沪嘉小片,,,戈,Ø,祸,u,,
JD01,嘉定城关,太湖片-苏沪嘉小片,,,戈,Ø,夥,,,
JD01,嘉定城关,太湖片-苏沪嘉小片,,,戈,Ø,和,u,,
JD01,嘉定城关,太湖片-苏沪嘉小片,,,戈,Ø,倭,u,,
JD01,嘉定城关,太湖片-苏沪嘉小片,,,戈,Ø,踒,,,
JD01,嘉定城关,太湖片-苏沪嘉小片,,,戈,Ø,窝,u,,
JD01,嘉定城关,太湖片-苏沪嘉小片,,,戈,Ø,涡,,,
JD01,嘉定城关,太湖片-苏沪嘉小片,,,戈,Ø,莴,u,,
JD01,嘉定城关,太湖片-苏沪嘉小片,,,戈,Ø,涴,,,
JD01,嘉定城关,太湖片-苏沪嘉小片,,,戈,Ø,瘸,,,
JD01,嘉定城关,太湖片-苏沪嘉小片,,,戈,Ø,靴,iu,,
JD01,嘉定城关,太湖片-苏沪嘉小片,,,戈,Ø,�,,,
JD01,嘉定城关,太湖片-苏沪嘉小片,,,麻,P,巴,ᴀ/o,,
JD01,嘉定城关,太湖片-苏沪嘉小片,,,麻,P,芭,o,,
JD01,嘉定城关,太湖片-苏沪嘉小片,,,麻,P,疤,o,,
JD01,嘉定城关,太湖片-苏沪嘉小片,,,麻,P,笆,o,,
JD01,嘉定城关,太湖片-苏沪嘉小片,,,麻,P,吧,,,
JD01,嘉定城关,太湖片-苏沪嘉小片,,,麻,P,把,o,,
JD01,嘉定城关,太湖片-苏沪嘉小片,,,麻,P,靶,,,
JD01,嘉定城关,太湖片-苏沪嘉小片,,,麻,P,霸,o,,
JD01,嘉定城关,太湖片-苏沪嘉小片,,,麻,P,欛,o,,
JD01,嘉定城关,太湖片-苏沪嘉小片,,,麻,P,壩,,,
JD01,嘉定城关,太湖片-苏沪嘉小片,,,麻,P,坝,o,,
JD01,嘉定城关,太湖片-苏沪嘉小片,,,麻,P,爸,ᴀ,,
JD01,嘉定城关,太湖片-苏沪嘉小片,,,麻,P,怕,o,,
JD01,嘉定城关,太湖片-苏沪嘉小片,,,麻,P,帕,,,
JD01,嘉定城关,太湖片-苏沪嘉小片,,,麻,P,爬,o,,
JD01,嘉定城关,太湖片-苏沪嘉小片,,,麻,P,琶,o,,
JD01,嘉定城关,太湖片-苏沪嘉小片,,,麻,P,杷,o,,
JD01,嘉定城关,太湖片-苏沪嘉小片,,,麻,P,钯,o,,
JD01,嘉定城关,太湖片-苏沪嘉小片,,,麻,P,耙,o,,
JD01,嘉定城关,太湖片-苏沪嘉小片,,,麻,M,麻,o,,
JD01,嘉定城关,太湖片-苏沪嘉小片,,,麻,M,痲,o,,
JD01,嘉定城关,太湖片-苏沪嘉小片,,,麻,M,蟆,o,,
JD01,嘉定城关,太湖片-苏沪嘉小片,,,麻,M,妈,ᴀ,,
JD01,嘉定城关,太湖片-苏沪嘉小片,,,麻,M,马,o,,
JD01,嘉定城关,太湖片-苏沪嘉小片,,,麻,M,码,o,,
JD01,嘉定城关,太湖片-苏沪嘉小片,,,麻,M,玛,,,
JD01,嘉定城关,太湖片-苏沪嘉小片,,,麻,M,蚂,o,,
JD01,嘉定城关,太湖片-苏沪嘉小片,,,麻,M,骂,o,,
JD01,嘉定城关,太湖片-苏沪嘉小片,,,麻,N,拿,u/ᴀ/o,,
JD01,嘉定城关,太湖片-苏沪嘉小片,,,麻,TS,茶,o,,
JD01,嘉定城关,太湖片-苏沪嘉小片,,,麻,TS,搽,o,,
JD01,嘉定城关,太湖片-苏沪嘉小片,,,麻,TS,䖳,,,
JD01,嘉定城关,太湖片-苏沪嘉小片,,,麻,TS*,楂,o,,
JD01,嘉定城关,太湖片-苏沪嘉小片,,,麻,TS*,渣,o,,
JD01,嘉定城关,太湖片-苏沪嘉小片,,,麻,TS*,诈,o,,
JD01,嘉定城关,太湖片-苏沪嘉小片,,,麻,TS*,榨,o,,
JD01,嘉定城关,太湖片-苏沪嘉小片,,,麻,TS*,炸,o,,
JD01,嘉定城关,太湖片-苏沪嘉小片,,,麻,TS*,叉,o,,
JD01,嘉定城关,太湖片-苏沪嘉小片,,,麻,TS*,杈,o,,
JD01,嘉定城关,太湖片-苏沪嘉小片,,,麻,TS*,差,o,,
JD01,嘉定城关,太湖片-苏沪嘉小片,,,麻,TS*,岔,o,,
JD01,嘉定城关,太湖片-苏沪嘉小片,,,麻,TS*,差,o,,
JD01,嘉定城关,太湖片-苏沪嘉小片,,,麻,TS*,茬,,,
JD01,嘉定城关,太湖片-苏沪嘉小片,,,麻,TS*,查,o,,
JD01,嘉定城关,太湖片-苏沪嘉小片,,,麻,TS*,乍,,,
JD01,嘉定城关,太湖片-苏沪嘉小片,,,麻,TS*,沙,o,,
JD01,嘉定城关,太湖片-苏沪嘉小片,,,麻,TS*,纱,o,,
JD01,嘉定城关,太湖片-苏沪嘉小片,,,麻,TS*,痧,,,
JD01,嘉定城关,太湖片-苏沪嘉小片,,,麻,TS*,砂,,,
JD01,嘉定城关,太湖片-苏沪嘉小片,,,麻,TS*,鲨,,,
JD01,嘉定城关,太湖片-苏沪嘉小片,,,麻,TS*,裟,,,
JD01,嘉定城关,太湖片-苏沪嘉小片,,,麻,TS*,洒,ᴀ,,
JD01,嘉定城关,太湖片-苏沪嘉小片,,,麻,TS*,厦,,,
JD01,嘉定城关,太湖片-苏沪嘉小片,,,麻,K,家,ᴀ,,
JD01,嘉定城关,太湖片-苏沪嘉小片,,,麻,K,傢,,,
JD01,嘉定城关,太湖片-苏沪嘉小片,,,麻,K,加,ᴀ,,
JD01,嘉定城关,太湖片-苏沪嘉小片,,,麻,K,痂,,,
JD01,嘉定城关,太湖片-苏沪嘉小片,,,麻,K,嘉,ᴀ,,
JD01,嘉定城关,太湖片-苏沪嘉小片,,,麻,K,枷,ᴀ,,
JD01,嘉定城关,太湖片-苏沪嘉小片,,,麻,K,袈,,,
JD01,嘉定城关,太湖片-苏沪嘉小片,,,麻,K,假,ᴀ,,
JD01,嘉定城关,太湖片-苏沪嘉小片,,,麻,K,贾,iᴀ,,
JD01,嘉定城关,太湖片-苏沪嘉小片,,,麻,K,假,ᴀ,,
JD01,嘉定城关,太湖片-苏沪嘉小片,,,麻,K,架,ᴀ,,
JD01,嘉定城关,太湖片-苏沪嘉小片,,,麻,K,驾,ᴀ,,
JD01,嘉定城关,太湖片-苏沪嘉小片,,,麻,K,嫁,ᴀ,,
JD01,嘉定城关,太湖片-苏沪嘉小片,,,麻,K,稼,iᴀ,,
JD01,嘉定城关,太湖片-苏沪嘉小片,,,麻,K,价,ᴀ,,
JD01,嘉定城关,太湖片-苏沪嘉小片,,,麻,K,揢,,,
JD01,嘉定城关,太湖片-苏沪嘉小片,,,麻,K,牙,ᴀ,,
JD01,嘉定城关,太湖片-苏沪嘉小片,,,麻,K,芽,ᴀ,,
JD01,嘉定城关,太湖片-苏沪嘉小片,,,麻,K,衙,ᴀ,,
JD01,嘉定城关,太湖片-苏沪嘉小片,,,麻,K,伢,,,
JD01,嘉定城关,太湖片-苏沪嘉小片,,,麻,K,蚜,ᴀ,,
JD01,嘉定城关,太湖片-苏沪嘉小片,,,麻,K,雅,iᴀ,,
JD01,嘉定城关,太湖片-苏沪嘉小片,,,麻,K,砑,,,
JD01,嘉定城关,太湖片-苏沪嘉小片,,,麻,Ø,虾,ø,,
JD01,嘉定城关,太湖片-苏沪嘉小片,,,麻,Ø,�,,,
JD01,嘉定城关,太湖片-苏沪嘉小片,,,麻,Ø,嚇,,,
JD01,嘉定城关,太湖片-苏沪嘉小片,,,麻,Ø,霞,iᴀ,,
JD01,嘉定城关,太湖片-苏沪嘉小片,,,麻,Ø,瑕,iᴀ,,
JD01,嘉定城关,太湖片-苏沪嘉小片,,,麻,Ø,遐,iᴀ,,
JD01,嘉定城关,太湖片-苏沪嘉小片,,,麻,Ø,蝦,,,
JD01,嘉定城关,太湖片-苏沪嘉小片,,,麻,Ø,下,o,,
JD01,嘉定城关,太湖片-苏沪嘉小片,,,麻,Ø,夏,o,,
JD01,嘉定城关,太湖片-苏沪嘉小片,,,麻,Ø,厦,o,,
JD01,嘉定城关,太湖片-苏沪嘉小片,,,麻,Ø,下,o,,
JD01,嘉定城关,太湖片-苏沪嘉小片,,,麻,Ø,夏,o,,
JD01,嘉定城关,太湖片-苏沪嘉小片,,,麻,Ø,暇,iᴀ,,
JD01,嘉定城关,太湖片-苏沪嘉小片,,,麻,Ø,鸦,o,,
JD01,嘉定城关,太湖片-苏沪嘉小片,,,麻,Ø,丫,o,,
JD01,嘉定城关,太湖片-苏沪嘉小片,,,麻,Ø,桠,o,,
JD01,嘉定城关,太湖片-苏沪嘉小片,,,麻,Ø,哑,o,,
JD01,嘉定城关,太湖片-苏沪嘉小片,,,麻,Ø,亚,iᴀ,,
JD01,嘉定城关,太湖片-苏沪嘉小片,,,模,P,补,u,,
JD01,嘉定城关,太湖片-苏沪嘉小片,,,模,P,谱,u,,
JD01,嘉定城关,太湖片-苏沪嘉小片,,,模,P,哺,,,
JD01,嘉定城关,太湖片-苏沪嘉小片,,,模,P,布,u,,
JD01,嘉定城关,太湖片-苏沪嘉小片,,,模,P,佈,u,,
JD01,嘉定城关,太湖片-苏沪嘉小片,,,模,P,铺,u,,
JD01,嘉定城关,太湖片-苏沪嘉小片,,,模,P,潽,u,,
JD01,嘉定城关,太湖片-苏沪嘉小片,,,模,P,普,u,,
JD01,嘉定城关,太湖片-苏沪嘉小片,,,模,P,浦,u,,
JD01,嘉定城关,太湖片-苏沪嘉小片,,,模,P,铺,u,,
JD01,嘉定城关,太湖片-苏沪嘉小片,,,模,P,怖,u,,
JD01,嘉定城关,太湖片-苏沪嘉小片,,,模,P,蒲,u,,
JD01,嘉定城关,太湖片-苏沪嘉小片,,,模,P,菩,u,,
JD01,嘉定城关,太湖片-苏沪嘉小片,,,模,P,脯,u,,
JD01,嘉定城关,太湖片-苏沪嘉小片,,,模,P,葡,,,
JD01,嘉定城关,太湖片-苏沪嘉小片,,,模,P,莆,,,
JD01,嘉定城关,太湖片-苏沪嘉小片,,,模,P,部,u,,
JD01,嘉定城关,太湖片-苏沪嘉小片,,,模,P,簿,u,,
JD01,嘉定城关,太湖片-苏沪嘉小片,,,模,P,篰,,,
JD01,嘉定城关,太湖片-苏沪嘉小片,,,模,P,步,u,,
JD01,嘉定城关,太湖片-苏沪嘉小片,,,模,P,捕,u,,
JD01,嘉定城关,太湖片-苏沪嘉小片,,,模,P,埠,u,,
JD01,嘉定城关,太湖片-苏沪嘉小片,,,模,M,模,u,,
JD01,嘉定城关,太湖片-苏沪嘉小片,,,模,M,模,u,,
JD01,嘉定城关,太湖片-苏沪嘉小片,,,模,M,摹,u,,
JD01,嘉定城关,太湖片-苏沪嘉小片,,,模,M,姥,,,
JD01,嘉定城关,太湖片-苏沪嘉小片,,,模,M,暮,u,,
JD01,嘉定城关,太湖片-苏沪嘉小片,,,模,M,慕,u,,
JD01,嘉定城关,太湖片-苏沪嘉小片,,,模,M,墓,u,,
JD01,嘉定城关,太湖片-苏沪嘉小片,,,模,M,募,u,,
JD01,嘉定城关,太湖片-苏沪嘉小片,,,模,M,睦,,,
JD01,嘉定城关,太湖片-苏沪嘉小片,,,模,T,都,u,,
JD01,嘉定城关,太湖片-苏沪嘉小片,,,模,T,都,u,,
JD01,嘉定城关,太湖片-苏沪嘉小片,,,模,T,赌,u,,
JD01,嘉定城关,太湖片-苏沪嘉小片,,,模,T,堵,u,,
JD01,嘉定城关,太湖片-苏沪嘉小片,,,模,T,肚,u,,
JD01,嘉定城关,太湖片-苏沪嘉小片,,,模,T,睹,,,
JD01,嘉定城关,太湖片-苏沪嘉小片,,,模,T,妒,u,,
JD01,嘉定城关,太湖片-苏沪嘉小片,,,模,T,土,u,,
JD01,嘉定城关,太湖片-苏沪嘉小片,,,模,T,吐,u,,
JD01,嘉定城关,太湖片-苏沪嘉小片,,,模,T,吐,u,,
JD01,嘉定城关,太湖片-苏沪嘉小片,,,模,T,兔,u,,
JD01,嘉定城关,太湖片-苏沪嘉小片,,,模,T,徒,u,,
JD01,嘉定城关,太湖片-苏沪嘉小片,,,模,T,屠,u,,
JD01,嘉定城关,太湖片-苏沪嘉小片,,,模,T,途,u,,
JD01,嘉定城关,太湖片-苏沪嘉小片,,,模,T,涂,u,,
JD01,嘉定城关,太湖片-苏沪嘉小片,,,模,T,图,u,,
JD01,嘉定城关,太湖片-苏沪嘉小片,,,模,T,杜,u,,
JD01,嘉定城关,太湖片-苏沪嘉小片,,,模,T,肚,u,,
JD01,嘉定城关,太湖片-苏沪嘉小片,,,模,T,度,u,,
JD01,嘉定城关,太湖片-苏沪嘉小片,,,模,T,渡,u,,
JD01,嘉定城关,太湖片-苏沪嘉小片,,,模,T,镀,u,,
JD01,嘉定城关,太湖片-苏沪嘉小片,,,模,N,奴,u,,
JD01,嘉定城关,太湖片-苏沪嘉小片,,,模,N,努,,,
JD01,嘉定城关,太湖片-苏沪嘉小片,,,模,N,怒,u,,
JD01,嘉定城关,太湖片-苏沪嘉小片,,,模,L,卢,u,,
JD01,嘉定城关,太湖片-苏沪嘉小片,,,模,L,炉,u,,
JD01,嘉定城关,太湖片-苏沪嘉小片,,,模,L,芦,u,,
JD01,嘉定城关,太湖片-苏沪嘉小片,,,模,L,鸬,u,,
JD01,嘉定城关,太湖片-苏沪嘉小片,,,模,L,颅,u,,
JD01,嘉定城关,太湖片-苏沪嘉小片,,,模,L,鲈,,,
JD01,嘉定城关,太湖片-苏沪嘉小片,,,模,L,鲁,u,,
JD01,嘉定城关,太湖片-苏沪嘉小片,,,模,L,橹,u,,
JD01,嘉定城关,太湖片-苏沪嘉小片,,,模,L,虏,u,,
JD01,嘉定城关,太湖片-苏沪嘉小片,,,模,L,卤,u,,
JD01,嘉定城关,太湖片-苏沪嘉小片,,,模,L,路,u,,
JD01,嘉定城关,太湖片-苏沪嘉小片,,,模,L,赂,u,,
JD01,嘉定城关,太湖片-苏沪嘉小片,,,模,L,露,u,,
JD01,嘉定城关,太湖片-苏沪嘉小片,,,模,L,鹭,u,,
JD01,嘉定城关,太湖片-苏沪嘉小片,,,模,TS,租,u,,
JD01,嘉定城关,太湖片-苏沪嘉小片,,,模,TS,祖,u,,
JD01,嘉定城关,太湖片-苏沪嘉小片,,,模,TS,组,u,,
JD01,嘉定城关,太湖片-苏沪嘉小片,,,模,TS,做,u,,
JD01,嘉定城关,太湖片-苏沪嘉小片,,,模,TS,粗,u,,
JD01,嘉定城关,太湖片-苏沪嘉小片,,,模,TS,醋,u,,
JD01,嘉定城关,太湖片-苏沪嘉小片,,,模,TS,措,u,,
JD01,嘉定城关,太湖片-苏沪嘉小片,,,模,TS,错,u/o,/～杂,
JD01,嘉定城关,太湖片-苏沪嘉小片,,,模,TS,苏,u,,
JD01,嘉定城关,太湖片-苏沪嘉小片,,,模,TS,酥,u,,
JD01,嘉定城关,太湖片-苏沪嘉小片,,,模,TS,素,u,,
JD01,嘉定城关,太湖片-苏沪嘉小片,,,模,TS,诉,u,,
JD01,嘉定城关,太湖片-苏沪嘉小片,,,模,TS,塑,u,,
JD01,嘉定城关,太湖片-苏沪嘉小片,,,模,TS,嗉,u,,
JD01,嘉定城关,太湖片-苏沪嘉小片,,,模,K,姑,u,,
JD01,嘉定城关,太湖片-苏沪嘉小片,,,模,K,孤,u,,
JD01,嘉定城关,太湖片-苏沪嘉小片,,,模,K,箍,u,,
JD01,嘉定城关,太湖片-苏沪嘉小片,,,模,K,辜,,,
JD01,嘉定城关,太湖片-苏沪嘉小片,,,模,K,菇,,,
JD01,嘉定城关,太湖片-苏沪嘉小片,,,模,K,鸪,,,
JD01,嘉定城关,太湖片-苏沪嘉小片,,,模,K,蛄,u,,
JD01,嘉定城关,太湖片-苏沪嘉小片,,,模,K,古,u,,
JD01,嘉定城关,太湖片-苏沪嘉小片,,,模,K,估,u,,
JD01,嘉定城关,太湖片-苏沪嘉小片,,,模,K,盬,,,
JD01,嘉定城关,太湖片-苏沪嘉小片,,,模,K,牯,u,,
JD01,嘉定城关,太湖片-苏沪嘉小片,,,模,K,股,u,,
JD01,嘉定城关,太湖片-苏沪嘉小片,,,模,K,鼓,u,,
JD01,嘉定城关,太湖片-苏沪嘉小片,,,模,K,蛊,,,
JD01,嘉定城关,太湖片-苏沪嘉小片,,,模,K,故,u,,
JD01,嘉定城关,太湖片-苏沪嘉小片,,,模,K,固,u,,
JD01,嘉定城关,太湖片-苏沪嘉小片,,,模,K,锢,,,
JD01,嘉定城关,太湖片-苏沪嘉小片,,,模,K,雇,u,,
JD01,嘉定城关,太湖片-苏沪嘉小片,,,模,K,顾,u,,
JD01,嘉定城关,太湖片-苏沪嘉小片,,,模,K,枯,u,,
JD01,嘉定城关,太湖片-苏沪嘉小片,,,模,K,苦,u,,
JD01,嘉定城关,太湖片-苏沪嘉小片,,,模,K,库,u,,
JD01,嘉定城关,太湖片-苏沪嘉小片,,,模,K,裤,u,,
JD01,嘉定城关,太湖片-苏沪嘉小片,,,模,K,吴,,,
JD01,嘉定城关,太湖片-苏沪嘉小片,,,模,K,蜈,,,
JD01,嘉定城关,太湖片-苏沪嘉小片,,,模,K,吾,u,,
JD01,嘉定城关,太湖片-苏沪嘉小片,,,模,K,梧,u,,
JD01,嘉定城关,太湖片-苏沪嘉小片,,,模,K,五,u,文读,
JD01,嘉定城关,太湖片-苏沪嘉小片,,,模,K,伍,u,文读,
JD01,嘉定城关,太湖片-苏沪嘉小片,,,模,K,午,u,文读,
JD01,嘉定城关,太湖片-苏沪嘉小片,,,模,K,忤,,,
JD01,嘉定城关,太湖片-苏沪嘉小片,,,模,K,误,u,,
JD01,嘉定城关,太湖片-苏沪嘉小片,,,模,K,悟,u,,
JD01,嘉定城关,太湖片-苏沪嘉小片,,,模,Ø,呼,u,,
JD01,嘉定城关,太湖片-苏沪嘉小片,,,模,Ø,虎,u,,
JD01,嘉定城关,太湖片-苏沪嘉小片,,,模,Ø,浒,u,,
JD01,嘉定城关,太湖片-苏沪嘉小片,,,模,Ø,琥,,,
JD01,嘉定城关,太湖片-苏沪嘉小片,,,模,Ø,戽,u,,
JD01,嘉定城关,太湖片-苏沪嘉小片,,,模,Ø,胡,u,,
JD01,嘉定城关,太湖片-苏沪嘉小片,,,模,Ø,湖,u,,
JD01,嘉定城关,太湖片-苏沪嘉小片,,,模,Ø,狐,u,,
JD01,嘉定城关,太湖片-苏沪嘉小片,,,模,Ø,壶,u,,
JD01,嘉定城关,太湖片-苏沪嘉小片,,,模,Ø,乎,u,,
JD01,嘉定城关,太湖片-苏沪嘉小片,,,模,Ø,瓠,u,,
JD01,嘉定城关,太湖片-苏沪嘉小片,,,模,Ø,鬍,u,,
JD01,嘉定城关,太湖片-苏沪嘉小片,,,模,Ø,糊,,,
JD01,嘉定城关,太湖片-苏沪嘉小片,,,模,Ø,蝴,,,
JD01,嘉定城关,太湖片-苏沪嘉小片,,,模,Ø,瑚,,,
JD01,嘉定城关,太湖片-苏沪嘉小片,,,模,Ø,户,u,,
JD01,嘉定城关,太湖片-苏沪嘉小片,,,模,Ø,沪,u,,
JD01,嘉定城关,太湖片-苏沪嘉小片,,,模,Ø,互,u,,
JD01,嘉定城关,太湖片-苏沪嘉小片,,,模,Ø,护,u,,
JD01,嘉定城关,太湖片-苏沪嘉小片,,,模,Ø,瓠,u,,
JD01,嘉定城关,太湖片-苏沪嘉小片,,,模,Ø,糊,,,
JD01,嘉定城关,太湖片-苏沪嘉小片,,,模,Ø,乌,u,,
JD01,嘉定城关,太湖片-苏沪嘉小片,,,模,Ø,污,u,,
JD01,嘉定城关,太湖片-苏沪嘉小片,,,模,Ø,坞,u,,
JD01,嘉定城关,太湖片-苏沪嘉小片,,,模,Ø,恶,u,,
JD01,嘉定城关,太湖片-苏沪嘉小片,,,豪,P,褒,ɔ,,
JD01,嘉定城关,太湖片-苏沪嘉小片,,,豪,P,保,ɔ,,
JD01,嘉定城关,太湖片-苏沪嘉小片,,,豪,P,堡,ɔ,,
JD01,嘉定城关,太湖片-苏沪嘉小片,,,豪,P,宝,ɔ,,
JD01,嘉定城关,太湖片-苏沪嘉小片,,,豪,P,报,ɔ,,
JD01,嘉定城关,太湖片-苏沪嘉小片,,,豪,P,袍,ɔ,,
JD01,嘉定城关,太湖片-苏沪嘉小片,,,豪,P,抱,ɔ,,
JD01,嘉定城关,太湖片-苏沪嘉小片,,,豪,P,暴,ɔ,,
JD01,嘉定城关,太湖片-苏沪嘉小片,,,豪,P,菢,,,
JD01,嘉定城关,太湖片-苏沪嘉小片,,,豪,M,毛,ɔ,,
JD01,嘉定城关,太湖片-苏沪嘉小片,,,豪,M,冒,ɔ,,
JD01,嘉定城关,太湖片-苏沪嘉小片,,,豪,M,帽,ɔ,,
JD01,嘉定城关,太湖片-苏沪嘉小片,,,豪,M,瑁,,,
JD01,嘉定城关,太湖片-苏沪嘉小片,,,豪,T,刀,ɔ,,
JD01,嘉定城关,太湖片-苏沪嘉小片,,,豪,T,叨,ɔ,,
JD01,嘉定城关,太湖片-苏沪嘉小片,,,豪,T,祷,ɔ,,
JD01,嘉定城关,太湖片-苏沪嘉小片,,,豪,T,岛,ɔ,,
JD01,嘉定城关,太湖片-苏沪嘉小片,,,豪,T,倒,ɔ,,
JD01,嘉定城关,太湖片-苏沪嘉小片,,,豪,T,捣,ɔ,,
JD01,嘉定城关,太湖片-苏沪嘉小片,,,豪,T,到,ɔ,,
JD01,嘉定城关,太湖片-苏沪嘉小片,,,豪,T,倒,ɔ,,
JD01,嘉定城关,太湖片-苏沪嘉小片,,,豪,T,滔,ɔ,,
JD01,嘉定城关,太湖片-苏沪嘉小片,,,豪,T,掏,ɔ,,
JD01,嘉定城关,太湖片-苏沪嘉小片,,,豪,T,讨,ɔ,,
JD01,嘉定城关,太湖片-苏沪嘉小片,,,豪,T,套,ɔ,,
JD01,嘉定城关,太湖片-苏沪嘉小片,,,豪,T,桃,ɔ,,
JD01,嘉定城关,太湖片-苏沪嘉小片,,,豪,T,逃,ɔ,,
JD01,嘉定城关,太湖片-苏沪嘉小片,,,豪,T,淘,ɔ,,
JD01,嘉定城关,太湖片-苏沪嘉小片,,,豪,T,陶,ɔ,,
JD01,嘉定城关,太湖片-苏沪嘉小片,,,豪,T,萄,ɔ,,
JD01,嘉定城关,太湖片-苏沪嘉小片,,,豪,T,涛,ɔ,,
JD01,嘉定城关,太湖片-苏沪嘉小片,,,豪,T,道,ɔ,,
JD01,嘉定城关,太湖片-苏沪嘉小片,,,豪,T,稻,ɔ,,
JD01,嘉定城关,太湖片-苏沪嘉小片,,,豪,T,盗,ɔ,,
JD01,嘉定城关,太湖片-苏沪嘉小片,,,豪,T,导,ɔ,,
JD01,嘉定城关,太湖片-苏沪嘉小片,,,豪,T,蹈,,,
JD01,嘉定城关,太湖片-苏沪嘉小片,,,豪,N,脑,ɔ,,
JD01,嘉定城关,太湖片-苏沪嘉小片,,,豪,N,恼,ɔ,,
JD01,嘉定城关,太湖片-苏沪嘉小片,,,豪,L,劳,ɔ,,
JD01,嘉定城关,太湖片-苏沪嘉小片,,,豪,L,捞,ɔ,,
JD01,嘉定城关,太湖片-苏沪嘉小片,,,豪,L,唠,ɔ,,
JD01,嘉定城关,太湖片-苏沪嘉小片,,,豪,L,牢,ɔ,,
JD01,嘉定城关,太湖片-苏沪嘉小片,,,豪,L,痨,ɔ,,
JD01,嘉定城关,太湖片-苏沪嘉小片,,,豪,L,老,ɔ,,
JD01,嘉定城关,太湖片-苏沪嘉小片,,,豪,L,佬,,,
JD01,嘉定城关,太湖片-苏沪嘉小片,,,豪,L,涝,ɔ,,
JD01,嘉定城关,太湖片-苏沪嘉小片,,,豪,TS,遭,ɔ,,
JD01,嘉定城关,太湖片-苏沪嘉小片,,,豪,TS,糟,ɔ,,
JD01,嘉定城关,太湖片-苏沪嘉小片,,,豪,TS,早,ɔ,,
JD01,嘉定城关,太湖片-苏沪嘉小片,,,豪,TS,枣,ɔ,,
JD01,嘉定城关,太湖片-苏沪嘉小片,,,豪,TS,蚤,ɔ,,
JD01,嘉定城关,太湖片-苏沪嘉小片,,,豪,TS,澡,ɔ,,
JD01,嘉定城关,太湖片-苏沪嘉小片,,,豪,TS,藻,,,
JD01,嘉定城关,太湖片-苏沪嘉小片,,,豪,TS,躁,ɔ,,
JD01,嘉定城关,太湖片-苏沪嘉小片,,,豪,TS,灶,ɔ,,
JD01,嘉定城关,太湖片-苏沪嘉小片,,,豪,TS,操,ɔ,,
JD01,嘉定城关,太湖片-苏沪嘉小片,,,豪,TS,草,ɔ,,
JD01,嘉定城关,太湖片-苏沪嘉小片,,,豪,TS,騲,ɔ,,
JD01,嘉定城关,太湖片-苏沪嘉小片,,,豪,TS,糙,ɔ,,
JD01,嘉定城关,太湖片-苏沪嘉小片,,,豪,TS,曹,ɔ,,
JD01,嘉定城关,太湖片-苏沪嘉小片,,,豪,TS,槽,ɔ,,
JD01,嘉定城关,太湖片-苏沪嘉小片,,,豪,TS,皂,ɔ,,
JD01,嘉定城关,太湖片-苏沪嘉小片,,,豪,TS,造,ɔ,,
JD01,嘉定城关,太湖片-苏沪嘉小片,,,豪,TS,骚,ɔ,,
JD01,嘉定城关,太湖片-苏沪嘉小片,,,豪,TS,臊,ɔ,,
JD01,嘉定城关,太湖片-苏沪嘉小片,,,豪,TS,扫,ɔ,,
JD01,嘉定城关,太湖片-苏沪嘉小片,,,豪,TS,嫂,ɔ,,
JD01,嘉定城关,太湖片-苏沪嘉小片,,,豪,TS,扫,ɔ,,
JD01,嘉定城关,太湖片-苏沪嘉小片,,,豪,TS,燥,,,
JD01,嘉定城关,太湖片-苏沪嘉小片,,,豪,K,高,ɔ,,
JD01,嘉定城关,太湖片-苏沪嘉小片,,,豪,K,膏,ɔ,,
JD01,嘉定城关,太湖片-苏沪嘉小片,,,豪,K,篙,ɔ,,
JD01,嘉定城关,太湖片-苏沪嘉小片,,,豪,K,羔,ɔ,,
JD01,嘉定城关,太湖片-苏沪嘉小片,,,豪,K,糕,ɔ,,
JD01,嘉定城关,太湖片-苏沪嘉小片,,,豪,K,稿,ɔ,,
JD01,嘉定城关,太湖片-苏沪嘉小片,,,豪,K,告,ɔ,,
JD01,嘉定城关,太湖片-苏沪嘉小片,,,豪,K,膏,ɔ,,
JD01,嘉定城关,太湖片-苏沪嘉小片,,,豪,K,考,ɔ,,
JD01,嘉定城关,太湖片-苏沪嘉小片,,,豪,K,烤,ɔ,,
JD01,嘉定城关,太湖片-苏沪嘉小片,,,豪,K,拷,ɔ,,
JD01,嘉定城关,太湖片-苏沪嘉小片,,,豪,K,靠,ɔ,,
JD01,嘉定城关,太湖片-苏沪嘉小片,,,豪,K,犒,ɔ,,
JD01,嘉定城关,太湖片-苏沪嘉小片,,,豪,K,铐,ɔ,,
JD01,嘉定城关,太湖片-苏沪嘉小片,,,豪,K,㸆,,,
JD01,嘉定城关,太湖片-苏沪嘉小片,,,豪,K,熬,ɔ,,
JD01,嘉定城关,太湖片-苏沪嘉小片,,,豪,K,敖,,,
JD01,嘉定城关,太湖片-苏沪嘉小片,,,豪,K,鳌,,,
JD01,嘉定城关,太湖片-苏沪嘉小片,,,豪,K,傲,ɔ,,
JD01,嘉定城关,太湖片-苏沪嘉小片,,,豪,K,鏊,,,
JD01,嘉定城关,太湖片-苏沪嘉小片,,,豪,Ø,蒿,ɔ,,
JD01,嘉定城关,太湖片-苏沪嘉小片,,,豪,Ø,薅,,,
JD01,嘉定城关,太湖片-苏沪嘉小片,,,豪,Ø,好,ɔ,,
JD01,嘉定城关,太湖片-苏沪嘉小片,,,豪,Ø,好,ɔ,,
JD01,嘉定城关,太湖片-苏沪嘉小片,,,豪,Ø,耗,ɔ,,
JD01,嘉定城关,太湖片-苏沪嘉小片,,,豪,Ø,豪,ɔ,,
JD01,嘉定城关,太湖片-苏沪嘉小片,,,豪,Ø,壕,ɔ,,
JD01,嘉定城关,太湖片-苏沪嘉小片,,,豪,Ø,毫,ɔ,,
JD01,嘉定城关,太湖片-苏沪嘉小片,,,豪,Ø,号,ɔ,,
JD01,嘉定城关,太湖片-苏沪嘉小片,,,豪,Ø,蠔,,,
JD01,嘉定城关,太湖片-苏沪嘉小片,,,豪,Ø,浩,ɔ,,
JD01,嘉定城关,太湖片-苏沪嘉小片,,,豪,Ø,号,ɔ,,
JD01,嘉定城关,太湖片-苏沪嘉小片,,,豪,Ø,爊,ɔ,,
JD01,嘉定城关,太湖片-苏沪嘉小片,,,豪,Ø,袄,ɔ,,
JD01,嘉定城关,太湖片-苏沪嘉小片,,,豪,Ø,懊,ɔ,,
JD01,嘉定城关,太湖片-苏沪嘉小片,,,豪,Ø,奥,ɔ,,
JD01,嘉定城关,太湖片-苏沪嘉小片,,,豪,Ø,懊,ɔ,,
JD01,嘉定城关,太湖片-苏沪嘉小片,,,豪,Ø,澳,,,
JD01,嘉定城关,太湖片-苏沪嘉小片,,,侯,P,剖,iɪ,,
JD01,嘉定城关,太湖片-苏沪嘉小片,,,侯,M,某,iɪ,,
JD01,嘉定城关,太湖片-苏沪嘉小片,,,侯,M,亩,iɪ,文读,
JD01,嘉定城关,太湖片-苏沪嘉小片,,,侯,M,牡,iɪ/ɔ,文读/白读,
JD01,嘉定城关,太湖片-苏沪嘉小片,,,侯,M,母,u,,
JD01,嘉定城关,太湖片-苏沪嘉小片,,,侯,M,拇,u,,
JD01,嘉定城关,太湖片-苏沪嘉小片,,,侯,M,戊,u,,
JD01,嘉定城关,太湖片-苏沪嘉小片,,,侯,M,茂,iɪ,,
JD01,嘉定城关,太湖片-苏沪嘉小片,,,侯,M,贸,iɪ,,
JD01,嘉定城关,太湖片-苏沪嘉小片,,,侯,T,兜,ø,,
JD01,嘉定城关,太湖片-苏沪嘉小片,,,侯,T,斗,ø,,
JD01,嘉定城关,太湖片-苏沪嘉小片,,,侯,T,抖,ø,,
JD01,嘉定城关,太湖片-苏沪嘉小片,,,侯,T,陡,ø,,
JD01,嘉定城关,太湖片-苏沪嘉小片,,,侯,T,蚪,,,
JD01,嘉定城关,太湖片-苏沪嘉小片,,,侯,T,斗,ø,,
JD01,嘉定城关,太湖片-苏沪嘉小片,,,侯,T,偷,ø,,
JD01,嘉定城关,太湖片-苏沪嘉小片,,,侯,T,敨,ø,,
JD01,嘉定城关,太湖片-苏沪嘉小片,,,侯,T,透,ø,,
JD01,嘉定城关,太湖片-苏沪嘉小片,,,侯,T,头,ø,,
JD01,嘉定城关,太湖片-苏沪嘉小片,,,侯,T,投,ø,,
JD01,嘉定城关,太湖片-苏沪嘉小片,,,侯,T,骰,ø,,
JD01,嘉定城关,太湖片-苏沪嘉小片,,,侯,T,豆,ø,,
JD01,嘉定城关,太湖片-苏沪嘉小片,,,侯,T,逗,ø,,
JD01,嘉定城关,太湖片-苏沪嘉小片,,,侯,T,痘,ø,,
JD01,嘉定城关,太湖片-苏沪嘉小片,,,侯,T,脰,,,
JD01,嘉定城关,太湖片-苏沪嘉小片,,,侯,L,楼,ø,,
JD01,嘉定城关,太湖片-苏沪嘉小片,,,侯,L,搂,,,
JD01,嘉定城关,太湖片-苏沪嘉小片,,,侯,L,耧,,,
JD01,嘉定城关,太湖片-苏沪嘉小片,,,侯,L,娄,,,
JD01,嘉定城关,太湖片-苏沪嘉小片,,,侯,L,搂,ø,,
JD01,嘉定城关,太湖片-苏沪嘉小片,,,侯,L,篓,y,,
JD01,嘉定城关,太湖片-苏沪嘉小片,,,侯,L,溇,ø,,
JD01,嘉定城关,太湖片-苏沪嘉小片,,,侯,L,漏,ø,,
JD01,嘉定城关,太湖片-苏沪嘉小片,,,侯,L,陋,,,
JD01,嘉定城关,太湖片-苏沪嘉小片,,,侯,TS,走,ø,,
JD01,嘉定城关,太湖片-苏沪嘉小片,,,侯,TS,奏,ø,,
JD01,嘉定城关,太湖片-苏沪嘉小片,,,侯,TS,凑,ø,,
JD01,嘉定城关,太湖片-苏沪嘉小片,,,侯,TS,叟,ø,,
JD01,嘉定城关,太湖片-苏沪嘉小片,,,侯,TS,嗽,ø,,
JD01,嘉定城关,太湖片-苏沪嘉小片,,,侯,K,勾,ø,,
JD01,嘉定城关,太湖片-苏沪嘉小片,,,侯,K,钩,ø,,
JD01,嘉定城关,太湖片-苏沪嘉小片,,,侯,K,沟,ø,,
JD01,嘉定城关,太湖片-苏沪嘉小片,,,侯,K,狗,ø,,
JD01,嘉定城关,太湖片-苏沪嘉小片,,,侯,K,苟,ø,,
JD01,嘉定城关,太湖片-苏沪嘉小片,,,侯,K,垢,,,
JD01,嘉定城关,太湖片-苏沪嘉小片,,,侯,K,枸,,,
JD01,嘉定城关,太湖片-苏沪嘉小片,,,侯,K,彀,ø,,
JD01,嘉定城关,太湖片-苏沪嘉小片,,,侯,K,够,ø,,
JD01,嘉定城关,太湖片-苏沪嘉小片,,,侯,K,构,ø,,
JD01,嘉定城关,太湖片-苏沪嘉小片,,,侯,K,购,ø,,
JD01,嘉定城关,太湖片-苏沪嘉小片,,,侯,K,勾,ø,,
JD01,嘉定城关,太湖片-苏沪嘉小片,,,侯,K,抠,ø,,
JD01,嘉定城关,太湖片-苏沪嘉小片,,,侯,K,眍,ø,,
JD01,嘉定城关,太湖片-苏沪嘉小片,,,侯,K,口,ø,,
JD01,嘉定城关,太湖片-苏沪嘉小片,,,侯,K,叩,ø,,
JD01,嘉定城关,太湖片-苏沪嘉小片,,,侯,K,扣,ø,,
JD01,嘉定城关,太湖片-苏沪嘉小片,,,侯,K,寇,,,
JD01,嘉定城关,太湖片-苏沪嘉小片,,,侯,K,藕,,,
JD01,嘉定城关,太湖片-苏沪嘉小片,,,侯,K,偶,ø,,
JD01,嘉定城关,太湖片-苏沪嘉小片,,,侯,K,偶,ø,,
JD01,嘉定城关,太湖片-苏沪嘉小片,,,侯,Ø,吼,ø,,
JD01,嘉定城关,太湖片-苏沪嘉小片,,,侯,Ø,侯,ø,,
JD01,嘉定城关,太湖片-苏沪嘉小片,,,侯,Ø,喉,ø,,
JD01,嘉定城关,太湖片-苏沪嘉小片,,,侯,Ø,猴,ø,,
JD01,嘉定城关,太湖片-苏沪嘉小片,,,侯,Ø,瘊,,,
JD01,嘉定城关,太湖片-苏沪嘉小片,,,侯,Ø,後,ø,,
JD01,嘉定城关,太湖片-苏沪嘉小片,,,侯,Ø,厚,ø,,
JD01,嘉定城关,太湖片-苏沪嘉小片,,,侯,Ø,后,ø,,
JD01,嘉定城关,太湖片-苏沪嘉小片,,,侯,Ø,候,ø,,
JD01,嘉定城关,太湖片-苏沪嘉小片,,,侯,Ø,鲎,ø,,
JD01,嘉定城关,太湖片-苏沪嘉小片,,,侯,Ø,欧,ø,,
JD01,嘉定城关,太湖片-苏沪嘉小片,,,侯,Ø,瓯,ø,,
JD01,嘉定城关,太湖片-苏沪嘉小片,,,侯,Ø,区,,,
JD01,嘉定城关,太湖片-苏沪嘉小片,,,侯,Ø,鸥,,,
JD01,嘉定城关,太湖片-苏沪嘉小片,,,侯,Ø,呕,ø,,
JD01,嘉定城关,太湖片-苏沪嘉小片,,,侯,Ø,殴,ø,,
JD01,嘉定城关,太湖片-苏沪嘉小片,,,侯,Ø,沤,,,
JD01,嘉定城关,太湖片-苏沪嘉小片,,,侯,Ø,怄,,,
JD01,嘉定城关,太湖片-苏沪嘉小片,,,皆,P,拜,ᴀ,,
JD01,嘉定城关,太湖片-苏沪嘉小片,,,皆,P,排,ᴀ,,
JD01,嘉定城关,太湖片-苏沪嘉小片,,,皆,P,�,,,
JD01,嘉定城关,太湖片-苏沪嘉小片,,,皆,M,埋,ᴀ/ᴇ,,
JD01,嘉定城关,太湖片-苏沪嘉小片,,,皆,L,攋,ᴀ,,
JD01,嘉定城关,太湖片-苏沪嘉小片,,,皆,TS*,䍉,,,
JD01,嘉定城关,太湖片-苏沪嘉小片,,,皆,TS*,箉,,,
JD01,嘉定城关,太湖片-苏沪嘉小片,,,皆,TS*,斋,ᴀ,,
JD01,嘉定城关,太湖片-苏沪嘉小片,,,皆,TS*,豺,ᴀ/ᴇ,文读/白读,
JD01,嘉定城关,太湖片-苏沪嘉小片,,,皆,K,皆,iᴀ,,
JD01,嘉定城关,太湖片-苏沪嘉小片,,,皆,K,阶,,,
JD01,嘉定城关,太湖片-苏沪嘉小片,,,皆,K,稭,,,
JD01,嘉定城关,太湖片-苏沪嘉小片,,,皆,K,偕,,,
JD01,嘉定城关,太湖片-苏沪嘉小片,,,皆,K,介,ᴀ,,
JD01,嘉定城关,太湖片-苏沪嘉小片,,,皆,K,界,ᴀ,,
JD01,嘉定城关,太湖片-苏沪嘉小片,,,皆,K,芥,iᴀ,,
JD01,嘉定城关,太湖片-苏沪嘉小片,,,皆,K,尬,ᴀ,,
JD01,嘉定城关,太湖片-苏沪嘉小片,,,皆,K,疥,ᴀ,,
JD01,嘉定城关,太湖片-苏沪嘉小片,,,皆,K,届,,,
JD01,嘉定城关,太湖片-苏沪嘉小片,,,皆,K,戒,ᴀ,,
JD01,嘉定城关,太湖片-苏沪嘉小片,,,皆,K,庎,,,
JD01,嘉定城关,太湖片-苏沪嘉小片,,,皆,K,揩,ᴀ,,
JD01,嘉定城关,太湖片-苏沪嘉小片,,,皆,K,楷,ᴀ,,
JD01,嘉定城关,太湖片-苏沪嘉小片,,,皆,Ø,谐,iᴀ,,
JD01,嘉定城关,太湖片-苏沪嘉小片,,,皆,Ø,骇,,,
JD01,嘉定城关,太湖片-苏沪嘉小片,,,皆,Ø,械,iᴇ,,
JD01,嘉定城关,太湖片-苏沪嘉小片,,,皆,Ø,挨,ᴀ,,
JD01,嘉定城关,太湖片-苏沪嘉小片,,,佳,P,摆,ᴀ,,
JD01,嘉定城关,太湖片-苏沪嘉小片,,,佳,P,派,ᴀ,,
JD01,嘉定城关,太湖片-苏沪嘉小片,,,佳,P,牌,ᴀ,,
JD01,嘉定城关,太湖片-苏沪嘉小片,,,佳,P,簰,,,
JD01,嘉定城关,太湖片-苏沪嘉小片,,,佳,P,罢,ᴀ,,
JD01,嘉定城关,太湖片-苏沪嘉小片,,,佳,P,稗,ᴀ,,
JD01,嘉定城关,太湖片-苏沪嘉小片,,,佳,M,买,ᴀ,,
JD01,嘉定城关,太湖片-苏沪嘉小片,,,佳,M,卖,ᴀ,,
JD01,嘉定城关,太湖片-苏沪嘉小片,,,佳,N,奶,,,
JD01,嘉定城关,太湖片-苏沪嘉小片,,,佳,TS*,债,ᴀ,,
JD01,嘉定城关,太湖片-苏沪嘉小片,,,佳,TS*,钗,o,,
JD01,嘉定城关,太湖片-苏沪嘉小片,,,佳,TS*,差,ᴀ,,
JD01,嘉定城关,太湖片-苏沪嘉小片,,,佳,TS*,柴,ᴀ,,
JD01,嘉定城关,太湖片-苏沪嘉小片,,,佳,TS*,筛,ᴀ,,
JD01,嘉定城关,太湖片-苏沪嘉小片,,,佳,TS*,洒,ᴀ,,
JD01,嘉定城关,太湖片-苏沪嘉小片,,,佳,TS*,晒,o/ᴀ,白读/文读,
JD01,嘉定城关,太湖片-苏沪嘉小片,,,佳,K,佳,iᴀ,,
JD01,嘉定城关,太湖片-苏沪嘉小片,,,佳,K,街,ᴀ,,
JD01,嘉定城关,太湖片-苏沪嘉小片,,,佳,K,解,ᴀ/iᴇ,/姓,
JD01,嘉定城关,太湖片-苏沪嘉小片,,,佳,K,懈,iᴇ,,
JD01,嘉定城关,太湖片-苏沪嘉小片,,,佳,K,涯,iᴀ,,
JD01,嘉定城关,太湖片-苏沪嘉小片,,,佳,K,崖,iᴀ,,
JD01,嘉定城关,太湖片-苏沪嘉小片,,,佳,K,捱,ᴀ,,
JD01,嘉定城关,太湖片-苏沪嘉小片,,,佳,Ø,鞋,ᴀ,,
JD01,嘉定城关,太湖片-苏沪嘉小片,,,佳,Ø,解,ᴀ,,
JD01,嘉定城关,太湖片-苏沪嘉小片,,,佳,Ø,解,ᴀ,,
JD01,嘉定城关,太湖片-苏沪嘉小片,,,佳,Ø,蟹,ᴀ,,
JD01,嘉定城关,太湖片-苏沪嘉小片,,,佳,Ø,矮,ᴀ,,
JD01,嘉定城关,太湖片-苏沪嘉小片,,,佳,Ø,隘,,,