point_id,point_name,subbranch,lat,lon,韵,声组,汉字,读音,note,吴语嘉善方言研究
JS01,嘉善魏塘镇,太湖片-苏沪嘉小片,,,歌,T,多,u,,
JS01,嘉善魏塘镇,太湖片-苏沪嘉小片,,,歌,T,拖,u/a,/～过来,
JS01,嘉善魏塘镇,太湖片-苏沪嘉小片,,,歌,T,他,a,文读,
JS01,嘉善魏塘镇,太湖片-苏沪嘉小片,,,歌,T,驼,u,,
JS01,嘉善魏塘镇,太湖片-苏沪嘉小片,,,歌,T,驮,u,,
JS01,嘉善魏塘镇,太湖片-苏沪嘉小片,,,歌,T,陀,,,
JS01,嘉善魏塘镇,太湖片-苏沪嘉小片,,,歌,T,鸵,,,
JS01,嘉善魏塘镇,太湖片-苏沪嘉小片,,,歌,T,沱,,,
JS01,嘉善魏塘镇,太湖片-苏沪嘉小片,,,歌,T,舵,u,,
JS01,嘉善魏塘镇,太湖片-苏沪嘉小片,,,歌,T,大,u,白读,
JS01,嘉善魏塘镇,太湖片-苏沪嘉小片,,,歌,T,驮,u,,
JS01,嘉善魏塘镇,太湖片-苏沪嘉小片,,,歌,N,挪,u,,
JS01,嘉善魏塘镇,太湖片-苏沪嘉小片,,,歌,N,哪,a,,
JS01,嘉善魏塘镇,太湖片-苏沪嘉小片,,,歌,N,那,a,,
JS01,嘉善魏塘镇,太湖片-苏沪嘉小片,,,歌,L,罗,u,,
JS01,嘉善魏塘镇,太湖片-苏沪嘉小片,,,歌,L,锣,u,,
JS01,嘉善魏塘镇,太湖片-苏沪嘉小片,,,歌,L,箩,u,,
JS01,嘉善魏塘镇,太湖片-苏沪嘉小片,,,歌,L,萝,,,
JS01,嘉善魏塘镇,太湖片-苏沪嘉小片,,,歌,L,逻,,,
JS01,嘉善魏塘镇,太湖片-苏沪嘉小片,,,歌,TS,左,i/u,～手/文读,
JS01,嘉善魏塘镇,太湖片-苏沪嘉小片,,,歌,TS,佐,u,,
JS01,嘉善魏塘镇,太湖片-苏沪嘉小片,,,歌,TS,搓,u,,
JS01,嘉善魏塘镇,太湖片-苏沪嘉小片,,,歌,TS,娑,,,
JS01,嘉善魏塘镇,太湖片-苏沪嘉小片,,,歌,K,歌,u/ɤ,文读/白读,
JS01,嘉善魏塘镇,太湖片-苏沪嘉小片,,,歌,K,哥,u/ɤ,文读/白读,
JS01,嘉善魏塘镇,太湖片-苏沪嘉小片,,,歌,K,柯,,,
JS01,嘉善魏塘镇,太湖片-苏沪嘉小片,,,歌,K,个,,,
JS01,嘉善魏塘镇,太湖片-苏沪嘉小片,,,歌,K,轲,,,
JS01,嘉善魏塘镇,太湖片-苏沪嘉小片,,,歌,K,可,o,～口～乐,
JS01,嘉善魏塘镇,太湖片-苏沪嘉小片,,,歌,K,蛾,u,,
JS01,嘉善魏塘镇,太湖片-苏沪嘉小片,,,歌,K,鹅,u,,
JS01,嘉善魏塘镇,太湖片-苏沪嘉小片,,,歌,K,俄,u,,
JS01,嘉善魏塘镇,太湖片-苏沪嘉小片,,,歌,K,娥,,,
JS01,嘉善魏塘镇,太湖片-苏沪嘉小片,,,歌,K,我,u,文读,
JS01,嘉善魏塘镇,太湖片-苏沪嘉小片,,,歌,K,饿,u,,
JS01,嘉善魏塘镇,太湖片-苏沪嘉小片,,,歌,Ø,荷,u,,
JS01,嘉善魏塘镇,太湖片-苏沪嘉小片,,,歌,Ø,河,u,,
JS01,嘉善魏塘镇,太湖片-苏沪嘉小片,,,歌,Ø,何,u,,
JS01,嘉善魏塘镇,太湖片-苏沪嘉小片,,,歌,Ø,荷,u,,
JS01,嘉善魏塘镇,太湖片-苏沪嘉小片,,,歌,Ø,贺,u,,
JS01,嘉善魏塘镇,太湖片-苏沪嘉小片,,,歌,Ø,阿,u,～胶,
JS01,嘉善魏塘镇,太湖片-苏沪嘉小片,,,歌,Ø,屙,,,
JS01,嘉善魏塘镇,太湖片-苏沪嘉小片,,,戈,K,茄,a,,
JS01,嘉善魏塘镇,太湖片-苏沪嘉小片,,,戈,P,波,u,,
JS01,嘉善魏塘镇,太湖片-苏沪嘉小片,,,戈,P,菠,u,,
JS01,嘉善魏塘镇,太湖片-苏沪嘉小片,,,戈,P,跛,u,,
JS01,嘉善魏塘镇,太湖片-苏沪嘉小片,,,戈,P,簸,u,,
JS01,嘉善魏塘镇,太湖片-苏沪嘉小片,,,戈,P,簸,u,,
JS01,嘉善魏塘镇,太湖片-苏沪嘉小片,,,戈,P,播,u,,
JS01,嘉善魏塘镇,太湖片-苏沪嘉小片,,,戈,P,颇,,,
JS01,嘉善魏塘镇,太湖片-苏沪嘉小片,,,戈,P,坡,u,,
JS01,嘉善魏塘镇,太湖片-苏沪嘉小片,,,戈,P,玻,u,,
JS01,嘉善魏塘镇,太湖片-苏沪嘉小片,,,戈,P,破,u,,
JS01,嘉善魏塘镇,太湖片-苏沪嘉小片,,,戈,P,婆,u,,
JS01,嘉善魏塘镇,太湖片-苏沪嘉小片,,,戈,P,薄,,,
JS01,嘉善魏塘镇,太湖片-苏沪嘉小片,,,戈,M,魔,u,,
JS01,嘉善魏塘镇,太湖片-苏沪嘉小片,,,戈,M,磨,u,,
JS01,嘉善魏塘镇,太湖片-苏沪嘉小片,,,戈,M,摩,u,,
JS01,嘉善魏塘镇,太湖片-苏沪嘉小片,,,戈,M,馍,,,
JS01,嘉善魏塘镇,太湖片-苏沪嘉小片,,,戈,M,蘑,,,
JS01,嘉善魏塘镇,太湖片-苏沪嘉小片,,,戈,M,磨,u,,
JS01,嘉善魏塘镇,太湖片-苏沪嘉小片,,,戈,T,朵,u/o,耳～/一～花,
JS01,嘉善魏塘镇,太湖片-苏沪嘉小片,,,戈,T,躲,u,,
JS01,嘉善魏塘镇,太湖片-苏沪嘉小片,,,戈,T,剁,u,,
JS01,嘉善魏塘镇,太湖片-苏沪嘉小片,,,戈,T,妥,u,,
JS01,嘉善魏塘镇,太湖片-苏沪嘉小片,,,戈,T,椭,u,,
JS01,嘉善魏塘镇,太湖片-苏沪嘉小片,,,戈,T,唾,u,,
JS01,嘉善魏塘镇,太湖片-苏沪嘉小片,,,戈,T,砣,,,
JS01,嘉善魏塘镇,太湖片-苏沪嘉小片,,,戈,T,惰,u,,
JS01,嘉善魏塘镇,太湖片-苏沪嘉小片,,,戈,T,垛,u,,
JS01,嘉善魏塘镇,太湖片-苏沪嘉小片,,,戈,T,堕,,,
JS01,嘉善魏塘镇,太湖片-苏沪嘉小片,,,戈,N,挼,u,,
JS01,嘉善魏塘镇,太湖片-苏沪嘉小片,,,戈,N,糯,u,,
JS01,嘉善魏塘镇,太湖片-苏沪嘉小片,,,戈,N,懦,u,,
JS01,嘉善魏塘镇,太湖片-苏沪嘉小片,,,戈,L,骡,u,,
JS01,嘉善魏塘镇,太湖片-苏沪嘉小片,,,戈,L,螺,u,,
JS01,嘉善魏塘镇,太湖片-苏沪嘉小片,,,戈,L,脶,u,,
JS01,嘉善魏塘镇,太湖片-苏沪嘉小片,,,戈,L,啰,u,,
JS01,嘉善魏塘镇,太湖片-苏沪嘉小片,,,戈,L,裸,u,,
JS01,嘉善魏塘镇,太湖片-苏沪嘉小片,,,戈,L,瘰,,,
JS01,嘉善魏塘镇,太湖片-苏沪嘉小片,,,戈,L,摞,,,
JS01,嘉善魏塘镇,太湖片-苏沪嘉小片,,,戈,TS,锉,u,,
JS01,嘉善魏塘镇,太湖片-苏沪嘉小片,,,戈,TS,莝,,,
JS01,嘉善魏塘镇,太湖片-苏沪嘉小片,,,戈,TS,矬,,,
JS01,嘉善魏塘镇,太湖片-苏沪嘉小片,,,戈,TS,坐,u,,
JS01,嘉善魏塘镇,太湖片-苏沪嘉小片,,,戈,TS,座,u,,
JS01,嘉善魏塘镇,太湖片-苏沪嘉小片,,,戈,TS,蓑,u,,
JS01,嘉善魏塘镇,太湖片-苏沪嘉小片,,,戈,TS,梭,u,,
JS01,嘉善魏塘镇,太湖片-苏沪嘉小片,,,戈,TS,唆,u,,
JS01,嘉善魏塘镇,太湖片-苏沪嘉小片,,,戈,TS,莎,u,,
JS01,嘉善魏塘镇,太湖片-苏沪嘉小片,,,戈,TS,锁,u,,
JS01,嘉善魏塘镇,太湖片-苏沪嘉小片,,,戈,TS,琐,u,,
JS01,嘉善魏塘镇,太湖片-苏沪嘉小片,,,戈,TS,唢,,,
JS01,嘉善魏塘镇,太湖片-苏沪嘉小片,,,戈,K,过,u,,
JS01,嘉善魏塘镇,太湖片-苏沪嘉小片,,,戈,K,锅,u,,
JS01,嘉善魏塘镇,太湖片-苏沪嘉小片,,,戈,K,戈,u,,
JS01,嘉善魏塘镇,太湖片-苏沪嘉小片,,,戈,K,果,u,,
JS01,嘉善魏塘镇,太湖片-苏沪嘉小片,,,戈,K,裹,u,,
JS01,嘉善魏塘镇,太湖片-苏沪嘉小片,,,戈,K,餜,u,,
JS01,嘉善魏塘镇,太湖片-苏沪嘉小片,,,戈,K,过,u,,
JS01,嘉善魏塘镇,太湖片-苏沪嘉小片,,,戈,K,科,u,,
JS01,嘉善魏塘镇,太湖片-苏沪嘉小片,,,戈,K,窠,u,,
JS01,嘉善魏塘镇,太湖片-苏沪嘉小片,,,戈,K,棵,u,,
JS01,嘉善魏塘镇,太湖片-苏沪嘉小片,,,戈,K,髁,,,
JS01,嘉善魏塘镇,太湖片-苏沪嘉小片,,,戈,K,蝌,,,
JS01,嘉善魏塘镇,太湖片-苏沪嘉小片,,,戈,K,颗,u,,
JS01,嘉善魏塘镇,太湖片-苏沪嘉小片,,,戈,K,课,u,,
JS01,嘉善魏塘镇,太湖片-苏沪嘉小片,,,戈,K,讹,u,,
JS01,嘉善魏塘镇,太湖片-苏沪嘉小片,,,戈,K,卧,u,,
JS01,嘉善魏塘镇,太湖片-苏沪嘉小片,,,戈,Ø,火,u,,
JS01,嘉善魏塘镇,太湖片-苏沪嘉小片,,,戈,Ø,伙,u,,
JS01,嘉善魏塘镇,太湖片-苏沪嘉小片,,,戈,Ø,货,u,,
JS01,嘉善魏塘镇,太湖片-苏沪嘉小片,,,戈,Ø,和,u,,
JS01,嘉善魏塘镇,太湖片-苏沪嘉小片,,,戈,Ø,禾,u,,
JS01,嘉善魏塘镇,太湖片-苏沪嘉小片,,,戈,Ø,祸,u,,
JS01,嘉善魏塘镇,太湖片-苏沪嘉小片,,,戈,Ø,夥,,,
JS01,嘉善魏塘镇,太湖片-苏沪嘉小片,,,戈,Ø,和,u,,
JS01,嘉善魏塘镇,太湖片-苏沪嘉小片,,,戈,Ø,倭,u,,
JS01,嘉善魏塘镇,太湖片-苏沪嘉小片,,,戈,Ø,踒,,,
JS01,嘉善魏塘镇,太湖片-苏沪嘉小片,,,戈,Ø,窝,u,,
JS01,嘉善魏塘镇,太湖片-苏沪嘉小片,,,戈,Ø,涡,,,
JS01,嘉善魏塘镇,太湖片-苏沪嘉小片,,,戈,Ø,莴,,,
JS01,嘉善魏塘镇,太湖片-苏沪嘉小片,,,戈,Ø,涴,u,,
JS01,嘉善魏塘镇,太湖片-苏沪嘉小片,,,戈,Ø,瘸,,,
JS01,嘉善魏塘镇,太湖片-苏沪嘉小片,,,戈,Ø,靴,iø,,
JS01,嘉善魏塘镇,太湖片-苏沪嘉小片,,,戈,Ø,�,,,
JS01,嘉善魏塘镇,太湖片-苏沪嘉小片,,,麻,P,巴,o,,
JS01,嘉善魏塘镇,太湖片-苏沪嘉小片,,,麻,P,芭,o,,
JS01,嘉善魏塘镇,太湖片-苏沪嘉小片,,,麻,P,疤,o,,
JS01,嘉善魏塘镇,太湖片-苏沪嘉小片,,,麻,P,笆,,,
JS01,嘉善魏塘镇,太湖片-苏沪嘉小片,,,麻,P,吧,a,,
JS01,嘉善魏塘镇,太湖片-苏沪嘉小片,,,麻,P,把,o,,
JS01,嘉善魏塘镇,太湖片-苏沪嘉小片,,,麻,P,靶,,,
JS01,嘉善魏塘镇,太湖片-苏沪嘉小片,,,麻,P,霸,o,,
JS01,嘉善魏塘镇,太湖片-苏沪嘉小片,,,麻,P,欛,o,,
JS01,嘉善魏塘镇,太湖片-苏沪嘉小片,,,麻,P,壩,,,
JS01,嘉善魏塘镇,太湖片-苏沪嘉小片,,,麻,P,坝,o,,
JS01,嘉善魏塘镇,太湖片-苏沪嘉小片,,,麻,P,爸,a,,
JS01,嘉善魏塘镇,太湖片-苏沪嘉小片,,,麻,P,怕,a/o,文读/白读,
JS01,嘉善魏塘镇,太湖片-苏沪嘉小片,,,麻,P,帕,,,
JS01,嘉善魏塘镇,太湖片-苏沪嘉小片,,,麻,P,爬,o,,
JS01,嘉善魏塘镇,太湖片-苏沪嘉小片,,,麻,P,琶,o,,
JS01,嘉善魏塘镇,太湖片-苏沪嘉小片,,,麻,P,杷,o,,
JS01,嘉善魏塘镇,太湖片-苏沪嘉小片,,,麻,P,钯,,,
JS01,嘉善魏塘镇,太湖片-苏沪嘉小片,,,麻,P,耙,o,,
JS01,嘉善魏塘镇,太湖片-苏沪嘉小片,,,麻,M,麻,o,,
JS01,嘉善魏塘镇,太湖片-苏沪嘉小片,,,麻,M,痲,o,,
JS01,嘉善魏塘镇,太湖片-苏沪嘉小片,,,麻,M,蟆,o,,
JS01,嘉善魏塘镇,太湖片-苏沪嘉小片,,,麻,M,妈,a,白读,
JS01,嘉善魏塘镇,太湖片-苏沪嘉小片,,,麻,M,马,o,,
JS01,嘉善魏塘镇,太湖片-苏沪嘉小片,,,麻,M,码,o,,
JS01,嘉善魏塘镇,太湖片-苏沪嘉小片,,,麻,M,玛,,,
JS01,嘉善魏塘镇,太湖片-苏沪嘉小片,,,麻,M,蚂,,,
JS01,嘉善魏塘镇,太湖片-苏沪嘉小片,,,麻,M,骂,o,,
JS01,嘉善魏塘镇,太湖片-苏沪嘉小片,,,麻,N,拿,a/o/ɔ,文读/白读/～去,
JS01,嘉善魏塘镇,太湖片-苏沪嘉小片,,,麻,TS,茶,o,,
JS01,嘉善魏塘镇,太湖片-苏沪嘉小片,,,麻,TS,搽,o,,
JS01,嘉善魏塘镇,太湖片-苏沪嘉小片,,,麻,TS,䖳,,,
JS01,嘉善魏塘镇,太湖片-苏沪嘉小片,,,麻,TS*,楂,a/o,,
JS01,嘉善魏塘镇,太湖片-苏沪嘉小片,,,麻,TS*,渣,,,
JS01,嘉善魏塘镇,太湖片-苏沪嘉小片,,,麻,TS*,诈,o,,
JS01,嘉善魏塘镇,太湖片-苏沪嘉小片,,,麻,TS*,榨,o,,
JS01,嘉善魏塘镇,太湖片-苏沪嘉小片,,,麻,TS*,炸,o,,
JS01,嘉善魏塘镇,太湖片-苏沪嘉小片,,,麻,TS*,叉,o,,
JS01,嘉善魏塘镇,太湖片-苏沪嘉小片,,,麻,TS*,杈,o,,
JS01,嘉善魏塘镇,太湖片-苏沪嘉小片,,,麻,TS*,差,a/o,出～/～别,
JS01,嘉善魏塘镇,太湖片-苏沪嘉小片,,,麻,TS*,岔,o,,
JS01,嘉善魏塘镇,太湖片-苏沪嘉小片,,,麻,TS*,差,a/o,出～/～别,
JS01,嘉善魏塘镇,太湖片-苏沪嘉小片,,,麻,TS*,茬,o,,
JS01,嘉善魏塘镇,太湖片-苏沪嘉小片,,,麻,TS*,查,a/o,,
JS01,嘉善魏塘镇,太湖片-苏沪嘉小片,,,麻,TS*,乍,o,,
JS01,嘉善魏塘镇,太湖片-苏沪嘉小片,,,麻,TS*,沙,o,,
JS01,嘉善魏塘镇,太湖片-苏沪嘉小片,,,麻,TS*,纱,o,,
JS01,嘉善魏塘镇,太湖片-苏沪嘉小片,,,麻,TS*,痧,,,
JS01,嘉善魏塘镇,太湖片-苏沪嘉小片,,,麻,TS*,砂,,,
JS01,嘉善魏塘镇,太湖片-苏沪嘉小片,,,麻,TS*,鲨,,,
JS01,嘉善魏塘镇,太湖片-苏沪嘉小片,,,麻,TS*,裟,,,
JS01,嘉善魏塘镇,太湖片-苏沪嘉小片,,,麻,TS*,洒,a,,
JS01,嘉善魏塘镇,太湖片-苏沪嘉小片,,,麻,TS*,厦,o,前廊后～,
JS01,嘉善魏塘镇,太湖片-苏沪嘉小片,,,麻,K,家,a,,
JS01,嘉善魏塘镇,太湖片-苏沪嘉小片,,,麻,K,傢,a,,
JS01,嘉善魏塘镇,太湖片-苏沪嘉小片,,,麻,K,加,a,,
JS01,嘉善魏塘镇,太湖片-苏沪嘉小片,,,麻,K,痂,a,,
JS01,嘉善魏塘镇,太湖片-苏沪嘉小片,,,麻,K,嘉,a,,
JS01,嘉善魏塘镇,太湖片-苏沪嘉小片,,,麻,K,枷,,,
JS01,嘉善魏塘镇,太湖片-苏沪嘉小片,,,麻,K,袈,,,
JS01,嘉善魏塘镇,太湖片-苏沪嘉小片,,,麻,K,假,a,,
JS01,嘉善魏塘镇,太湖片-苏沪嘉小片,,,麻,K,贾,a,,
JS01,嘉善魏塘镇,太湖片-苏沪嘉小片,,,麻,K,假,a,,
JS01,嘉善魏塘镇,太湖片-苏沪嘉小片,,,麻,K,架,a,,
JS01,嘉善魏塘镇,太湖片-苏沪嘉小片,,,麻,K,驾,a,,
JS01,嘉善魏塘镇,太湖片-苏沪嘉小片,,,麻,K,嫁,a,,
JS01,嘉善魏塘镇,太湖片-苏沪嘉小片,,,麻,K,稼,a,,
JS01,嘉善魏塘镇,太湖片-苏沪嘉小片,,,麻,K,价,a,,
JS01,嘉善魏塘镇,太湖片-苏沪嘉小片,,,麻,K,揢,a,,
JS01,嘉善魏塘镇,太湖片-苏沪嘉小片,,,麻,K,牙,a,,
JS01,嘉善魏塘镇,太湖片-苏沪嘉小片,,,麻,K,芽,a,,
JS01,嘉善魏塘镇,太湖片-苏沪嘉小片,,,麻,K,衙,a,,
JS01,嘉善魏塘镇,太湖片-苏沪嘉小片,,,麻,K,伢,a,,
JS01,嘉善魏塘镇,太湖片-苏沪嘉小片,,,麻,K,蚜,,,
JS01,嘉善魏塘镇,太湖片-苏沪嘉小片,,,麻,K,雅,ia,,
JS01,嘉善魏塘镇,太湖片-苏沪嘉小片,,,麻,K,砑,a,,
JS01,嘉善魏塘镇,太湖片-苏沪嘉小片,,,麻,Ø,虾,o,,
JS01,嘉善魏塘镇,太湖片-苏沪嘉小片,,,麻,Ø,�,,,
JS01,嘉善魏塘镇,太湖片-苏沪嘉小片,,,麻,Ø,嚇,,,
JS01,嘉善魏塘镇,太湖片-苏沪嘉小片,,,麻,Ø,霞,ia,文读,
JS01,嘉善魏塘镇,太湖片-苏沪嘉小片,,,麻,Ø,瑕,ia,文读,
JS01,嘉善魏塘镇,太湖片-苏沪嘉小片,,,麻,Ø,遐,ia,文读,
JS01,嘉善魏塘镇,太湖片-苏沪嘉小片,,,麻,Ø,蝦,a,,
JS01,嘉善魏塘镇,太湖片-苏沪嘉小片,,,麻,Ø,下,o,,
JS01,嘉善魏塘镇,太湖片-苏沪嘉小片,,,麻,Ø,夏,o,,
JS01,嘉善魏塘镇,太湖片-苏沪嘉小片,,,麻,Ø,厦,o,,
JS01,嘉善魏塘镇,太湖片-苏沪嘉小片,,,麻,Ø,下,o,,
JS01,嘉善魏塘镇,太湖片-苏沪嘉小片,,,麻,Ø,夏,o,,
JS01,嘉善魏塘镇,太湖片-苏沪嘉小片,,,麻,Ø,暇,,,
JS01,嘉善魏塘镇,太湖片-苏沪嘉小片,,,麻,Ø,鸦,o,,
JS01,嘉善魏塘镇,太湖片-苏沪嘉小片,,,麻,Ø,丫,o,,
JS01,嘉善魏塘镇,太湖片-苏沪嘉小片,,,麻,Ø,桠,o,,
JS01,嘉善魏塘镇,太湖片-苏沪嘉小片,,,麻,Ø,哑,o,,
JS01,嘉善魏塘镇,太湖片-苏沪嘉小片,,,麻,Ø,亚,ia,,
JS01,嘉善魏塘镇,太湖片-苏沪嘉小片,,,模,P,补,u,,
JS01,嘉善魏塘镇,太湖片-苏沪嘉小片,,,模,P,谱,u,,
JS01,嘉善魏塘镇,太湖片-苏沪嘉小片,,,模,P,哺,u,,
JS01,嘉善魏塘镇,太湖片-苏沪嘉小片,,,模,P,布,u,,
JS01,嘉善魏塘镇,太湖片-苏沪嘉小片,,,模,P,佈,u,,
JS01,嘉善魏塘镇,太湖片-苏沪嘉小片,,,模,P,铺,u,,
JS01,嘉善魏塘镇,太湖片-苏沪嘉小片,,,模,P,潽,u,,
JS01,嘉善魏塘镇,太湖片-苏沪嘉小片,,,模,P,普,u,,
JS01,嘉善魏塘镇,太湖片-苏沪嘉小片,,,模,P,浦,u,,
JS01,嘉善魏塘镇,太湖片-苏沪嘉小片,,,模,P,铺,u,,
JS01,嘉善魏塘镇,太湖片-苏沪嘉小片,,,模,P,怖,u,,
JS01,嘉善魏塘镇,太湖片-苏沪嘉小片,,,模,P,蒲,u,,
JS01,嘉善魏塘镇,太湖片-苏沪嘉小片,,,模,P,菩,u,,
JS01,嘉善魏塘镇,太湖片-苏沪嘉小片,,,模,P,脯,u,,
JS01,嘉善魏塘镇,太湖片-苏沪嘉小片,,,模,P,葡,,,
JS01,嘉善魏塘镇,太湖片-苏沪嘉小片,,,模,P,莆,,,
JS01,嘉善魏塘镇,太湖片-苏沪嘉小片,,,模,P,部,u,,
JS01,嘉善魏塘镇,太湖片-苏沪嘉小片,,,模,P,簿,u,,
JS01,嘉善魏塘镇,太湖片-苏沪嘉小片,,,模,P,篰,,,
JS01,嘉善魏塘镇,太湖片-苏沪嘉小片,,,模,P,步,u,,
JS01,嘉善魏塘镇,太湖片-苏沪嘉小片,,,模,P,捕,u,,
JS01,嘉善魏塘镇,太湖片-苏沪嘉小片,,,模,P,埠,u,,
JS01,嘉善魏塘镇,太湖片-苏沪嘉小片,,,模,M,模,u/o,,
JS01,嘉善魏塘镇,太湖片-苏沪嘉小片,,,模,M,模,u/o,,
JS01,嘉善魏塘镇,太湖片-苏沪嘉小片,,,模,M,摹,u/o,,
JS01,嘉善魏塘镇,太湖片-苏沪嘉小片,,,模,M,姥,,,
JS01,嘉善魏塘镇,太湖片-苏沪嘉小片,,,模,M,暮,u,,
JS01,嘉善魏塘镇,太湖片-苏沪嘉小片,,,模,M,慕,u,,
JS01,嘉善魏塘镇,太湖片-苏沪嘉小片,,,模,M,墓,u,,
JS01,嘉善魏塘镇,太湖片-苏沪嘉小片,,,模,M,募,u,,
JS01,嘉善魏塘镇,太湖片-苏沪嘉小片,,,模,M,睦,,,
JS01,嘉善魏塘镇,太湖片-苏沪嘉小片,,,模,T,都,u,,
JS01,嘉善魏塘镇,太湖片-苏沪嘉小片,,,模,T,都,u,,
JS01,嘉善魏塘镇,太湖片-苏沪嘉小片,,,模,T,赌,u,,
JS01,嘉善魏塘镇,太湖片-苏沪嘉小片,,,模,T,堵,u,,
JS01,嘉善魏塘镇,太湖片-苏沪嘉小片,,,模,T,肚,u,,
JS01,嘉善魏塘镇,太湖片-苏沪嘉小片,,,模,T,睹,,,
JS01,嘉善魏塘镇,太湖片-苏沪嘉小片,,,模,T,妒,u,,
JS01,嘉善魏塘镇,太湖片-苏沪嘉小片,,,模,T,土,u,,
JS01,嘉善魏塘镇,太湖片-苏沪嘉小片,,,模,T,吐,u,,
JS01,嘉善魏塘镇,太湖片-苏沪嘉小片,,,模,T,吐,u,,
JS01,嘉善魏塘镇,太湖片-苏沪嘉小片,,,模,T,兔,u,,
JS01,嘉善魏塘镇,太湖片-苏沪嘉小片,,,模,T,徒,u,,
JS01,嘉善魏塘镇,太湖片-苏沪嘉小片,,,模,T,屠,u,,
JS01,嘉善魏塘镇,太湖片-苏沪嘉小片,,,模,T,途,u,,
JS01,嘉善魏塘镇,太湖片-苏沪嘉小片,,,模,T,涂,u,,
JS01,嘉善魏塘镇,太湖片-苏沪嘉小片,,,模,T,图,u,,
JS01,嘉善魏塘镇,太湖片-苏沪嘉小片,,,模,T,杜,u,,
JS01,嘉善魏塘镇,太湖片-苏沪嘉小片,,,模,T,肚,u,,
JS01,嘉善魏塘镇,太湖片-苏沪嘉小片,,,模,T,度,u,,
JS01,嘉善魏塘镇,太湖片-苏沪嘉小片,,,模,T,渡,u,,
JS01,嘉善魏塘镇,太湖片-苏沪嘉小片,,,模,T,镀,u,,
JS01,嘉善魏塘镇,太湖片-苏沪嘉小片,,,模,N,奴,u,,
JS01,嘉善魏塘镇,太湖片-苏沪嘉小片,,,模,N,努,u,,
JS01,嘉善魏塘镇,太湖片-苏沪嘉小片,,,模,N,怒,u,,
JS01,嘉善魏塘镇,太湖片-苏沪嘉小片,,,模,L,卢,u,,
JS01,嘉善魏塘镇,太湖片-苏沪嘉小片,,,模,L,炉,u,,
JS01,嘉善魏塘镇,太湖片-苏沪嘉小片,,,模,L,芦,u,,
JS01,嘉善魏塘镇,太湖片-苏沪嘉小片,,,模,L,鸬,u,,
JS01,嘉善魏塘镇,太湖片-苏沪嘉小片,,,模,L,颅,,,
JS01,嘉善魏塘镇,太湖片-苏沪嘉小片,,,模,L,鲈,,,
JS01,嘉善魏塘镇,太湖片-苏沪嘉小片,,,模,L,鲁,u,,
JS01,嘉善魏塘镇,太湖片-苏沪嘉小片,,,模,L,橹,u,,
JS01,嘉善魏塘镇,太湖片-苏沪嘉小片,,,模,L,虏,u,,
JS01,嘉善魏塘镇,太湖片-苏沪嘉小片,,,模,L,卤,u,,
JS01,嘉善魏塘镇,太湖片-苏沪嘉小片,,,模,L,路,u,,
JS01,嘉善魏塘镇,太湖片-苏沪嘉小片,,,模,L,赂,u,,
JS01,嘉善魏塘镇,太湖片-苏沪嘉小片,,,模,L,露,u,,
JS01,嘉善魏塘镇,太湖片-苏沪嘉小片,,,模,L,鹭,u,,
JS01,嘉善魏塘镇,太湖片-苏沪嘉小片,,,模,TS,租,u,,
JS01,嘉善魏塘镇,太湖片-苏沪嘉小片,,,模,TS,祖,u,,
JS01,嘉善魏塘镇,太湖片-苏沪嘉小片,,,模,TS,组,u,,
JS01,嘉善魏塘镇,太湖片-苏沪嘉小片,,,模,TS,做,u,,
JS01,嘉善魏塘镇,太湖片-苏沪嘉小片,,,模,TS,粗,u,,
JS01,嘉善魏塘镇,太湖片-苏沪嘉小片,,,模,TS,醋,u,,
JS01,嘉善魏塘镇,太湖片-苏沪嘉小片,,,模,TS,措,u,,
JS01,嘉善魏塘镇,太湖片-苏沪嘉小片,,,模,TS,错,o,～误,
JS01,嘉善魏塘镇,太湖片-苏沪嘉小片,,,模,TS,苏,,,
JS01,嘉善魏塘镇,太湖片-苏沪嘉小片,,,模,TS,酥,u,,
JS01,嘉善魏塘镇,太湖片-苏沪嘉小片,,,模,TS,素,u,,
JS01,嘉善魏塘镇,太湖片-苏沪嘉小片,,,模,TS,诉,u,文读,
JS01,嘉善魏塘镇,太湖片-苏沪嘉小片,,,模,TS,塑,u,,
JS01,嘉善魏塘镇,太湖片-苏沪嘉小片,,,模,TS,嗉,u,,
JS01,嘉善魏塘镇,太湖片-苏沪嘉小片,,,模,K,姑,u,,
JS01,嘉善魏塘镇,太湖片-苏沪嘉小片,,,模,K,孤,u,,
JS01,嘉善魏塘镇,太湖片-苏沪嘉小片,,,模,K,箍,u,,
JS01,嘉善魏塘镇,太湖片-苏沪嘉小片,,,模,K,辜,,,
JS01,嘉善魏塘镇,太湖片-苏沪嘉小片,,,模,K,菇,,,
JS01,嘉善魏塘镇,太湖片-苏沪嘉小片,,,模,K,鸪,,,
JS01,嘉善魏塘镇,太湖片-苏沪嘉小片,,,模,K,蛄,,,
JS01,嘉善魏塘镇,太湖片-苏沪嘉小片,,,模,K,古,u,,
JS01,嘉善魏塘镇,太湖片-苏沪嘉小片,,,模,K,估,u,,
JS01,嘉善魏塘镇,太湖片-苏沪嘉小片,,,模,K,盬,,,
JS01,嘉善魏塘镇,太湖片-苏沪嘉小片,,,模,K,牯,u,,
JS01,嘉善魏塘镇,太湖片-苏沪嘉小片,,,模,K,股,u,,
JS01,嘉善魏塘镇,太湖片-苏沪嘉小片,,,模,K,鼓,u,,
JS01,嘉善魏塘镇,太湖片-苏沪嘉小片,,,模,K,蛊,,,
JS01,嘉善魏塘镇,太湖片-苏沪嘉小片,,,模,K,故,u,,
JS01,嘉善魏塘镇,太湖片-苏沪嘉小片,,,模,K,固,u,,
JS01,嘉善魏塘镇,太湖片-苏沪嘉小片,,,模,K,锢,u,,
JS01,嘉善魏塘镇,太湖片-苏沪嘉小片,,,模,K,雇,u,,
JS01,嘉善魏塘镇,太湖片-苏沪嘉小片,,,模,K,顾,u,,
JS01,嘉善魏塘镇,太湖片-苏沪嘉小片,,,模,K,枯,u,,
JS01,嘉善魏塘镇,太湖片-苏沪嘉小片,,,模,K,苦,u,,
JS01,嘉善魏塘镇,太湖片-苏沪嘉小片,,,模,K,库,u,,
JS01,嘉善魏塘镇,太湖片-苏沪嘉小片,,,模,K,裤,u,,
JS01,嘉善魏塘镇,太湖片-苏沪嘉小片,,,模,K,吴,u,,
JS01,嘉善魏塘镇,太湖片-苏沪嘉小片,,,模,K,蜈,u,,
JS01,嘉善魏塘镇,太湖片-苏沪嘉小片,,,模,K,吾,u,,
JS01,嘉善魏塘镇,太湖片-苏沪嘉小片,,,模,K,梧,u,,
JS01,嘉善魏塘镇,太湖片-苏沪嘉小片,,,模,K,五,u,文读,
JS01,嘉善魏塘镇,太湖片-苏沪嘉小片,,,模,K,伍,u,文读,
JS01,嘉善魏塘镇,太湖片-苏沪嘉小片,,,模,K,午,u,文读,
JS01,嘉善魏塘镇,太湖片-苏沪嘉小片,,,模,K,忤,,,
JS01,嘉善魏塘镇,太湖片-苏沪嘉小片,,,模,K,误,u,白读,
JS01,嘉善魏塘镇,太湖片-苏沪嘉小片,,,模,K,悟,u,白读,
JS01,嘉善魏塘镇,太湖片-苏沪嘉小片,,,模,Ø,呼,u,,
JS01,嘉善魏塘镇,太湖片-苏沪嘉小片,,,模,Ø,虎,u,,
JS01,嘉善魏塘镇,太湖片-苏沪嘉小片,,,模,Ø,浒,u,,
JS01,嘉善魏塘镇,太湖片-苏沪嘉小片,,,模,Ø,琥,,,
JS01,嘉善魏塘镇,太湖片-苏沪嘉小片,,,模,Ø,戽,u,,
JS01,嘉善魏塘镇,太湖片-苏沪嘉小片,,,模,Ø,胡,u,,
JS01,嘉善魏塘镇,太湖片-苏沪嘉小片,,,模,Ø,湖,u,,
JS01,嘉善魏塘镇,太湖片-苏沪嘉小片,,,模,Ø,狐,u,,
JS01,嘉善魏塘镇,太湖片-苏沪嘉小片,,,模,Ø,壶,u,,
JS01,嘉善魏塘镇,太湖片-苏沪嘉小片,,,模,Ø,乎,u,,
JS01,嘉善魏塘镇,太湖片-苏沪嘉小片,,,模,Ø,瓠,u,,
JS01,嘉善魏塘镇,太湖片-苏沪嘉小片,,,模,Ø,鬍,u,,
JS01,嘉善魏塘镇,太湖片-苏沪嘉小片,,,模,Ø,糊,,,
JS01,嘉善魏塘镇,太湖片-苏沪嘉小片,,,模,Ø,蝴,,,
JS01,嘉善魏塘镇,太湖片-苏沪嘉小片,,,模,Ø,瑚,,,
JS01,嘉善魏塘镇,太湖片-苏沪嘉小片,,,模,Ø,户,u,,
JS01,嘉善魏塘镇,太湖片-苏沪嘉小片,,,模,Ø,沪,u,,
JS01,嘉善魏塘镇,太湖片-苏沪嘉小片,,,模,Ø,互,u,,
JS01,嘉善魏塘镇,太湖片-苏沪嘉小片,,,模,Ø,护,u,,
JS01,嘉善魏塘镇,太湖片-苏沪嘉小片,,,模,Ø,瓠,u,,
JS01,嘉善魏塘镇,太湖片-苏沪嘉小片,,,模,Ø,糊,,,
JS01,嘉善魏塘镇,太湖片-苏沪嘉小片,,,模,Ø,乌,u,,
JS01,嘉善魏塘镇,太湖片-苏沪嘉小片,,,模,Ø,污,u,,
JS01,嘉善魏塘镇,太湖片-苏沪嘉小片,,,模,Ø,坞,u,,
JS01,嘉善魏塘镇,太湖片-苏沪嘉小片,,,模,Ø,恶,,,
JS01,嘉善魏塘镇,太湖片-苏沪嘉小片,,,豪,P,褒,ɔ,,
JS01,嘉善魏塘镇,太湖片-苏沪嘉小片,,,豪,P,保,ɔ,,
JS01,嘉善魏塘镇,太湖片-苏沪嘉小片,,,豪,P,堡,ɔ,,
JS01,嘉善魏塘镇,太湖片-苏沪嘉小片,,,豪,P,宝,ɔ,,
JS01,嘉善魏塘镇,太湖片-苏沪嘉小片,,,豪,P,报,ɔ,,
JS01,嘉善魏塘镇,太湖片-苏沪嘉小片,,,豪,P,袍,ɔ,,
JS01,嘉善魏塘镇,太湖片-苏沪嘉小片,,,豪,P,抱,ɔ,,
JS01,嘉善魏塘镇,太湖片-苏沪嘉小片,,,豪,P,暴,ɔ,,
JS01,嘉善魏塘镇,太湖片-苏沪嘉小片,,,豪,P,菢,ɔ,,
JS01,嘉善魏塘镇,太湖片-苏沪嘉小片,,,豪,M,毛,ɔ,,
JS01,嘉善魏塘镇,太湖片-苏沪嘉小片,,,豪,M,冒,ɔ,,
JS01,嘉善魏塘镇,太湖片-苏沪嘉小片,,,豪,M,帽,ɔ,,
JS01,嘉善魏塘镇,太湖片-苏沪嘉小片,,,豪,M,瑁,,,
JS01,嘉善魏塘镇,太湖片-苏沪嘉小片,,,豪,T,刀,ɔ,,
JS01,嘉善魏塘镇,太湖片-苏沪嘉小片,,,豪,T,叨,ɔ,,
JS01,嘉善魏塘镇,太湖片-苏沪嘉小片,,,豪,T,祷,ɔ,,
JS01,嘉善魏塘镇,太湖片-苏沪嘉小片,,,豪,T,岛,ɔ,,
JS01,嘉善魏塘镇,太湖片-苏沪嘉小片,,,豪,T,倒,ɔ,,
JS01,嘉善魏塘镇,太湖片-苏沪嘉小片,,,豪,T,捣,ɔ,,
JS01,嘉善魏塘镇,太湖片-苏沪嘉小片,,,豪,T,到,ɔ,,
JS01,嘉善魏塘镇,太湖片-苏沪嘉小片,,,豪,T,倒,ɔ,,
JS01,嘉善魏塘镇,太湖片-苏沪嘉小片,,,豪,T,滔,ɔ,,
JS01,嘉善魏塘镇,太湖片-苏沪嘉小片,,,豪,T,掏,ɔ,,
JS01,嘉善魏塘镇,太湖片-苏沪嘉小片,,,豪,T,讨,ɔ,,
JS01,嘉善魏塘镇,太湖片-苏沪嘉小片,,,豪,T,套,ɔ,,
JS01,嘉善魏塘镇,太湖片-苏沪嘉小片,,,豪,T,桃,ɔ,,
JS01,嘉善魏塘镇,太湖片-苏沪嘉小片,,,豪,T,逃,ɔ,,
JS01,嘉善魏塘镇,太湖片-苏沪嘉小片,,,豪,T,淘,ɔ,,
JS01,嘉善魏塘镇,太湖片-苏沪嘉小片,,,豪,T,陶,ɔ,,
JS01,嘉善魏塘镇,太湖片-苏沪嘉小片,,,豪,T,萄,ɔ,,
JS01,嘉善魏塘镇,太湖片-苏沪嘉小片,,,豪,T,涛,ɔ,,
JS01,嘉善魏塘镇,太湖片-苏沪嘉小片,,,豪,T,道,ɔ,,
JS01,嘉善魏塘镇,太湖片-苏沪嘉小片,,,豪,T,稻,ɔ,,
JS01,嘉善魏塘镇,太湖片-苏沪嘉小片,,,豪,T,盗,ɔ,,
JS01,嘉善魏塘镇,太湖片-苏沪嘉小片,,,豪,T,导,ɔ,,
JS01,嘉善魏塘镇,太湖片-苏沪嘉小片,,,豪,T,蹈,,,
JS01,嘉善魏塘镇,太湖片-苏沪嘉小片,,,豪,N,脑,ɔ,,
JS01,嘉善魏塘镇,太湖片-苏沪嘉小片,,,豪,N,恼,ɔ,,
JS01,嘉善魏塘镇,太湖片-苏沪嘉小片,,,豪,L,劳,ɔ,,
JS01,嘉善魏塘镇,太湖片-苏沪嘉小片,,,豪,L,捞,ɔ,,
JS01,嘉善魏塘镇,太湖片-苏沪嘉小片,,,豪,L,唠,ɔ,,
JS01,嘉善魏塘镇,太湖片-苏沪嘉小片,,,豪,L,牢,ɔ,,
JS01,嘉善魏塘镇,太湖片-苏沪嘉小片,,,豪,L,痨,ɔ,,
JS01,嘉善魏塘镇,太湖片-苏沪嘉小片,,,豪,L,老,ɔ,,
JS01,嘉善魏塘镇,太湖片-苏沪嘉小片,,,豪,L,佬,ɔ,,
JS01,嘉善魏塘镇,太湖片-苏沪嘉小片,,,豪,L,涝,ɔ,,
JS01,嘉善魏塘镇,太湖片-苏沪嘉小片,,,豪,TS,遭,ɔ,,
JS01,嘉善魏塘镇,太湖片-苏沪嘉小片,,,豪,TS,糟,ɔ,,
JS01,嘉善魏塘镇,太湖片-苏沪嘉小片,,,豪,TS,早,ɔ,,
JS01,嘉善魏塘镇,太湖片-苏沪嘉小片,,,豪,TS,枣,ɔ,,
JS01,嘉善魏塘镇,太湖片-苏沪嘉小片,,,豪,TS,蚤,ɔ,,
JS01,嘉善魏塘镇,太湖片-苏沪嘉小片,,,豪,TS,澡,ɔ,,
JS01,嘉善魏塘镇,太湖片-苏沪嘉小片,,,豪,TS,藻,,,
JS01,嘉善魏塘镇,太湖片-苏沪嘉小片,,,豪,TS,躁,ɔ,,
JS01,嘉善魏塘镇,太湖片-苏沪嘉小片,,,豪,TS,灶,ɔ,,
JS01,嘉善魏塘镇,太湖片-苏沪嘉小片,,,豪,TS,操,ɔ,,
JS01,嘉善魏塘镇,太湖片-苏沪嘉小片,,,豪,TS,草,ɔ,,
JS01,嘉善魏塘镇,太湖片-苏沪嘉小片,,,豪,TS,騲,,,
JS01,嘉善魏塘镇,太湖片-苏沪嘉小片,,,豪,TS,糙,ɔ,,
JS01,嘉善魏塘镇,太湖片-苏沪嘉小片,,,豪,TS,曹,ɔ,,
JS01,嘉善魏塘镇,太湖片-苏沪嘉小片,,,豪,TS,槽,ɔ,,
JS01,嘉善魏塘镇,太湖片-苏沪嘉小片,,,豪,TS,皂,ɔ,,
JS01,嘉善魏塘镇,太湖片-苏沪嘉小片,,,豪,TS,造,ɔ,,
JS01,嘉善魏塘镇,太湖片-苏沪嘉小片,,,豪,TS,骚,ɔ,,
JS01,嘉善魏塘镇,太湖片-苏沪嘉小片,,,豪,TS,臊,ɔ,,
JS01,嘉善魏塘镇,太湖片-苏沪嘉小片,,,豪,TS,扫,ɔ,,
JS01,嘉善魏塘镇,太湖片-苏沪嘉小片,,,豪,TS,嫂,ɔ,,
JS01,嘉善魏塘镇,太湖片-苏沪嘉小片,,,豪,TS,扫,ɔ,,
JS01,嘉善魏塘镇,太湖片-苏沪嘉小片,,,豪,TS,燥,ɔ,,
JS01,嘉善魏塘镇,太湖片-苏沪嘉小片,,,豪,K,高,ɔ,,
JS01,嘉善魏塘镇,太湖片-苏沪嘉小片,,,豪,K,膏,ɔ,,
JS01,嘉善魏塘镇,太湖片-苏沪嘉小片,,,豪,K,篙,ɔ,,
JS01,嘉善魏塘镇,太湖片-苏沪嘉小片,,,豪,K,羔,ɔ,,
JS01,嘉善魏塘镇,太湖片-苏沪嘉小片,,,豪,K,糕,ɔ,,
JS01,嘉善魏塘镇,太湖片-苏沪嘉小片,,,豪,K,稿,ɔ,,
JS01,嘉善魏塘镇,太湖片-苏沪嘉小片,,,豪,K,告,ɔ,,
JS01,嘉善魏塘镇,太湖片-苏沪嘉小片,,,豪,K,膏,ɔ,,
JS01,嘉善魏塘镇,太湖片-苏沪嘉小片,,,豪,K,考,ɔ,,
JS01,嘉善魏塘镇,太湖片-苏沪嘉小片,,,豪,K,烤,ɔ,,
JS01,嘉善魏塘镇,太湖片-苏沪嘉小片,,,豪,K,拷,,,
JS01,嘉善魏塘镇,太湖片-苏沪嘉小片,,,豪,K,靠,ɔ,,
JS01,嘉善魏塘镇,太湖片-苏沪嘉小片,,,豪,K,犒,ɔ,,
JS01,嘉善魏塘镇,太湖片-苏沪嘉小片,,,豪,K,铐,,,
JS01,嘉善魏塘镇,太湖片-苏沪嘉小片,,,豪,K,㸆,,,
JS01,嘉善魏塘镇,太湖片-苏沪嘉小片,,,豪,K,熬,ɔ,,
JS01,嘉善魏塘镇,太湖片-苏沪嘉小片,,,豪,K,敖,,,
JS01,嘉善魏塘镇,太湖片-苏沪嘉小片,,,豪,K,鳌,,,
JS01,嘉善魏塘镇,太湖片-苏沪嘉小片,,,豪,K,傲,ɔ,,
JS01,嘉善魏塘镇,太湖片-苏沪嘉小片,,,豪,K,鏊,ɔ,,
JS01,嘉善魏塘镇,太湖片-苏沪嘉小片,,,豪,Ø,蒿,ɔ,,
JS01,嘉善魏塘镇,太湖片-苏沪嘉小片,,,豪,Ø,薅,ɔ,,
JS01,嘉善魏塘镇,太湖片-苏沪嘉小片,,,豪,Ø,好,ɔ,,
JS01,嘉善魏塘镇,太湖片-苏沪嘉小片,,,豪,Ø,好,ɔ,,
JS01,嘉善魏塘镇,太湖片-苏沪嘉小片,,,豪,Ø,耗,ɔ,,
JS01,嘉善魏塘镇,太湖片-苏沪嘉小片,,,豪,Ø,豪,ɔ,,
JS01,嘉善魏塘镇,太湖片-苏沪嘉小片,,,豪,Ø,壕,ɔ,,
JS01,嘉善魏塘镇,太湖片-苏沪嘉小片,,,豪,Ø,毫,ɔ,,
JS01,嘉善魏塘镇,太湖片-苏沪嘉小片,,,豪,Ø,号,ɔ,,
JS01,嘉善魏塘镇,太湖片-苏沪嘉小片,,,豪,Ø,蠔,,,
JS01,嘉善魏塘镇,太湖片-苏沪嘉小片,,,豪,Ø,浩,ɔ,,
JS01,嘉善魏塘镇,太湖片-苏沪嘉小片,,,豪,Ø,号,ɔ,,
JS01,嘉善魏塘镇,太湖片-苏沪嘉小片,,,豪,Ø,爊,,,
JS01,嘉善魏塘镇,太湖片-苏沪嘉小片,,,豪,Ø,袄,,,
JS01,嘉善魏塘镇,太湖片-苏沪嘉小片,,,豪,Ø,懊,ɔ,,
JS01,嘉善魏塘镇,太湖片-苏沪嘉小片,,,豪,Ø,奥,,,
JS01,嘉善魏塘镇,太湖片-苏沪嘉小片,,,豪,Ø,懊,ɔ,,
JS01,嘉善魏塘镇,太湖片-苏沪嘉小片,,,豪,Ø,澳,ɔ,,
JS01,嘉善魏塘镇,太湖片-苏沪嘉小片,,,侯,P,剖,u,,
JS01,嘉善魏塘镇,太湖片-苏沪嘉小片,,,侯,M,某,ɤ,,
JS01,嘉善魏塘镇,太湖片-苏沪嘉小片,,,侯,M,亩,ɤ,文读,
JS01,嘉善魏塘镇,太湖片-苏沪嘉小片,,,侯,M,牡,ɤ,,
JS01,嘉善魏塘镇,太湖片-苏沪嘉小片,,,侯,M,母,u,,
JS01,嘉善魏塘镇,太湖片-苏沪嘉小片,,,侯,M,拇,u,,
JS01,嘉善魏塘镇,太湖片-苏沪嘉小片,,,侯,M,戊,ɤ,,
JS01,嘉善魏塘镇,太湖片-苏沪嘉小片,,,侯,M,茂,ɤ,,
JS01,嘉善魏塘镇,太湖片-苏沪嘉小片,,,侯,M,贸,ɤ,,
JS01,嘉善魏塘镇,太湖片-苏沪嘉小片,,,侯,T,兜,ɤ,,
JS01,嘉善魏塘镇,太湖片-苏沪嘉小片,,,侯,T,斗,ɤ,,
JS01,嘉善魏塘镇,太湖片-苏沪嘉小片,,,侯,T,抖,ɤ,,
JS01,嘉善魏塘镇,太湖片-苏沪嘉小片,,,侯,T,陡,ɤ,,
JS01,嘉善魏塘镇,太湖片-苏沪嘉小片,,,侯,T,蚪,,,
JS01,嘉善魏塘镇,太湖片-苏沪嘉小片,,,侯,T,斗,ɤ,,
JS01,嘉善魏塘镇,太湖片-苏沪嘉小片,,,侯,T,偷,ɤ,,
JS01,嘉善魏塘镇,太湖片-苏沪嘉小片,,,侯,T,敨,,,
JS01,嘉善魏塘镇,太湖片-苏沪嘉小片,,,侯,T,透,ɤ,,
JS01,嘉善魏塘镇,太湖片-苏沪嘉小片,,,侯,T,头,ɤ,,
JS01,嘉善魏塘镇,太湖片-苏沪嘉小片,,,侯,T,投,ɤ,,
JS01,嘉善魏塘镇,太湖片-苏沪嘉小片,,,侯,T,骰,,,
JS01,嘉善魏塘镇,太湖片-苏沪嘉小片,,,侯,T,豆,ɤ,,
JS01,嘉善魏塘镇,太湖片-苏沪嘉小片,,,侯,T,逗,ɤ,,
JS01,嘉善魏塘镇,太湖片-苏沪嘉小片,,,侯,T,痘,ɤ,,
JS01,嘉善魏塘镇,太湖片-苏沪嘉小片,,,侯,T,脰,,,
JS01,嘉善魏塘镇,太湖片-苏沪嘉小片,,,侯,L,楼,ɤ,,
JS01,嘉善魏塘镇,太湖片-苏沪嘉小片,,,侯,L,搂,ɤ,,
JS01,嘉善魏塘镇,太湖片-苏沪嘉小片,,,侯,L,耧,ɤ,,
JS01,嘉善魏塘镇,太湖片-苏沪嘉小片,,,侯,L,娄,,,
JS01,嘉善魏塘镇,太湖片-苏沪嘉小片,,,侯,L,搂,ɤ,,
JS01,嘉善魏塘镇,太湖片-苏沪嘉小片,,,侯,L,篓,ɤ,,
JS01,嘉善魏塘镇,太湖片-苏沪嘉小片,,,侯,L,溇,,,
JS01,嘉善魏塘镇,太湖片-苏沪嘉小片,,,侯,L,漏,ɤ,,
JS01,嘉善魏塘镇,太湖片-苏沪嘉小片,,,侯,L,陋,ɤ,,
JS01,嘉善魏塘镇,太湖片-苏沪嘉小片,,,侯,TS,走,ɤ,,
JS01,嘉善魏塘镇,太湖片-苏沪嘉小片,,,侯,TS,奏,ɤ,,
JS01,嘉善魏塘镇,太湖片-苏沪嘉小片,,,侯,TS,凑,ɤ,,
JS01,嘉善魏塘镇,太湖片-苏沪嘉小片,,,侯,TS,叟,ɤ,,
JS01,嘉善魏塘镇,太湖片-苏沪嘉小片,,,侯,TS,嗽,ɤ,,
JS01,嘉善魏塘镇,太湖片-苏沪嘉小片,,,侯,K,勾,ɤ,,
JS01,嘉善魏塘镇,太湖片-苏沪嘉小片,,,侯,K,钩,ɤ,,
JS01,嘉善魏塘镇,太湖片-苏沪嘉小片,,,侯,K,沟,ɤ,,
JS01,嘉善魏塘镇,太湖片-苏沪嘉小片,,,侯,K,狗,ɤ,,
JS01,嘉善魏塘镇,太湖片-苏沪嘉小片,,,侯,K,苟,ɤ,,
JS01,嘉善魏塘镇,太湖片-苏沪嘉小片,,,侯,K,垢,,,
JS01,嘉善魏塘镇,太湖片-苏沪嘉小片,,,侯,K,枸,,,
JS01,嘉善魏塘镇,太湖片-苏沪嘉小片,,,侯,K,彀,ɤ,,
JS01,嘉善魏塘镇,太湖片-苏沪嘉小片,,,侯,K,够,ɤ,,
JS01,嘉善魏塘镇,太湖片-苏沪嘉小片,,,侯,K,构,ɤ,,
JS01,嘉善魏塘镇,太湖片-苏沪嘉小片,,,侯,K,购,ɤ,,
JS01,嘉善魏塘镇,太湖片-苏沪嘉小片,,,侯,K,勾,ɤ,,
JS01,嘉善魏塘镇,太湖片-苏沪嘉小片,,,侯,K,抠,ɤ,,
JS01,嘉善魏塘镇,太湖片-苏沪嘉小片,,,侯,K,眍,ɤ,,
JS01,嘉善魏塘镇,太湖片-苏沪嘉小片,,,侯,K,口,ɤ,,
JS01,嘉善魏塘镇,太湖片-苏沪嘉小片,,,侯,K,叩,ɤ,,
JS01,嘉善魏塘镇,太湖片-苏沪嘉小片,,,侯,K,扣,ɤ,,
JS01,嘉善魏塘镇,太湖片-苏沪嘉小片,,,侯,K,寇,ɤ,,
JS01,嘉善魏塘镇,太湖片-苏沪嘉小片,,,侯,K,藕,ɤ,,
JS01,嘉善魏塘镇,太湖片-苏沪嘉小片,,,侯,K,偶,ɤ,,
JS01,嘉善魏塘镇,太湖片-苏沪嘉小片,,,侯,K,偶,ɤ,,
JS01,嘉善魏塘镇,太湖片-苏沪嘉小片,,,侯,Ø,吼,,,
JS01,嘉善魏塘镇,太湖片-苏沪嘉小片,,,侯,Ø,侯,ɤ,,
JS01,嘉善魏塘镇,太湖片-苏沪嘉小片,,,侯,Ø,喉,ɤ,,
JS01,嘉善魏塘镇,太湖片-苏沪嘉小片,,,侯,Ø,猴,ɤ,,
JS01,嘉善魏塘镇,太湖片-苏沪嘉小片,,,侯,Ø,瘊,,,
JS01,嘉善魏塘镇,太湖片-苏沪嘉小片,,,侯,Ø,後,ɤ,,
JS01,嘉善魏塘镇,太湖片-苏沪嘉小片,,,侯,Ø,厚,ɤ,,
JS01,嘉善魏塘镇,太湖片-苏沪嘉小片,,,侯,Ø,后,ɤ,,
JS01,嘉善魏塘镇,太湖片-苏沪嘉小片,,,侯,Ø,候,ɤ,,
JS01,嘉善魏塘镇,太湖片-苏沪嘉小片,,,侯,Ø,鲎,ɤ,,
JS01,嘉善魏塘镇,太湖片-苏沪嘉小片,,,侯,Ø,欧,ɤ,,
JS01,嘉善魏塘镇,太湖片-苏沪嘉小片,,,侯,Ø,瓯,ɤ,,
JS01,嘉善魏塘镇,太湖片-苏沪嘉小片,,,侯,Ø,区,,,
JS01,嘉善魏塘镇,太湖片-苏沪嘉小片,,,侯,Ø,鸥,,,
JS01,嘉善魏塘镇,太湖片-苏沪嘉小片,,,侯,Ø,呕,ɤ,,
JS01,嘉善魏塘镇,太湖片-苏沪嘉小片,,,侯,Ø,殴,ɤ,,
JS01,嘉善魏塘镇,太湖片-苏沪嘉小片,,,侯,Ø,沤,ɤ,,
JS01,嘉善魏塘镇,太湖片-苏沪嘉小片,,,侯,Ø,怄,ɤ,,
JS01,嘉善魏塘镇,太湖片-苏沪嘉小片,,,皆,P,拜,a,,
JS01,嘉善魏塘镇,太湖片-苏沪嘉小片,,,皆,P,排,a,,
JS01,嘉善魏塘镇,太湖片-苏沪嘉小片,,,皆,P,�,,,
JS01,嘉善魏塘镇,太湖片-苏沪嘉小片,,,皆,M,埋,a,,
JS01,嘉善魏塘镇,太湖片-苏沪嘉小片,,,皆,L,攋,a,,
JS01,嘉善魏塘镇,太湖片-苏沪嘉小片,,,皆,TS*,䍉,,,
JS01,嘉善魏塘镇,太湖片-苏沪嘉小片,,,皆,TS*,箉,,,
JS01,嘉善魏塘镇,太湖片-苏沪嘉小片,,,皆,TS*,斋,a,,
JS01,嘉善魏塘镇,太湖片-苏沪嘉小片,,,皆,TS*,豺,ᴇ/a,/白读,
JS01,嘉善魏塘镇,太湖片-苏沪嘉小片,,,皆,K,皆,a,,
JS01,嘉善魏塘镇,太湖片-苏沪嘉小片,,,皆,K,阶,a,,
JS01,嘉善魏塘镇,太湖片-苏沪嘉小片,,,皆,K,稭,,,
JS01,嘉善魏塘镇,太湖片-苏沪嘉小片,,,皆,K,偕,,,
JS01,嘉善魏塘镇,太湖片-苏沪嘉小片,,,皆,K,介,a,,
JS01,嘉善魏塘镇,太湖片-苏沪嘉小片,,,皆,K,界,a,,
JS01,嘉善魏塘镇,太湖片-苏沪嘉小片,,,皆,K,芥,a,,
JS01,嘉善魏塘镇,太湖片-苏沪嘉小片,,,皆,K,尬,a,,
JS01,嘉善魏塘镇,太湖片-苏沪嘉小片,,,皆,K,疥,a,,
JS01,嘉善魏塘镇,太湖片-苏沪嘉小片,,,皆,K,届,a,,
JS01,嘉善魏塘镇,太湖片-苏沪嘉小片,,,皆,K,戒,a,,
JS01,嘉善魏塘镇,太湖片-苏沪嘉小片,,,皆,K,庎,,,
JS01,嘉善魏塘镇,太湖片-苏沪嘉小片,,,皆,K,揩,a,,
JS01,嘉善魏塘镇,太湖片-苏沪嘉小片,,,皆,K,楷,a,,
JS01,嘉善魏塘镇,太湖片-苏沪嘉小片,,,皆,Ø,谐,,,
JS01,嘉善魏塘镇,太湖片-苏沪嘉小片,,,皆,Ø,骇,ᴇ,,
JS01,嘉善魏塘镇,太湖片-苏沪嘉小片,,,皆,Ø,械,iɪ,,
JS01,嘉善魏塘镇,太湖片-苏沪嘉小片,,,皆,Ø,挨,ᴇ/a,,
JS01,嘉善魏塘镇,太湖片-苏沪嘉小片,,,佳,P,摆,a,,
JS01,嘉善魏塘镇,太湖片-苏沪嘉小片,,,佳,P,派,a,,
JS01,嘉善魏塘镇,太湖片-苏沪嘉小片,,,佳,P,牌,a,,
JS01,嘉善魏塘镇,太湖片-苏沪嘉小片,,,佳,P,簰,,,
JS01,嘉善魏塘镇,太湖片-苏沪嘉小片,,,佳,P,罢,a/o,,
JS01,嘉善魏塘镇,太湖片-苏沪嘉小片,,,佳,P,稗,a,,
JS01,嘉善魏塘镇,太湖片-苏沪嘉小片,,,佳,M,买,a,,
JS01,嘉善魏塘镇,太湖片-苏沪嘉小片,,,佳,M,卖,a,,
JS01,嘉善魏塘镇,太湖片-苏沪嘉小片,,,佳,N,奶,ᴇ/a,,
JS01,嘉善魏塘镇,太湖片-苏沪嘉小片,,,佳,TS*,债,a,,
JS01,嘉善魏塘镇,太湖片-苏沪嘉小片,,,佳,TS*,钗,o,,
JS01,嘉善魏塘镇,太湖片-苏沪嘉小片,,,佳,TS*,差,a/o,出～/～别,
JS01,嘉善魏塘镇,太湖片-苏沪嘉小片,,,佳,TS*,柴,a,,
JS01,嘉善魏塘镇,太湖片-苏沪嘉小片,,,佳,TS*,筛,a,,
JS01,嘉善魏塘镇,太湖片-苏沪嘉小片,,,佳,TS*,洒,a,,
JS01,嘉善魏塘镇,太湖片-苏沪嘉小片,,,佳,TS*,晒,o,,
JS01,嘉善魏塘镇,太湖片-苏沪嘉小片,,,佳,K,佳,a,,
JS01,嘉善魏塘镇,太湖片-苏沪嘉小片,,,佳,K,街,a,,
JS01,嘉善魏塘镇,太湖片-苏沪嘉小片,,,佳,K,解,a,,
JS01,嘉善魏塘镇,太湖片-苏沪嘉小片,,,佳,K,懈,a,,
JS01,嘉善魏塘镇,太湖片-苏沪嘉小片,,,佳,K,涯,ia,文读,
JS01,嘉善魏塘镇,太湖片-苏沪嘉小片,,,佳,K,崖,ia,文读,
JS01,嘉善魏塘镇,太湖片-苏沪嘉小片,,,佳,K,捱,a,,
JS01,嘉善魏塘镇,太湖片-苏沪嘉小片,,,佳,Ø,鞋,a,,
JS01,嘉善魏塘镇,太湖片-苏沪嘉小片,,,佳,Ø,解,a,,
JS01,嘉善魏塘镇,太湖片-苏沪嘉小片,,,佳,Ø,解,a,,
JS01,嘉善魏塘镇,太湖片-苏沪嘉小片,,,佳,Ø,蟹,a,,
JS01,嘉善魏塘镇,太湖片-苏沪嘉小片,,,佳,Ø,矮,a,,
JS01,嘉善魏塘镇,太湖片-苏沪嘉小片,,,佳,Ø,隘,ᴇ,,