point_id,point_name,subbranch,lat,lon,韵,声组,汉字,读音,note,吴语绍兴柯桥方言音系
KQ01,柯桥城关,太湖片-临绍小片,,,歌,T,多,o,,
KQ01,柯桥城关,太湖片-临绍小片,,,歌,T,拖,a/o,白读～东西/文读,
KQ01,柯桥城关,太湖片-临绍小片,,,歌,T,他,a,其～,
KQ01,柯桥城关,太湖片-临绍小片,,,歌,T,驼,o,,
KQ01,柯桥城关,太湖片-临绍小片,,,歌,T,驮,o,,
KQ01,柯桥城关,太湖片-临绍小片,,,歌,T,陀,o,,
KQ01,柯桥城关,太湖片-临绍小片,,,歌,T,鸵,o,,
KQ01,柯桥城关,太湖片-临绍小片,,,歌,T,沱,,,
KQ01,柯桥城关,太湖片-临绍小片,,,歌,T,舵,o,,
KQ01,柯桥城关,太湖片-临绍小片,,,歌,T,大,a/o,文读/白读,
KQ01,柯桥城关,太湖片-临绍小片,,,歌,T,驮,o,,
KQ01,柯桥城关,太湖片-临绍小片,,,歌,N,挪,o,,
KQ01,柯桥城关,太湖片-临绍小片,,,歌,N,哪,a/o,文读/～吒,
KQ01,柯桥城关,太湖片-临绍小片,,,歌,N,那,a,,
KQ01,柯桥城关,太湖片-临绍小片,,,歌,L,罗,o,,
KQ01,柯桥城关,太湖片-临绍小片,,,歌,L,锣,o,,
KQ01,柯桥城关,太湖片-临绍小片,,,歌,L,箩,o,,
KQ01,柯桥城关,太湖片-临绍小片,,,歌,L,萝,o,,
KQ01,柯桥城关,太湖片-临绍小片,,,歌,L,逻,o,,
KQ01,柯桥城关,太湖片-临绍小片,,,歌,TS,左,o,文读,
KQ01,柯桥城关,太湖片-临绍小片,,,歌,TS,佐,o,,
KQ01,柯桥城关,太湖片-临绍小片,,,歌,TS,搓,o,,
KQ01,柯桥城关,太湖片-临绍小片,,,歌,TS,娑,o,,
KQ01,柯桥城关,太湖片-临绍小片,,,歌,K,歌,o,,
KQ01,柯桥城关,太湖片-临绍小片,,,歌,K,哥,o,,
KQ01,柯桥城关,太湖片-临绍小片,,,歌,K,柯,o,,
KQ01,柯桥城关,太湖片-临绍小片,,,歌,K,个,o,,
KQ01,柯桥城关,太湖片-临绍小片,,,歌,K,轲,o,,
KQ01,柯桥城关,太湖片-临绍小片,,,歌,K,可,o,,
KQ01,柯桥城关,太湖片-临绍小片,,,歌,K,蛾,o,,
KQ01,柯桥城关,太湖片-临绍小片,,,歌,K,鹅,o,,
KQ01,柯桥城关,太湖片-临绍小片,,,歌,K,俄,o,,
KQ01,柯桥城关,太湖片-临绍小片,,,歌,K,娥,o,,
KQ01,柯桥城关,太湖片-临绍小片,,,歌,K,我,o,,
KQ01,柯桥城关,太湖片-临绍小片,,,歌,K,饿,o,,
KQ01,柯桥城关,太湖片-临绍小片,,,歌,Ø,荷,u/o,白读～包蛋/薄～文读,
KQ01,柯桥城关,太湖片-临绍小片,,,歌,Ø,河,u/o,白读～港/文读,
KQ01,柯桥城关,太湖片-临绍小片,,,歌,Ø,何,u/o,白读～里/文读,
KQ01,柯桥城关,太湖片-临绍小片,,,歌,Ø,荷,u/o,白读～包蛋/薄～文读,
KQ01,柯桥城关,太湖片-临绍小片,,,歌,Ø,贺,u,,
KQ01,柯桥城关,太湖片-临绍小片,,,歌,Ø,阿,a/o,文读/白读～胶,
KQ01,柯桥城关,太湖片-临绍小片,,,歌,Ø,屙,,,
KQ01,柯桥城关,太湖片-临绍小片,,,戈,K,茄,,,
KQ01,柯桥城关,太湖片-临绍小片,,,戈,P,波,o,,
KQ01,柯桥城关,太湖片-临绍小片,,,戈,P,菠,o,,
KQ01,柯桥城关,太湖片-临绍小片,,,戈,P,跛,,,
KQ01,柯桥城关,太湖片-临绍小片,,,戈,P,簸,o,,
KQ01,柯桥城关,太湖片-临绍小片,,,戈,P,簸,o,,
KQ01,柯桥城关,太湖片-临绍小片,,,戈,P,播,,,
KQ01,柯桥城关,太湖片-临绍小片,,,戈,P,颇,,,
KQ01,柯桥城关,太湖片-临绍小片,,,戈,P,坡,o,,
KQ01,柯桥城关,太湖片-临绍小片,,,戈,P,玻,o,,
KQ01,柯桥城关,太湖片-临绍小片,,,戈,P,破,a/o,白读/文读,
KQ01,柯桥城关,太湖片-临绍小片,,,戈,P,婆,o,,
KQ01,柯桥城关,太湖片-临绍小片,,,戈,P,薄,o,,
KQ01,柯桥城关,太湖片-临绍小片,,,戈,M,魔,o,,
KQ01,柯桥城关,太湖片-临绍小片,,,戈,M,磨,o,,
KQ01,柯桥城关,太湖片-临绍小片,,,戈,M,摩,o,,
KQ01,柯桥城关,太湖片-临绍小片,,,戈,M,馍,o,,
KQ01,柯桥城关,太湖片-临绍小片,,,戈,M,蘑,o,,
KQ01,柯桥城关,太湖片-临绍小片,,,戈,M,磨,o,,
KQ01,柯桥城关,太湖片-临绍小片,,,戈,T,朵,o,,
KQ01,柯桥城关,太湖片-临绍小片,,,戈,T,躲,o,,
KQ01,柯桥城关,太湖片-临绍小片,,,戈,T,剁,,,
KQ01,柯桥城关,太湖片-临绍小片,,,戈,T,妥,o,,
KQ01,柯桥城关,太湖片-临绍小片,,,戈,T,椭,o,,
KQ01,柯桥城关,太湖片-临绍小片,,,戈,T,唾,u/o,白读/文读,
KQ01,柯桥城关,太湖片-临绍小片,,,戈,T,砣,o,,
KQ01,柯桥城关,太湖片-临绍小片,,,戈,T,惰,o,,
KQ01,柯桥城关,太湖片-临绍小片,,,戈,T,垛,,,
KQ01,柯桥城关,太湖片-临绍小片,,,戈,T,堕,o,,
KQ01,柯桥城关,太湖片-临绍小片,,,戈,N,挼,o,,
KQ01,柯桥城关,太湖片-临绍小片,,,戈,N,糯,o,,
KQ01,柯桥城关,太湖片-临绍小片,,,戈,N,懦,o,,
KQ01,柯桥城关,太湖片-临绍小片,,,戈,L,骡,o,,
KQ01,柯桥城关,太湖片-临绍小片,,,戈,L,螺,o,,
KQ01,柯桥城关,太湖片-临绍小片,,,戈,L,脶,o,,
KQ01,柯桥城关,太湖片-临绍小片,,,戈,L,啰,o,,
KQ01,柯桥城关,太湖片-临绍小片,,,戈,L,裸,o,,
KQ01,柯桥城关,太湖片-临绍小片,,,戈,L,瘰,,,
KQ01,柯桥城关,太湖片-临绍小片,,,戈,L,摞,o,,
KQ01,柯桥城关,太湖片-临绍小片,,,戈,TS,锉,,,
KQ01,柯桥城关,太湖片-临绍小片,,,戈,TS,莝,,,
KQ01,柯桥城关,太湖片-临绍小片,,,戈,TS,矬,,,
KQ01,柯桥城关,太湖片-临绍小片,,,戈,TS,坐,o,,
KQ01,柯桥城关,太湖片-临绍小片,,,戈,TS,座,o,,
KQ01,柯桥城关,太湖片-临绍小片,,,戈,TS,蓑,o,,
KQ01,柯桥城关,太湖片-临绍小片,,,戈,TS,梭,o,,
KQ01,柯桥城关,太湖片-临绍小片,,,戈,TS,唆,io,～使,
KQ01,柯桥城关,太湖片-临绍小片,,,戈,TS,莎,o,,
KQ01,柯桥城关,太湖片-临绍小片,,,戈,TS,锁,o,,
KQ01,柯桥城关,太湖片-临绍小片,,,戈,TS,琐,o,,
KQ01,柯桥城关,太湖片-临绍小片,,,戈,TS,唢,,,
KQ01,柯桥城关,太湖片-临绍小片,,,戈,K,过,u,,
KQ01,柯桥城关,太湖片-临绍小片,,,戈,K,锅,u,,
KQ01,柯桥城关,太湖片-临绍小片,,,戈,K,戈,o,,
KQ01,柯桥城关,太湖片-临绍小片,,,戈,K,果,u,,
KQ01,柯桥城关,太湖片-临绍小片,,,戈,K,裹,u,,
KQ01,柯桥城关,太湖片-临绍小片,,,戈,K,餜,u,,
KQ01,柯桥城关,太湖片-临绍小片,,,戈,K,过,u,,
KQ01,柯桥城关,太湖片-临绍小片,,,戈,K,科,o,,
KQ01,柯桥城关,太湖片-临绍小片,,,戈,K,窠,o,,
KQ01,柯桥城关,太湖片-临绍小片,,,戈,K,棵,o,,
KQ01,柯桥城关,太湖片-临绍小片,,,戈,K,髁,o,,
KQ01,柯桥城关,太湖片-临绍小片,,,戈,K,蝌,o,,
KQ01,柯桥城关,太湖片-临绍小片,,,戈,K,颗,,,
KQ01,柯桥城关,太湖片-临绍小片,,,戈,K,课,o,,
KQ01,柯桥城关,太湖片-临绍小片,,,戈,K,讹,o,,
KQ01,柯桥城关,太湖片-临绍小片,,,戈,K,卧,o,,
KQ01,柯桥城关,太湖片-临绍小片,,,戈,Ø,火,u,,
KQ01,柯桥城关,太湖片-临绍小片,,,戈,Ø,伙,u,,
KQ01,柯桥城关,太湖片-临绍小片,,,戈,Ø,货,u,,
KQ01,柯桥城关,太湖片-临绍小片,,,戈,Ø,和,u,,
KQ01,柯桥城关,太湖片-临绍小片,,,戈,Ø,禾,o,,
KQ01,柯桥城关,太湖片-临绍小片,,,戈,Ø,祸,o,,
KQ01,柯桥城关,太湖片-临绍小片,,,戈,Ø,夥,,,
KQ01,柯桥城关,太湖片-临绍小片,,,戈,Ø,和,u,,
KQ01,柯桥城关,太湖片-临绍小片,,,戈,Ø,倭,o,,
KQ01,柯桥城关,太湖片-临绍小片,,,戈,Ø,踒,,,
KQ01,柯桥城关,太湖片-临绍小片,,,戈,Ø,窝,o,,
KQ01,柯桥城关,太湖片-临绍小片,,,戈,Ø,涡,o,,
KQ01,柯桥城关,太湖片-临绍小片,,,戈,Ø,莴,o,,
KQ01,柯桥城关,太湖片-临绍小片,,,戈,Ø,涴,,,
KQ01,柯桥城关,太湖片-临绍小片,,,戈,Ø,瘸,o,,
KQ01,柯桥城关,太湖片-临绍小片,,,戈,Ø,靴,,,
KQ01,柯桥城关,太湖片-临绍小片,,,戈,Ø,�,,,
KQ01,柯桥城关,太湖片-临绍小片,,,麻,P,巴,o,,
KQ01,柯桥城关,太湖片-临绍小片,,,麻,P,芭,o,,
KQ01,柯桥城关,太湖片-临绍小片,,,麻,P,疤,o,,
KQ01,柯桥城关,太湖片-临绍小片,,,麻,P,笆,o,,
KQ01,柯桥城关,太湖片-临绍小片,,,麻,P,吧,,,
KQ01,柯桥城关,太湖片-临绍小片,,,麻,P,把,o,,
KQ01,柯桥城关,太湖片-临绍小片,,,麻,P,靶,,,
KQ01,柯桥城关,太湖片-临绍小片,,,麻,P,霸,o,,
KQ01,柯桥城关,太湖片-临绍小片,,,麻,P,欛,,,
KQ01,柯桥城关,太湖片-临绍小片,,,麻,P,壩,,,
KQ01,柯桥城关,太湖片-临绍小片,,,麻,P,坝,o,,
KQ01,柯桥城关,太湖片-临绍小片,,,麻,P,爸,a,,
KQ01,柯桥城关,太湖片-临绍小片,,,麻,P,怕,o,,
KQ01,柯桥城关,太湖片-临绍小片,,,麻,P,帕,o,,
KQ01,柯桥城关,太湖片-临绍小片,,,麻,P,爬,o,,
KQ01,柯桥城关,太湖片-临绍小片,,,麻,P,琶,o,,
KQ01,柯桥城关,太湖片-临绍小片,,,麻,P,杷,o,,
KQ01,柯桥城关,太湖片-临绍小片,,,麻,P,钯,,,
KQ01,柯桥城关,太湖片-临绍小片,,,麻,P,耙,o,,
KQ01,柯桥城关,太湖片-临绍小片,,,麻,M,麻,o,白读,
KQ01,柯桥城关,太湖片-临绍小片,,,麻,M,痲,,,
KQ01,柯桥城关,太湖片-临绍小片,,,麻,M,蟆,o,,
KQ01,柯桥城关,太湖片-临绍小片,,,麻,M,妈,a,母～,
KQ01,柯桥城关,太湖片-临绍小片,,,麻,M,马,a/o,～虎,
KQ01,柯桥城关,太湖片-临绍小片,,,麻,M,码,o,,
KQ01,柯桥城关,太湖片-临绍小片,,,麻,M,玛,o,,
KQ01,柯桥城关,太湖片-临绍小片,,,麻,M,蚂,o,,
KQ01,柯桥城关,太湖片-临绍小片,,,麻,M,骂,o,,
KQ01,柯桥城关,太湖片-临绍小片,,,麻,N,拿,a/o,文读～破仑,
KQ01,柯桥城关,太湖片-临绍小片,,,麻,TS,茶,o,,
KQ01,柯桥城关,太湖片-临绍小片,,,麻,TS,搽,o,,
KQ01,柯桥城关,太湖片-临绍小片,,,麻,TS,䖳,,,
KQ01,柯桥城关,太湖片-临绍小片,,,麻,TS*,楂,o,,
KQ01,柯桥城关,太湖片-临绍小片,,,麻,TS*,渣,o,,
KQ01,柯桥城关,太湖片-临绍小片,,,麻,TS*,诈,o,,
KQ01,柯桥城关,太湖片-临绍小片,,,麻,TS*,榨,o,,
KQ01,柯桥城关,太湖片-临绍小片,,,麻,TS*,炸,o,,
KQ01,柯桥城关,太湖片-临绍小片,,,麻,TS*,叉,o,,
KQ01,柯桥城关,太湖片-临绍小片,,,麻,TS*,杈,o,,
KQ01,柯桥城关,太湖片-临绍小片,,,麻,TS*,差,o,,
KQ01,柯桥城关,太湖片-临绍小片,,,麻,TS*,岔,,,
KQ01,柯桥城关,太湖片-临绍小片,,,麻,TS*,差,o,,
KQ01,柯桥城关,太湖片-临绍小片,,,麻,TS*,茬,,,
KQ01,柯桥城关,太湖片-临绍小片,,,麻,TS*,查,o,,
KQ01,柯桥城关,太湖片-临绍小片,,,麻,TS*,乍,,,
KQ01,柯桥城关,太湖片-临绍小片,,,麻,TS*,沙,o,,
KQ01,柯桥城关,太湖片-临绍小片,,,麻,TS*,纱,o,,
KQ01,柯桥城关,太湖片-临绍小片,,,麻,TS*,痧,o,,
KQ01,柯桥城关,太湖片-临绍小片,,,麻,TS*,砂,o,,
KQ01,柯桥城关,太湖片-临绍小片,,,麻,TS*,鲨,o,,
KQ01,柯桥城关,太湖片-临绍小片,,,麻,TS*,裟,o,,
KQ01,柯桥城关,太湖片-临绍小片,,,麻,TS*,洒,a,,
KQ01,柯桥城关,太湖片-临绍小片,,,麻,TS*,厦,a,,
KQ01,柯桥城关,太湖片-临绍小片,,,麻,K,家,o,,
KQ01,柯桥城关,太湖片-临绍小片,,,麻,K,傢,,,
KQ01,柯桥城关,太湖片-临绍小片,,,麻,K,加,o,,
KQ01,柯桥城关,太湖片-临绍小片,,,麻,K,痂,,,
KQ01,柯桥城关,太湖片-临绍小片,,,麻,K,嘉,o,,
KQ01,柯桥城关,太湖片-临绍小片,,,麻,K,枷,ia,,
KQ01,柯桥城关,太湖片-临绍小片,,,麻,K,袈,ia,,
KQ01,柯桥城关,太湖片-临绍小片,,,麻,K,假,o,,
KQ01,柯桥城关,太湖片-临绍小片,,,麻,K,贾,o,,
KQ01,柯桥城关,太湖片-临绍小片,,,麻,K,假,o,,
KQ01,柯桥城关,太湖片-临绍小片,,,麻,K,架,o,,
KQ01,柯桥城关,太湖片-临绍小片,,,麻,K,驾,o,,
KQ01,柯桥城关,太湖片-临绍小片,,,麻,K,嫁,o,,
KQ01,柯桥城关,太湖片-临绍小片,,,麻,K,稼,o,,
KQ01,柯桥城关,太湖片-临绍小片,,,麻,K,价,o,,
KQ01,柯桥城关,太湖片-临绍小片,,,麻,K,揢,,,
KQ01,柯桥城关,太湖片-临绍小片,,,麻,K,牙,o,,
KQ01,柯桥城关,太湖片-临绍小片,,,麻,K,芽,o,,
KQ01,柯桥城关,太湖片-临绍小片,,,麻,K,衙,o,,
KQ01,柯桥城关,太湖片-临绍小片,,,麻,K,伢,a,,
KQ01,柯桥城关,太湖片-临绍小片,,,麻,K,蚜,o,,
KQ01,柯桥城关,太湖片-临绍小片,,,麻,K,雅,io,,
KQ01,柯桥城关,太湖片-临绍小片,,,麻,K,砑,a/o,,
KQ01,柯桥城关,太湖片-临绍小片,,,麻,Ø,虾,o,,
KQ01,柯桥城关,太湖片-临绍小片,,,麻,Ø,�,,,
KQ01,柯桥城关,太湖片-临绍小片,,,麻,Ø,嚇,,,
KQ01,柯桥城关,太湖片-临绍小片,,,麻,Ø,霞,o,,
KQ01,柯桥城关,太湖片-临绍小片,,,麻,Ø,瑕,,,
KQ01,柯桥城关,太湖片-临绍小片,,,麻,Ø,遐,,,
KQ01,柯桥城关,太湖片-临绍小片,,,麻,Ø,蝦,,,
KQ01,柯桥城关,太湖片-临绍小片,,,麻,Ø,下,o,,
KQ01,柯桥城关,太湖片-临绍小片,,,麻,Ø,夏,o,,
KQ01,柯桥城关,太湖片-临绍小片,,,麻,Ø,厦,o,,
KQ01,柯桥城关,太湖片-临绍小片,,,麻,Ø,下,o,,
KQ01,柯桥城关,太湖片-临绍小片,,,麻,Ø,夏,o,,
KQ01,柯桥城关,太湖片-临绍小片,,,麻,Ø,暇,,,
KQ01,柯桥城关,太湖片-临绍小片,,,麻,Ø,鸦,o,,
KQ01,柯桥城关,太湖片-临绍小片,,,麻,Ø,丫,o,,
KQ01,柯桥城关,太湖片-临绍小片,,,麻,Ø,桠,o,,
KQ01,柯桥城关,太湖片-临绍小片,,,麻,Ø,哑,o,,
KQ01,柯桥城关,太湖片-临绍小片,,,麻,Ø,亚,,,
KQ01,柯桥城关,太湖片-临绍小片,,,模,P,补,u,,
KQ01,柯桥城关,太湖片-临绍小片,,,模,P,谱,u,,
KQ01,柯桥城关,太湖片-临绍小片,,,模,P,哺,u,,
KQ01,柯桥城关,太湖片-临绍小片,,,模,P,布,u,,
KQ01,柯桥城关,太湖片-临绍小片,,,模,P,佈,,,
KQ01,柯桥城关,太湖片-临绍小片,,,模,P,铺,u,,
KQ01,柯桥城关,太湖片-临绍小片,,,模,P,潽,u,,
KQ01,柯桥城关,太湖片-临绍小片,,,模,P,普,u,,
KQ01,柯桥城关,太湖片-临绍小片,,,模,P,浦,u,,
KQ01,柯桥城关,太湖片-临绍小片,,,模,P,铺,u,,
KQ01,柯桥城关,太湖片-临绍小片,,,模,P,怖,u,,
KQ01,柯桥城关,太湖片-临绍小片,,,模,P,蒲,u,,
KQ01,柯桥城关,太湖片-临绍小片,,,模,P,菩,u,,
KQ01,柯桥城关,太湖片-临绍小片,,,模,P,脯,u,,
KQ01,柯桥城关,太湖片-临绍小片,,,模,P,葡,u,,
KQ01,柯桥城关,太湖片-临绍小片,,,模,P,莆,,,
KQ01,柯桥城关,太湖片-临绍小片,,,模,P,部,u/o,文读/白读腰～,
KQ01,柯桥城关,太湖片-临绍小片,,,模,P,簿,u,,
KQ01,柯桥城关,太湖片-临绍小片,,,模,P,篰,u,,
KQ01,柯桥城关,太湖片-临绍小片,,,模,P,步,u,,
KQ01,柯桥城关,太湖片-临绍小片,,,模,P,捕,u,,
KQ01,柯桥城关,太湖片-临绍小片,,,模,P,埠,u,,
KQ01,柯桥城关,太湖片-临绍小片,,,模,M,模,u,,
KQ01,柯桥城关,太湖片-临绍小片,,,模,M,模,u,,
KQ01,柯桥城关,太湖片-临绍小片,,,模,M,摹,,,
KQ01,柯桥城关,太湖片-临绍小片,,,模,M,姥,ɒ,,
KQ01,柯桥城关,太湖片-临绍小片,,,模,M,暮,u,,
KQ01,柯桥城关,太湖片-临绍小片,,,模,M,慕,u,,
KQ01,柯桥城关,太湖片-临绍小片,,,模,M,墓,u/o,文读/白读,
KQ01,柯桥城关,太湖片-临绍小片,,,模,M,募,u,,
KQ01,柯桥城关,太湖片-临绍小片,,,模,M,睦,,,
KQ01,柯桥城关,太湖片-临绍小片,,,模,T,都,u,,
KQ01,柯桥城关,太湖片-临绍小片,,,模,T,都,u,,
KQ01,柯桥城关,太湖片-临绍小片,,,模,T,赌,u,,
KQ01,柯桥城关,太湖片-临绍小片,,,模,T,堵,u,,
KQ01,柯桥城关,太湖片-临绍小片,,,模,T,肚,u,,
KQ01,柯桥城关,太湖片-临绍小片,,,模,T,睹,u,,
KQ01,柯桥城关,太湖片-临绍小片,,,模,T,妒,u,,
KQ01,柯桥城关,太湖片-临绍小片,,,模,T,土,u,,
KQ01,柯桥城关,太湖片-临绍小片,,,模,T,吐,u,,
KQ01,柯桥城关,太湖片-临绍小片,,,模,T,吐,u,,
KQ01,柯桥城关,太湖片-临绍小片,,,模,T,兔,u,,
KQ01,柯桥城关,太湖片-临绍小片,,,模,T,徒,u,,
KQ01,柯桥城关,太湖片-临绍小片,,,模,T,屠,u,,
KQ01,柯桥城关,太湖片-临绍小片,,,模,T,途,u,,
KQ01,柯桥城关,太湖片-临绍小片,,,模,T,涂,u,,
KQ01,柯桥城关,太湖片-临绍小片,,,模,T,图,u,,
KQ01,柯桥城关,太湖片-临绍小片,,,模,T,杜,u,,
KQ01,柯桥城关,太湖片-临绍小片,,,模,T,肚,u,,
KQ01,柯桥城关,太湖片-临绍小片,,,模,T,度,u,,
KQ01,柯桥城关,太湖片-临绍小片,,,模,T,渡,u,,
KQ01,柯桥城关,太湖片-临绍小片,,,模,T,镀,u,,
KQ01,柯桥城关,太湖片-临绍小片,,,模,N,奴,u,,
KQ01,柯桥城关,太湖片-临绍小片,,,模,N,努,u,,
KQ01,柯桥城关,太湖片-临绍小片,,,模,N,怒,u,,
KQ01,柯桥城关,太湖片-临绍小片,,,模,L,卢,u,,
KQ01,柯桥城关,太湖片-临绍小片,,,模,L,炉,u,,
KQ01,柯桥城关,太湖片-临绍小片,,,模,L,芦,u,,
KQ01,柯桥城关,太湖片-临绍小片,,,模,L,鸬,u,,
KQ01,柯桥城关,太湖片-临绍小片,,,模,L,颅,u,,
KQ01,柯桥城关,太湖片-临绍小片,,,模,L,鲈,u,,
KQ01,柯桥城关,太湖片-临绍小片,,,模,L,鲁,u,,
KQ01,柯桥城关,太湖片-临绍小片,,,模,L,橹,u,,
KQ01,柯桥城关,太湖片-临绍小片,,,模,L,虏,o,,
KQ01,柯桥城关,太湖片-临绍小片,,,模,L,卤,u,,
KQ01,柯桥城关,太湖片-临绍小片,,,模,L,路,u,,
KQ01,柯桥城关,太湖片-临绍小片,,,模,L,赂,u,,
KQ01,柯桥城关,太湖片-临绍小片,,,模,L,露,u,,
KQ01,柯桥城关,太湖片-临绍小片,,,模,L,鹭,u,,
KQ01,柯桥城关,太湖片-临绍小片,,,模,TS,租,u,,
KQ01,柯桥城关,太湖片-临绍小片,,,模,TS,祖,u,,
KQ01,柯桥城关,太湖片-临绍小片,,,模,TS,组,u,,
KQ01,柯桥城关,太湖片-临绍小片,,,模,TS,做,o,,
KQ01,柯桥城关,太湖片-临绍小片,,,模,TS,粗,u,,
KQ01,柯桥城关,太湖片-临绍小片,,,模,TS,醋,u,,
KQ01,柯桥城关,太湖片-临绍小片,,,模,TS,措,u,,
KQ01,柯桥城关,太湖片-临绍小片,,,模,TS,错,o,,
KQ01,柯桥城关,太湖片-临绍小片,,,模,TS,苏,u,,
KQ01,柯桥城关,太湖片-临绍小片,,,模,TS,酥,u,,
KQ01,柯桥城关,太湖片-临绍小片,,,模,TS,素,u,,
KQ01,柯桥城关,太湖片-临绍小片,,,模,TS,诉,u,,
KQ01,柯桥城关,太湖片-临绍小片,,,模,TS,塑,u,,
KQ01,柯桥城关,太湖片-临绍小片,,,模,TS,嗉,u,,
KQ01,柯桥城关,太湖片-临绍小片,,,模,K,姑,u,,
KQ01,柯桥城关,太湖片-临绍小片,,,模,K,孤,u,,
KQ01,柯桥城关,太湖片-临绍小片,,,模,K,箍,u,,
KQ01,柯桥城关,太湖片-临绍小片,,,模,K,辜,u,,
KQ01,柯桥城关,太湖片-临绍小片,,,模,K,菇,u,,
KQ01,柯桥城关,太湖片-临绍小片,,,模,K,鸪,u,,
KQ01,柯桥城关,太湖片-临绍小片,,,模,K,蛄,u,,
KQ01,柯桥城关,太湖片-临绍小片,,,模,K,古,u,,
KQ01,柯桥城关,太湖片-临绍小片,,,模,K,估,u,,
KQ01,柯桥城关,太湖片-临绍小片,,,模,K,盬,,,
KQ01,柯桥城关,太湖片-临绍小片,,,模,K,牯,u,,
KQ01,柯桥城关,太湖片-临绍小片,,,模,K,股,u,,
KQ01,柯桥城关,太湖片-临绍小片,,,模,K,鼓,u,,
KQ01,柯桥城关,太湖片-临绍小片,,,模,K,蛊,u,,
KQ01,柯桥城关,太湖片-临绍小片,,,模,K,故,u,,
KQ01,柯桥城关,太湖片-临绍小片,,,模,K,固,u,,
KQ01,柯桥城关,太湖片-临绍小片,,,模,K,锢,u,,
KQ01,柯桥城关,太湖片-临绍小片,,,模,K,雇,u,,
KQ01,柯桥城关,太湖片-临绍小片,,,模,K,顾,u,,
KQ01,柯桥城关,太湖片-临绍小片,,,模,K,枯,u,,
KQ01,柯桥城关,太湖片-临绍小片,,,模,K,苦,u,,
KQ01,柯桥城关,太湖片-临绍小片,,,模,K,库,u,,
KQ01,柯桥城关,太湖片-临绍小片,,,模,K,裤,u,,
KQ01,柯桥城关,太湖片-临绍小片,,,模,K,吴,u,文读,
KQ01,柯桥城关,太湖片-临绍小片,,,模,K,蜈,,,
KQ01,柯桥城关,太湖片-临绍小片,,,模,K,吾,y,,
KQ01,柯桥城关,太湖片-临绍小片,,,模,K,梧,y,,
KQ01,柯桥城关,太湖片-临绍小片,,,模,K,五,u,文读,
KQ01,柯桥城关,太湖片-临绍小片,,,模,K,伍,u,,
KQ01,柯桥城关,太湖片-临绍小片,,,模,K,午,u,文读,
KQ01,柯桥城关,太湖片-临绍小片,,,模,K,忤,,,
KQ01,柯桥城关,太湖片-临绍小片,,,模,K,误,u,,
KQ01,柯桥城关,太湖片-临绍小片,,,模,K,悟,u,,
KQ01,柯桥城关,太湖片-临绍小片,,,模,Ø,呼,u,,
KQ01,柯桥城关,太湖片-临绍小片,,,模,Ø,虎,u,,
KQ01,柯桥城关,太湖片-临绍小片,,,模,Ø,浒,u,,
KQ01,柯桥城关,太湖片-临绍小片,,,模,Ø,琥,u,,
KQ01,柯桥城关,太湖片-临绍小片,,,模,Ø,戽,u,,
KQ01,柯桥城关,太湖片-临绍小片,,,模,Ø,胡,u,,
KQ01,柯桥城关,太湖片-临绍小片,,,模,Ø,湖,u,,
KQ01,柯桥城关,太湖片-临绍小片,,,模,Ø,狐,u,,
KQ01,柯桥城关,太湖片-临绍小片,,,模,Ø,壶,u,,
KQ01,柯桥城关,太湖片-临绍小片,,,模,Ø,乎,u,,
KQ01,柯桥城关,太湖片-临绍小片,,,模,Ø,瓠,,,
KQ01,柯桥城关,太湖片-临绍小片,,,模,Ø,鬍,u,,
KQ01,柯桥城关,太湖片-临绍小片,,,模,Ø,糊,u,,
KQ01,柯桥城关,太湖片-临绍小片,,,模,Ø,蝴,u,,
KQ01,柯桥城关,太湖片-临绍小片,,,模,Ø,瑚,,,
KQ01,柯桥城关,太湖片-临绍小片,,,模,Ø,户,u,,
KQ01,柯桥城关,太湖片-临绍小片,,,模,Ø,沪,u,,
KQ01,柯桥城关,太湖片-临绍小片,,,模,Ø,互,u,,
KQ01,柯桥城关,太湖片-临绍小片,,,模,Ø,护,u,,
KQ01,柯桥城关,太湖片-临绍小片,,,模,Ø,瓠,,,
KQ01,柯桥城关,太湖片-临绍小片,,,模,Ø,糊,u,,
KQ01,柯桥城关,太湖片-临绍小片,,,模,Ø,乌,u,,
KQ01,柯桥城关,太湖片-临绍小片,,,模,Ø,污,u,,
KQ01,柯桥城关,太湖片-临绍小片,,,模,Ø,坞,u,,
KQ01,柯桥城关,太湖片-临绍小片,,,模,Ø,恶,u,,
KQ01,柯桥城关,太湖片-临绍小片,,,豪,P,褒,ɒ,,
KQ01,柯桥城关,太湖片-临绍小片,,,豪,P,保,ɒ,,
KQ01,柯桥城关,太湖片-临绍小片,,,豪,P,堡,ɒ,,
KQ01,柯桥城关,太湖片-临绍小片,,,豪,P,宝,ɒ,,
KQ01,柯桥城关,太湖片-临绍小片,,,豪,P,报,ɒ,,
KQ01,柯桥城关,太湖片-临绍小片,,,豪,P,袍,ɒ,,
KQ01,柯桥城关,太湖片-临绍小片,,,豪,P,抱,ɒ,,
KQ01,柯桥城关,太湖片-临绍小片,,,豪,P,暴,ɒ,,
KQ01,柯桥城关,太湖片-临绍小片,,,豪,P,菢,,,
KQ01,柯桥城关,太湖片-临绍小片,,,豪,M,毛,ɒ,,
KQ01,柯桥城关,太湖片-临绍小片,,,豪,M,冒,ɒ,,
KQ01,柯桥城关,太湖片-临绍小片,,,豪,M,帽,a/ɒ,白读,
KQ01,柯桥城关,太湖片-临绍小片,,,豪,M,瑁,,,
KQ01,柯桥城关,太湖片-临绍小片,,,豪,T,刀,ɒ,,
KQ01,柯桥城关,太湖片-临绍小片,,,豪,T,叨,ɒ,,
KQ01,柯桥城关,太湖片-临绍小片,,,豪,T,祷,ɒ,,
KQ01,柯桥城关,太湖片-临绍小片,,,豪,T,岛,ɒ,,
KQ01,柯桥城关,太湖片-临绍小片,,,豪,T,倒,a/ɒ,白读/文读,
KQ01,柯桥城关,太湖片-临绍小片,,,豪,T,捣,ɒ,,
KQ01,柯桥城关,太湖片-临绍小片,,,豪,T,到,a/ɒ,白读/文读,
KQ01,柯桥城关,太湖片-临绍小片,,,豪,T,倒,a/ɒ,白读/文读,
KQ01,柯桥城关,太湖片-临绍小片,,,豪,T,滔,ɒ,,
KQ01,柯桥城关,太湖片-临绍小片,,,豪,T,掏,ɒ,,
KQ01,柯桥城关,太湖片-临绍小片,,,豪,T,讨,ɒ,,
KQ01,柯桥城关,太湖片-临绍小片,,,豪,T,套,ɒ,,
KQ01,柯桥城关,太湖片-临绍小片,,,豪,T,桃,ɒ,,
KQ01,柯桥城关,太湖片-临绍小片,,,豪,T,逃,ɒ,,
KQ01,柯桥城关,太湖片-临绍小片,,,豪,T,淘,ɒ,,
KQ01,柯桥城关,太湖片-临绍小片,,,豪,T,陶,ɒ,,
KQ01,柯桥城关,太湖片-临绍小片,,,豪,T,萄,ɒ,,
KQ01,柯桥城关,太湖片-临绍小片,,,豪,T,涛,ɒ,,
KQ01,柯桥城关,太湖片-临绍小片,,,豪,T,道,ɒ,,
KQ01,柯桥城关,太湖片-临绍小片,,,豪,T,稻,ɒ,,
KQ01,柯桥城关,太湖片-临绍小片,,,豪,T,盗,ɒ,,
KQ01,柯桥城关,太湖片-临绍小片,,,豪,T,导,ɒ,,
KQ01,柯桥城关,太湖片-临绍小片,,,豪,T,蹈,ɒ,,
KQ01,柯桥城关,太湖片-临绍小片,,,豪,N,脑,ɒ,,
KQ01,柯桥城关,太湖片-临绍小片,,,豪,N,恼,ɒ,,
KQ01,柯桥城关,太湖片-临绍小片,,,豪,L,劳,ɒ,,
KQ01,柯桥城关,太湖片-临绍小片,,,豪,L,捞,ɒ,,
KQ01,柯桥城关,太湖片-临绍小片,,,豪,L,唠,ɒ,,
KQ01,柯桥城关,太湖片-临绍小片,,,豪,L,牢,ɒ,,
KQ01,柯桥城关,太湖片-临绍小片,,,豪,L,痨,ɒ,,
KQ01,柯桥城关,太湖片-临绍小片,,,豪,L,老,ɒ,,
KQ01,柯桥城关,太湖片-临绍小片,,,豪,L,佬,ɒ,,
KQ01,柯桥城关,太湖片-临绍小片,,,豪,L,涝,ɒ,,
KQ01,柯桥城关,太湖片-临绍小片,,,豪,TS,遭,a/ɒ,白读～眼/文读,
KQ01,柯桥城关,太湖片-临绍小片,,,豪,TS,糟,ɒ,,
KQ01,柯桥城关,太湖片-临绍小片,,,豪,TS,早,ɒ,,
KQ01,柯桥城关,太湖片-临绍小片,,,豪,TS,枣,ɒ,,
KQ01,柯桥城关,太湖片-临绍小片,,,豪,TS,蚤,ɒ,,
KQ01,柯桥城关,太湖片-临绍小片,,,豪,TS,澡,ɒ,,
KQ01,柯桥城关,太湖片-临绍小片,,,豪,TS,藻,ɒ,,
KQ01,柯桥城关,太湖片-临绍小片,,,豪,TS,躁,ɒ,,
KQ01,柯桥城关,太湖片-临绍小片,,,豪,TS,灶,ɒ,,
KQ01,柯桥城关,太湖片-临绍小片,,,豪,TS,操,ɒ,,
KQ01,柯桥城关,太湖片-临绍小片,,,豪,TS,草,ɒ,,
KQ01,柯桥城关,太湖片-临绍小片,,,豪,TS,騲,,,
KQ01,柯桥城关,太湖片-临绍小片,,,豪,TS,糙,a/ɒ,白读,
KQ01,柯桥城关,太湖片-临绍小片,,,豪,TS,曹,ɒ,,
KQ01,柯桥城关,太湖片-临绍小片,,,豪,TS,槽,a/ɒ,白读猪～/文读,
KQ01,柯桥城关,太湖片-临绍小片,,,豪,TS,皂,ɒ,,
KQ01,柯桥城关,太湖片-临绍小片,,,豪,TS,造,ɒ,,
KQ01,柯桥城关,太湖片-临绍小片,,,豪,TS,骚,ɒ,,
KQ01,柯桥城关,太湖片-临绍小片,,,豪,TS,臊,ɒ,,
KQ01,柯桥城关,太湖片-临绍小片,,,豪,TS,扫,ɒ,,
KQ01,柯桥城关,太湖片-临绍小片,,,豪,TS,嫂,ɒ,,
KQ01,柯桥城关,太湖片-临绍小片,,,豪,TS,扫,ɒ,,
KQ01,柯桥城关,太湖片-临绍小片,,,豪,TS,燥,ɒ,,
KQ01,柯桥城关,太湖片-临绍小片,,,豪,K,高,ɒ,,
KQ01,柯桥城关,太湖片-临绍小片,,,豪,K,膏,ɒ,,
KQ01,柯桥城关,太湖片-临绍小片,,,豪,K,篙,ɒ,,
KQ01,柯桥城关,太湖片-临绍小片,,,豪,K,羔,ɒ,,
KQ01,柯桥城关,太湖片-临绍小片,,,豪,K,糕,ɒ,,
KQ01,柯桥城关,太湖片-临绍小片,,,豪,K,稿,ɒ,,
KQ01,柯桥城关,太湖片-临绍小片,,,豪,K,告,ɒ,,
KQ01,柯桥城关,太湖片-临绍小片,,,豪,K,膏,ɒ,,
KQ01,柯桥城关,太湖片-临绍小片,,,豪,K,考,ɒ,,
KQ01,柯桥城关,太湖片-临绍小片,,,豪,K,烤,ɒ,,
KQ01,柯桥城关,太湖片-临绍小片,,,豪,K,拷,ɒ,,
KQ01,柯桥城关,太湖片-临绍小片,,,豪,K,靠,ɒ,,
KQ01,柯桥城关,太湖片-临绍小片,,,豪,K,犒,ɒ,,
KQ01,柯桥城关,太湖片-临绍小片,,,豪,K,铐,ɒ,,
KQ01,柯桥城关,太湖片-临绍小片,,,豪,K,㸆,,,
KQ01,柯桥城关,太湖片-临绍小片,,,豪,K,熬,ɒ,,
KQ01,柯桥城关,太湖片-临绍小片,,,豪,K,敖,ɒ,,
KQ01,柯桥城关,太湖片-临绍小片,,,豪,K,鳌,,,
KQ01,柯桥城关,太湖片-临绍小片,,,豪,K,傲,ɒ,,
KQ01,柯桥城关,太湖片-临绍小片,,,豪,K,鏊,ɒ,,
KQ01,柯桥城关,太湖片-临绍小片,,,豪,Ø,蒿,ɒ,,
KQ01,柯桥城关,太湖片-临绍小片,,,豪,Ø,薅,,,
KQ01,柯桥城关,太湖片-临绍小片,,,豪,Ø,好,ɒ,,
KQ01,柯桥城关,太湖片-临绍小片,,,豪,Ø,好,ɒ,,
KQ01,柯桥城关,太湖片-临绍小片,,,豪,Ø,耗,ɒ,,
KQ01,柯桥城关,太湖片-临绍小片,,,豪,Ø,豪,ɒ,,
KQ01,柯桥城关,太湖片-临绍小片,,,豪,Ø,壕,ɒ,,
KQ01,柯桥城关,太湖片-临绍小片,,,豪,Ø,毫,ɒ,,
KQ01,柯桥城关,太湖片-临绍小片,,,豪,Ø,号,a/ɒ,白读～头/文读,
KQ01,柯桥城关,太湖片-临绍小片,,,豪,Ø,蠔,,,
KQ01,柯桥城关,太湖片-临绍小片,,,豪,Ø,浩,ɒ,,
KQ01,柯桥城关,太湖片-临绍小片,,,豪,Ø,号,a/ɒ,白读～头/文读,
KQ01,柯桥城关,太湖片-临绍小片,,,豪,Ø,爊,,,
KQ01,柯桥城关,太湖片-临绍小片,,,豪,Ø,袄,ɒ,,
KQ01,柯桥城关,太湖片-临绍小片,,,豪,Ø,懊,ɒ,,
KQ01,柯桥城关,太湖片-临绍小片,,,豪,Ø,奥,ɒ,,
KQ01,柯桥城关,太湖片-临绍小片,,,豪,Ø,懊,ɒ,,
KQ01,柯桥城关,太湖片-临绍小片,,,豪,Ø,澳,ɒ,,
KQ01,柯桥城关,太湖片-临绍小片,,,侯,P,剖,ɤ/o,文读/解～,
KQ01,柯桥城关,太湖片-临绍小片,,,侯,M,某,ɤ/o,文读/白读,
KQ01,柯桥城关,太湖片-临绍小片,,,侯,M,亩,ɤ,,
KQ01,柯桥城关,太湖片-临绍小片,,,侯,M,牡,ɤ,,
KQ01,柯桥城关,太湖片-临绍小片,,,侯,M,母,ɤ/o,文读/白读,
KQ01,柯桥城关,太湖片-临绍小片,,,侯,M,拇,u,,
KQ01,柯桥城关,太湖片-临绍小片,,,侯,M,戊,u,,
KQ01,柯桥城关,太湖片-临绍小片,,,侯,M,茂,ɤ,,
KQ01,柯桥城关,太湖片-临绍小片,,,侯,M,贸,ɤ,,
KQ01,柯桥城关,太湖片-临绍小片,,,侯,T,兜,ɤ,,
KQ01,柯桥城关,太湖片-临绍小片,,,侯,T,斗,ɤ,,
KQ01,柯桥城关,太湖片-临绍小片,,,侯,T,抖,ɤ,,
KQ01,柯桥城关,太湖片-临绍小片,,,侯,T,陡,ɤ,,
KQ01,柯桥城关,太湖片-临绍小片,,,侯,T,蚪,ɤ,,
KQ01,柯桥城关,太湖片-临绍小片,,,侯,T,斗,ɤ,,
KQ01,柯桥城关,太湖片-临绍小片,,,侯,T,偷,ɤ,,
KQ01,柯桥城关,太湖片-临绍小片,,,侯,T,敨,ɤ,,
KQ01,柯桥城关,太湖片-临绍小片,,,侯,T,透,ɤ,,
KQ01,柯桥城关,太湖片-临绍小片,,,侯,T,头,ɤ,,
KQ01,柯桥城关,太湖片-临绍小片,,,侯,T,投,ɤ,,
KQ01,柯桥城关,太湖片-临绍小片,,,侯,T,骰,ɤ,,
KQ01,柯桥城关,太湖片-临绍小片,,,侯,T,豆,ɤ,,
KQ01,柯桥城关,太湖片-临绍小片,,,侯,T,逗,ɤ,,
KQ01,柯桥城关,太湖片-临绍小片,,,侯,T,痘,ɤ,,
KQ01,柯桥城关,太湖片-临绍小片,,,侯,T,脰,,,
KQ01,柯桥城关,太湖片-临绍小片,,,侯,L,楼,ɤ,,
KQ01,柯桥城关,太湖片-临绍小片,,,侯,L,搂,ɤ,,
KQ01,柯桥城关,太湖片-临绍小片,,,侯,L,耧,,,
KQ01,柯桥城关,太湖片-临绍小片,,,侯,L,娄,ɤ,,
KQ01,柯桥城关,太湖片-临绍小片,,,侯,L,搂,ɤ,,
KQ01,柯桥城关,太湖片-临绍小片,,,侯,L,篓,ɤ,,
KQ01,柯桥城关,太湖片-临绍小片,,,侯,L,溇,ɤ,,
KQ01,柯桥城关,太湖片-临绍小片,,,侯,L,漏,ɤ,,
KQ01,柯桥城关,太湖片-临绍小片,,,侯,L,陋,ɤ,,
KQ01,柯桥城关,太湖片-临绍小片,,,侯,TS,走,ɤ,,
KQ01,柯桥城关,太湖片-临绍小片,,,侯,TS,奏,ɤ,,
KQ01,柯桥城关,太湖片-临绍小片,,,侯,TS,凑,ɤ,,
KQ01,柯桥城关,太湖片-临绍小片,,,侯,TS,叟,ɤ,,
KQ01,柯桥城关,太湖片-临绍小片,,,侯,TS,嗽,ɤ,,
KQ01,柯桥城关,太湖片-临绍小片,,,侯,K,勾,iɤ,,
KQ01,柯桥城关,太湖片-临绍小片,,,侯,K,钩,iɤ,,
KQ01,柯桥城关,太湖片-临绍小片,,,侯,K,沟,iɤ,,
KQ01,柯桥城关,太湖片-临绍小片,,,侯,K,狗,iɤ,,
KQ01,柯桥城关,太湖片-临绍小片,,,侯,K,苟,iɤ,,
KQ01,柯桥城关,太湖片-临绍小片,,,侯,K,垢,iɤ,,
KQ01,柯桥城关,太湖片-临绍小片,,,侯,K,枸,iɤ,,
KQ01,柯桥城关,太湖片-临绍小片,,,侯,K,彀,,,
KQ01,柯桥城关,太湖片-临绍小片,,,侯,K,够,iɤ,,
KQ01,柯桥城关,太湖片-临绍小片,,,侯,K,构,iɤ,,
KQ01,柯桥城关,太湖片-临绍小片,,,侯,K,购,iɤ,,
KQ01,柯桥城关,太湖片-临绍小片,,,侯,K,勾,iɤ,,
KQ01,柯桥城关,太湖片-临绍小片,,,侯,K,抠,iɤ,,
KQ01,柯桥城关,太湖片-临绍小片,,,侯,K,眍,iɤ,,
KQ01,柯桥城关,太湖片-临绍小片,,,侯,K,口,iɤ,,
KQ01,柯桥城关,太湖片-临绍小片,,,侯,K,叩,,,
KQ01,柯桥城关,太湖片-临绍小片,,,侯,K,扣,iɤ,,
KQ01,柯桥城关,太湖片-临绍小片,,,侯,K,寇,iɤ,,
KQ01,柯桥城关,太湖片-临绍小片,,,侯,K,藕,,,
KQ01,柯桥城关,太湖片-临绍小片,,,侯,K,偶,ɤ,文读～然,
KQ01,柯桥城关,太湖片-临绍小片,,,侯,K,偶,ɤ,文读～然,
KQ01,柯桥城关,太湖片-临绍小片,,,侯,Ø,吼,ɤ,,
KQ01,柯桥城关,太湖片-临绍小片,,,侯,Ø,侯,ɤ,,
KQ01,柯桥城关,太湖片-临绍小片,,,侯,Ø,喉,ɤ,,
KQ01,柯桥城关,太湖片-临绍小片,,,侯,Ø,猴,ɤ/iɤ,文读/白读{蜷缩},
KQ01,柯桥城关,太湖片-临绍小片,,,侯,Ø,瘊,,,
KQ01,柯桥城关,太湖片-临绍小片,,,侯,Ø,後,ɤ,,
KQ01,柯桥城关,太湖片-临绍小片,,,侯,Ø,厚,ɤ,,
KQ01,柯桥城关,太湖片-临绍小片,,,侯,Ø,后,ɤ,,
KQ01,柯桥城关,太湖片-临绍小片,,,侯,Ø,候,ɤ,,
KQ01,柯桥城关,太湖片-临绍小片,,,侯,Ø,鲎,ɤ,,
KQ01,柯桥城关,太湖片-临绍小片,,,侯,Ø,欧,ɤ,,
KQ01,柯桥城关,太湖片-临绍小片,,,侯,Ø,瓯,,,
KQ01,柯桥城关,太湖片-临绍小片,,,侯,Ø,区,ɤ,,
KQ01,柯桥城关,太湖片-临绍小片,,,侯,Ø,鸥,,,
KQ01,柯桥城关,太湖片-临绍小片,,,侯,Ø,呕,ɤ,,
KQ01,柯桥城关,太湖片-临绍小片,,,侯,Ø,殴,ɤ,,
KQ01,柯桥城关,太湖片-临绍小片,,,侯,Ø,沤,,,
KQ01,柯桥城关,太湖片-临绍小片,,,侯,Ø,怄,,,
KQ01,柯桥城关,太湖片-临绍小片,,,皆,P,拜,a,,
KQ01,柯桥城关,太湖片-临绍小片,,,皆,P,排,a,,
KQ01,柯桥城关,太湖片-临绍小片,,,皆,P,�,,,
KQ01,柯桥城关,太湖片-临绍小片,,,皆,M,埋,a,,
KQ01,柯桥城关,太湖片-临绍小片,,,皆,L,攋,a,,
KQ01,柯桥城关,太湖片-临绍小片,,,皆,TS*,䍉,,,
KQ01,柯桥城关,太湖片-临绍小片,,,皆,TS*,箉,,,
KQ01,柯桥城关,太湖片-临绍小片,,,皆,TS*,斋,a,,
KQ01,柯桥城关,太湖片-临绍小片,,,皆,TS*,豺,a,,
KQ01,柯桥城关,太湖片-临绍小片,,,皆,K,皆,ia,,
KQ01,柯桥城关,太湖片-临绍小片,,,皆,K,阶,a,白读,
KQ01,柯桥城关,太湖片-临绍小片,,,皆,K,稭,,,
KQ01,柯桥城关,太湖片-临绍小片,,,皆,K,偕,,,
KQ01,柯桥城关,太湖片-临绍小片,,,皆,K,介,a,白读,
KQ01,柯桥城关,太湖片-临绍小片,,,皆,K,界,a,白读,
KQ01,柯桥城关,太湖片-临绍小片,,,皆,K,芥,a,,
KQ01,柯桥城关,太湖片-临绍小片,,,皆,K,尬,a,,
KQ01,柯桥城关,太湖片-临绍小片,,,皆,K,疥,a,,
KQ01,柯桥城关,太湖片-临绍小片,,,皆,K,届,a,白读,
KQ01,柯桥城关,太湖片-临绍小片,,,皆,K,戒,a,白读,
KQ01,柯桥城关,太湖片-临绍小片,,,皆,K,庎,a,,
KQ01,柯桥城关,太湖片-临绍小片,,,皆,K,揩,a,,
KQ01,柯桥城关,太湖片-临绍小片,,,皆,K,楷,a,,
KQ01,柯桥城关,太湖片-临绍小片,,,皆,Ø,谐,ia,,
KQ01,柯桥城关,太湖片-临绍小片,,,皆,Ø,骇,,,
KQ01,柯桥城关,太湖片-临绍小片,,,皆,Ø,械,ia,,
KQ01,柯桥城关,太湖片-临绍小片,,,皆,Ø,挨,a,,
KQ01,柯桥城关,太湖片-临绍小片,,,佳,P,摆,a,,
KQ01,柯桥城关,太湖片-临绍小片,,,佳,P,派,a,,
KQ01,柯桥城关,太湖片-临绍小片,,,佳,P,牌,a,,
KQ01,柯桥城关,太湖片-临绍小片,,,佳,P,簰,a,,
KQ01,柯桥城关,太湖片-临绍小片,,,佳,P,罢,a,,
KQ01,柯桥城关,太湖片-临绍小片,,,佳,P,稗,o,,
KQ01,柯桥城关,太湖片-临绍小片,,,佳,M,买,a,,
KQ01,柯桥城关,太湖片-临绍小片,,,佳,M,卖,a,,
KQ01,柯桥城关,太湖片-临绍小片,,,佳,N,奶,a,,
KQ01,柯桥城关,太湖片-临绍小片,,,佳,TS*,债,a,,
KQ01,柯桥城关,太湖片-临绍小片,,,佳,TS*,钗,a,,
KQ01,柯桥城关,太湖片-临绍小片,,,佳,TS*,差,a,,
KQ01,柯桥城关,太湖片-临绍小片,,,佳,TS*,柴,a,,
KQ01,柯桥城关,太湖片-临绍小片,,,佳,TS*,筛,a,,
KQ01,柯桥城关,太湖片-临绍小片,,,佳,TS*,洒,a,,
KQ01,柯桥城关,太湖片-临绍小片,,,佳,TS*,晒,a,,
KQ01,柯桥城关,太湖片-临绍小片,,,佳,K,佳,o,白读三～村,
KQ01,柯桥城关,太湖片-临绍小片,,,佳,K,街,a,,
KQ01,柯桥城关,太湖片-临绍小片,,,佳,K,解,a,,
KQ01,柯桥城关,太湖片-临绍小片,,,佳,K,懈,a/e,,
KQ01,柯桥城关,太湖片-临绍小片,,,佳,K,涯,ia,,
KQ01,柯桥城关,太湖片-临绍小片,,,佳,K,崖,ia,,
KQ01,柯桥城关,太湖片-临绍小片,,,佳,K,捱,a,,
KQ01,柯桥城关,太湖片-临绍小片,,,佳,Ø,鞋,a,,
KQ01,柯桥城关,太湖片-临绍小片,,,佳,Ø,解,a,,
KQ01,柯桥城关,太湖片-临绍小片,,,佳,Ø,解,a,,
KQ01,柯桥城关,太湖片-临绍小片,,,佳,Ø,蟹,a,,
KQ01,柯桥城关,太湖片-临绍小片,,,佳,Ø,矮,a,,
KQ01,柯桥城关,太湖片-临绍小片,,,佳,Ø,隘,e,,