point_id,point_name,subbranch,lat,lon,韵,声组,汉字,读音,note,王盈新2011/石汝杰
KS01,昆山市区玉山镇,太湖片-苏沪嘉小片,,,歌,T,多,əu,,
KS01,昆山市区玉山镇,太湖片-苏沪嘉小片,,,歌,T,拖,əu,,
KS01,昆山市区玉山镇,太湖片-苏沪嘉小片,,,歌,T,他,a,,
KS01,昆山市区玉山镇,太湖片-苏沪嘉小片,,,歌,T,驼,əu,,
KS01,昆山市区玉山镇,太湖片-苏沪嘉小片,,,歌,T,驮,əu,,
KS01,昆山市区玉山镇,太湖片-苏沪嘉小片,,,歌,T,陀,əu,,
KS01,昆山市区玉山镇,太湖片-苏沪嘉小片,,,歌,T,鸵,əu,,
KS01,昆山市区玉山镇,太湖片-苏沪嘉小片,,,歌,T,沱,,,
KS01,昆山市区玉山镇,太湖片-苏沪嘉小片,,,歌,T,舵,əu,,
KS01,昆山市区玉山镇,太湖片-苏沪嘉小片,,,歌,T,大,əu,,
KS01,昆山市区玉山镇,太湖片-苏沪嘉小片,,,歌,T,驮,əu,,
KS01,昆山市区玉山镇,太湖片-苏沪嘉小片,,,歌,N,挪,əu,,
KS01,昆山市区玉山镇,太湖片-苏沪嘉小片,,,歌,N,哪,,,
KS01,昆山市区玉山镇,太湖片-苏沪嘉小片,,,歌,N,那,,,
KS01,昆山市区玉山镇,太湖片-苏沪嘉小片,,,歌,L,罗,əu,,
KS01,昆山市区玉山镇,太湖片-苏沪嘉小片,,,歌,L,锣,əu,,
KS01,昆山市区玉山镇,太湖片-苏沪嘉小片,,,歌,L,箩,əu,,
KS01,昆山市区玉山镇,太湖片-苏沪嘉小片,,,歌,L,萝,,,
KS01,昆山市区玉山镇,太湖片-苏沪嘉小片,,,歌,L,逻,,,
KS01,昆山市区玉山镇,太湖片-苏沪嘉小片,,,歌,TS,左,əu,,
KS01,昆山市区玉山镇,太湖片-苏沪嘉小片,,,歌,TS,佐,,,
KS01,昆山市区玉山镇,太湖片-苏沪嘉小片,,,歌,TS,搓,əu,,
KS01,昆山市区玉山镇,太湖片-苏沪嘉小片,,,歌,TS,娑,,,
KS01,昆山市区玉山镇,太湖片-苏沪嘉小片,,,歌,K,歌,əu,,
KS01,昆山市区玉山镇,太湖片-苏沪嘉小片,,,歌,K,哥,əu,,
KS01,昆山市区玉山镇,太湖片-苏沪嘉小片,,,歌,K,柯,əu,,
KS01,昆山市区玉山镇,太湖片-苏沪嘉小片,,,歌,K,个,əu,,
KS01,昆山市区玉山镇,太湖片-苏沪嘉小片,,,歌,K,轲,,,
KS01,昆山市区玉山镇,太湖片-苏沪嘉小片,,,歌,K,可,əu,,
KS01,昆山市区玉山镇,太湖片-苏沪嘉小片,,,歌,K,蛾,əu,,
KS01,昆山市区玉山镇,太湖片-苏沪嘉小片,,,歌,K,鹅,əu,,
KS01,昆山市区玉山镇,太湖片-苏沪嘉小片,,,歌,K,俄,əu,,
KS01,昆山市区玉山镇,太湖片-苏沪嘉小片,,,歌,K,娥,,,
KS01,昆山市区玉山镇,太湖片-苏沪嘉小片,,,歌,K,我,əu,,
KS01,昆山市区玉山镇,太湖片-苏沪嘉小片,,,歌,K,饿,əu,,
KS01,昆山市区玉山镇,太湖片-苏沪嘉小片,,,歌,Ø,荷,əu,,
KS01,昆山市区玉山镇,太湖片-苏沪嘉小片,,,歌,Ø,河,əu,,
KS01,昆山市区玉山镇,太湖片-苏沪嘉小片,,,歌,Ø,何,əu,,
KS01,昆山市区玉山镇,太湖片-苏沪嘉小片,,,歌,Ø,荷,əu,,
KS01,昆山市区玉山镇,太湖片-苏沪嘉小片,,,歌,Ø,贺,əu,,
KS01,昆山市区玉山镇,太湖片-苏沪嘉小片,,,歌,Ø,阿,u/əu,,
KS01,昆山市区玉山镇,太湖片-苏沪嘉小片,,,歌,Ø,屙,əu,,
KS01,昆山市区玉山镇,太湖片-苏沪嘉小片,,,戈,K,茄,a,,
KS01,昆山市区玉山镇,太湖片-苏沪嘉小片,,,戈,P,波,u,,
KS01,昆山市区玉山镇,太湖片-苏沪嘉小片,,,戈,P,菠,u,,
KS01,昆山市区玉山镇,太湖片-苏沪嘉小片,,,戈,P,跛,u,,
KS01,昆山市区玉山镇,太湖片-苏沪嘉小片,,,戈,P,簸,u,,
KS01,昆山市区玉山镇,太湖片-苏沪嘉小片,,,戈,P,簸,u,,
KS01,昆山市区玉山镇,太湖片-苏沪嘉小片,,,戈,P,播,,,
KS01,昆山市区玉山镇,太湖片-苏沪嘉小片,,,戈,P,颇,,,
KS01,昆山市区玉山镇,太湖片-苏沪嘉小片,,,戈,P,坡,u,,
KS01,昆山市区玉山镇,太湖片-苏沪嘉小片,,,戈,P,玻,u,,
KS01,昆山市区玉山镇,太湖片-苏沪嘉小片,,,戈,P,破,u,,
KS01,昆山市区玉山镇,太湖片-苏沪嘉小片,,,戈,P,婆,u,,
KS01,昆山市区玉山镇,太湖片-苏沪嘉小片,,,戈,P,薄,,,
KS01,昆山市区玉山镇,太湖片-苏沪嘉小片,,,戈,M,魔,o,,
KS01,昆山市区玉山镇,太湖片-苏沪嘉小片,,,戈,M,磨,o,,
KS01,昆山市区玉山镇,太湖片-苏沪嘉小片,,,戈,M,摩,o,,
KS01,昆山市区玉山镇,太湖片-苏沪嘉小片,,,戈,M,馍,,,
KS01,昆山市区玉山镇,太湖片-苏沪嘉小片,,,戈,M,蘑,,,
KS01,昆山市区玉山镇,太湖片-苏沪嘉小片,,,戈,M,磨,o,,
KS01,昆山市区玉山镇,太湖片-苏沪嘉小片,,,戈,T,朵,əu,,
KS01,昆山市区玉山镇,太湖片-苏沪嘉小片,,,戈,T,躲,əu,,
KS01,昆山市区玉山镇,太湖片-苏沪嘉小片,,,戈,T,剁,,,
KS01,昆山市区玉山镇,太湖片-苏沪嘉小片,,,戈,T,妥,əu,,
KS01,昆山市区玉山镇,太湖片-苏沪嘉小片,,,戈,T,椭,əu,,
KS01,昆山市区玉山镇,太湖片-苏沪嘉小片,,,戈,T,唾,əu,,
KS01,昆山市区玉山镇,太湖片-苏沪嘉小片,,,戈,T,砣,,,
KS01,昆山市区玉山镇,太湖片-苏沪嘉小片,,,戈,T,惰,əu,,
KS01,昆山市区玉山镇,太湖片-苏沪嘉小片,,,戈,T,垛,,,
KS01,昆山市区玉山镇,太湖片-苏沪嘉小片,,,戈,T,堕,,,
KS01,昆山市区玉山镇,太湖片-苏沪嘉小片,,,戈,N,挼,əu,,
KS01,昆山市区玉山镇,太湖片-苏沪嘉小片,,,戈,N,糯,əu,,
KS01,昆山市区玉山镇,太湖片-苏沪嘉小片,,,戈,N,懦,,,
KS01,昆山市区玉山镇,太湖片-苏沪嘉小片,,,戈,L,骡,əu,,
KS01,昆山市区玉山镇,太湖片-苏沪嘉小片,,,戈,L,螺,əu,,
KS01,昆山市区玉山镇,太湖片-苏沪嘉小片,,,戈,L,脶,əu,,
KS01,昆山市区玉山镇,太湖片-苏沪嘉小片,,,戈,L,啰,əu,,
KS01,昆山市区玉山镇,太湖片-苏沪嘉小片,,,戈,L,裸,əu,,
KS01,昆山市区玉山镇,太湖片-苏沪嘉小片,,,戈,L,瘰,,,
KS01,昆山市区玉山镇,太湖片-苏沪嘉小片,,,戈,L,摞,,,
KS01,昆山市区玉山镇,太湖片-苏沪嘉小片,,,戈,TS,锉,əu,,
KS01,昆山市区玉山镇,太湖片-苏沪嘉小片,,,戈,TS,莝,,,
KS01,昆山市区玉山镇,太湖片-苏沪嘉小片,,,戈,TS,矬,,,
KS01,昆山市区玉山镇,太湖片-苏沪嘉小片,,,戈,TS,坐,əu,,
KS01,昆山市区玉山镇,太湖片-苏沪嘉小片,,,戈,TS,座,əu,,
KS01,昆山市区玉山镇,太湖片-苏沪嘉小片,,,戈,TS,蓑,əu,,
KS01,昆山市区玉山镇,太湖片-苏沪嘉小片,,,戈,TS,梭,əu,,
KS01,昆山市区玉山镇,太湖片-苏沪嘉小片,,,戈,TS,唆,əu,,
KS01,昆山市区玉山镇,太湖片-苏沪嘉小片,,,戈,TS,莎,o,,
KS01,昆山市区玉山镇,太湖片-苏沪嘉小片,,,戈,TS,锁,əu,,
KS01,昆山市区玉山镇,太湖片-苏沪嘉小片,,,戈,TS,琐,əu,,
KS01,昆山市区玉山镇,太湖片-苏沪嘉小片,,,戈,TS,唢,,,
KS01,昆山市区玉山镇,太湖片-苏沪嘉小片,,,戈,K,过,əu,,
KS01,昆山市区玉山镇,太湖片-苏沪嘉小片,,,戈,K,锅,əu,,
KS01,昆山市区玉山镇,太湖片-苏沪嘉小片,,,戈,K,戈,əu,,
KS01,昆山市区玉山镇,太湖片-苏沪嘉小片,,,戈,K,果,əu,,
KS01,昆山市区玉山镇,太湖片-苏沪嘉小片,,,戈,K,裹,əu,,
KS01,昆山市区玉山镇,太湖片-苏沪嘉小片,,,戈,K,餜,,,
KS01,昆山市区玉山镇,太湖片-苏沪嘉小片,,,戈,K,过,əu,,
KS01,昆山市区玉山镇,太湖片-苏沪嘉小片,,,戈,K,科,əu,,
KS01,昆山市区玉山镇,太湖片-苏沪嘉小片,,,戈,K,窠,əu,,
KS01,昆山市区玉山镇,太湖片-苏沪嘉小片,,,戈,K,棵,əu,,
KS01,昆山市区玉山镇,太湖片-苏沪嘉小片,,,戈,K,髁,,,
KS01,昆山市区玉山镇,太湖片-苏沪嘉小片,,,戈,K,蝌,,,
KS01,昆山市区玉山镇,太湖片-苏沪嘉小片,,,戈,K,颗,əu,,
KS01,昆山市区玉山镇,太湖片-苏沪嘉小片,,,戈,K,课,əu,,
KS01,昆山市区玉山镇,太湖片-苏沪嘉小片,,,戈,K,讹,,,
KS01,昆山市区玉山镇,太湖片-苏沪嘉小片,,,戈,K,卧,,,
KS01,昆山市区玉山镇,太湖片-苏沪嘉小片,,,戈,Ø,火,əu,,
KS01,昆山市区玉山镇,太湖片-苏沪嘉小片,,,戈,Ø,伙,əu,,
KS01,昆山市区玉山镇,太湖片-苏沪嘉小片,,,戈,Ø,货,əu,,
KS01,昆山市区玉山镇,太湖片-苏沪嘉小片,,,戈,Ø,和,əu,,
KS01,昆山市区玉山镇,太湖片-苏沪嘉小片,,,戈,Ø,禾,əu,,
KS01,昆山市区玉山镇,太湖片-苏沪嘉小片,,,戈,Ø,祸,əu,,
KS01,昆山市区玉山镇,太湖片-苏沪嘉小片,,,戈,Ø,夥,,,
KS01,昆山市区玉山镇,太湖片-苏沪嘉小片,,,戈,Ø,和,əu,,
KS01,昆山市区玉山镇,太湖片-苏沪嘉小片,,,戈,Ø,倭,əu,,
KS01,昆山市区玉山镇,太湖片-苏沪嘉小片,,,戈,Ø,踒,,,
KS01,昆山市区玉山镇,太湖片-苏沪嘉小片,,,戈,Ø,窝,əu,,
KS01,昆山市区玉山镇,太湖片-苏沪嘉小片,,,戈,Ø,涡,,,
KS01,昆山市区玉山镇,太湖片-苏沪嘉小片,,,戈,Ø,莴,,,
KS01,昆山市区玉山镇,太湖片-苏沪嘉小片,,,戈,Ø,涴,,,
KS01,昆山市区玉山镇,太湖片-苏沪嘉小片,,,戈,Ø,瘸,ua,,
KS01,昆山市区玉山镇,太湖片-苏沪嘉小片,,,戈,Ø,靴,yø,,
KS01,昆山市区玉山镇,太湖片-苏沪嘉小片,,,戈,Ø,�,,,
KS01,昆山市区玉山镇,太湖片-苏沪嘉小片,,,麻,P,巴,o,,
KS01,昆山市区玉山镇,太湖片-苏沪嘉小片,,,麻,P,芭,o,,
KS01,昆山市区玉山镇,太湖片-苏沪嘉小片,,,麻,P,疤,o,,
KS01,昆山市区玉山镇,太湖片-苏沪嘉小片,,,麻,P,笆,,,
KS01,昆山市区玉山镇,太湖片-苏沪嘉小片,,,麻,P,吧,,,
KS01,昆山市区玉山镇,太湖片-苏沪嘉小片,,,麻,P,把,o,,
KS01,昆山市区玉山镇,太湖片-苏沪嘉小片,,,麻,P,靶,o,,
KS01,昆山市区玉山镇,太湖片-苏沪嘉小片,,,麻,P,霸,o,,
KS01,昆山市区玉山镇,太湖片-苏沪嘉小片,,,麻,P,欛,,,
KS01,昆山市区玉山镇,太湖片-苏沪嘉小片,,,麻,P,壩,,,
KS01,昆山市区玉山镇,太湖片-苏沪嘉小片,,,麻,P,坝,o,,
KS01,昆山市区玉山镇,太湖片-苏沪嘉小片,,,麻,P,爸,,,
KS01,昆山市区玉山镇,太湖片-苏沪嘉小片,,,麻,P,怕,o,,
KS01,昆山市区玉山镇,太湖片-苏沪嘉小片,,,麻,P,帕,,,
KS01,昆山市区玉山镇,太湖片-苏沪嘉小片,,,麻,P,爬,o,,
KS01,昆山市区玉山镇,太湖片-苏沪嘉小片,,,麻,P,琶,o,,
KS01,昆山市区玉山镇,太湖片-苏沪嘉小片,,,麻,P,杷,o,,
KS01,昆山市区玉山镇,太湖片-苏沪嘉小片,,,麻,P,钯,o,,
KS01,昆山市区玉山镇,太湖片-苏沪嘉小片,,,麻,P,耙,o,,
KS01,昆山市区玉山镇,太湖片-苏沪嘉小片,,,麻,M,麻,o,,
KS01,昆山市区玉山镇,太湖片-苏沪嘉小片,,,麻,M,痲,,,
KS01,昆山市区玉山镇,太湖片-苏沪嘉小片,,,麻,M,蟆,o,,
KS01,昆山市区玉山镇,太湖片-苏沪嘉小片,,,麻,M,妈,a,,
KS01,昆山市区玉山镇,太湖片-苏沪嘉小片,,,麻,M,马,o,,
KS01,昆山市区玉山镇,太湖片-苏沪嘉小片,,,麻,M,码,o,,
KS01,昆山市区玉山镇,太湖片-苏沪嘉小片,,,麻,M,玛,,,
KS01,昆山市区玉山镇,太湖片-苏沪嘉小片,,,麻,M,蚂,,,
KS01,昆山市区玉山镇,太湖片-苏沪嘉小片,,,麻,M,骂,o,,
KS01,昆山市区玉山镇,太湖片-苏沪嘉小片,,,麻,N,拿,o,,
KS01,昆山市区玉山镇,太湖片-苏沪嘉小片,,,麻,TS,茶,o,,
KS01,昆山市区玉山镇,太湖片-苏沪嘉小片,,,麻,TS,搽,,,
KS01,昆山市区玉山镇,太湖片-苏沪嘉小片,,,麻,TS,䖳,,,
KS01,昆山市区玉山镇,太湖片-苏沪嘉小片,,,麻,TS*,楂,o,,
KS01,昆山市区玉山镇,太湖片-苏沪嘉小片,,,麻,TS*,渣,o,,
KS01,昆山市区玉山镇,太湖片-苏沪嘉小片,,,麻,TS*,诈,o,,
KS01,昆山市区玉山镇,太湖片-苏沪嘉小片,,,麻,TS*,榨,o,,
KS01,昆山市区玉山镇,太湖片-苏沪嘉小片,,,麻,TS*,炸,o,,
KS01,昆山市区玉山镇,太湖片-苏沪嘉小片,,,麻,TS*,叉,o,,
KS01,昆山市区玉山镇,太湖片-苏沪嘉小片,,,麻,TS*,杈,o,,
KS01,昆山市区玉山镇,太湖片-苏沪嘉小片,,,麻,TS*,差,o,,
KS01,昆山市区玉山镇,太湖片-苏沪嘉小片,,,麻,TS*,岔,o,,
KS01,昆山市区玉山镇,太湖片-苏沪嘉小片,,,麻,TS*,差,o,,
KS01,昆山市区玉山镇,太湖片-苏沪嘉小片,,,麻,TS*,茬,,,
KS01,昆山市区玉山镇,太湖片-苏沪嘉小片,,,麻,TS*,查,o,,
KS01,昆山市区玉山镇,太湖片-苏沪嘉小片,,,麻,TS*,乍,o,,
KS01,昆山市区玉山镇,太湖片-苏沪嘉小片,,,麻,TS*,沙,o,,
KS01,昆山市区玉山镇,太湖片-苏沪嘉小片,,,麻,TS*,纱,o,,
KS01,昆山市区玉山镇,太湖片-苏沪嘉小片,,,麻,TS*,痧,,,
KS01,昆山市区玉山镇,太湖片-苏沪嘉小片,,,麻,TS*,砂,,,
KS01,昆山市区玉山镇,太湖片-苏沪嘉小片,,,麻,TS*,鲨,,,
KS01,昆山市区玉山镇,太湖片-苏沪嘉小片,,,麻,TS*,裟,,,
KS01,昆山市区玉山镇,太湖片-苏沪嘉小片,,,麻,TS*,洒,a,,
KS01,昆山市区玉山镇,太湖片-苏沪嘉小片,,,麻,TS*,厦,,,
KS01,昆山市区玉山镇,太湖片-苏沪嘉小片,,,麻,K,家,a,,
KS01,昆山市区玉山镇,太湖片-苏沪嘉小片,,,麻,K,傢,,,
KS01,昆山市区玉山镇,太湖片-苏沪嘉小片,,,麻,K,加,a,,
KS01,昆山市区玉山镇,太湖片-苏沪嘉小片,,,麻,K,痂,a,,
KS01,昆山市区玉山镇,太湖片-苏沪嘉小片,,,麻,K,嘉,a,,
KS01,昆山市区玉山镇,太湖片-苏沪嘉小片,,,麻,K,枷,,,
KS01,昆山市区玉山镇,太湖片-苏沪嘉小片,,,麻,K,袈,,,
KS01,昆山市区玉山镇,太湖片-苏沪嘉小片,,,麻,K,假,a,,
KS01,昆山市区玉山镇,太湖片-苏沪嘉小片,,,麻,K,贾,ia,,
KS01,昆山市区玉山镇,太湖片-苏沪嘉小片,,,麻,K,假,a,,
KS01,昆山市区玉山镇,太湖片-苏沪嘉小片,,,麻,K,架,,,
KS01,昆山市区玉山镇,太湖片-苏沪嘉小片,,,麻,K,驾,,,
KS01,昆山市区玉山镇,太湖片-苏沪嘉小片,,,麻,K,嫁,a,,
KS01,昆山市区玉山镇,太湖片-苏沪嘉小片,,,麻,K,稼,a,,
KS01,昆山市区玉山镇,太湖片-苏沪嘉小片,,,麻,K,价,a,,
KS01,昆山市区玉山镇,太湖片-苏沪嘉小片,,,麻,K,揢,,,
KS01,昆山市区玉山镇,太湖片-苏沪嘉小片,,,麻,K,牙,a,,
KS01,昆山市区玉山镇,太湖片-苏沪嘉小片,,,麻,K,芽,a,,
KS01,昆山市区玉山镇,太湖片-苏沪嘉小片,,,麻,K,衙,a,,
KS01,昆山市区玉山镇,太湖片-苏沪嘉小片,,,麻,K,伢,,,
KS01,昆山市区玉山镇,太湖片-苏沪嘉小片,,,麻,K,蚜,,,
KS01,昆山市区玉山镇,太湖片-苏沪嘉小片,,,麻,K,雅,ia,,
KS01,昆山市区玉山镇,太湖片-苏沪嘉小片,,,麻,K,砑,,,
KS01,昆山市区玉山镇,太湖片-苏沪嘉小片,,,麻,Ø,虾,o,,
KS01,昆山市区玉山镇,太湖片-苏沪嘉小片,,,麻,Ø,�,,,
KS01,昆山市区玉山镇,太湖片-苏沪嘉小片,,,麻,Ø,嚇,,,
KS01,昆山市区玉山镇,太湖片-苏沪嘉小片,,,麻,Ø,霞,ia,,
KS01,昆山市区玉山镇,太湖片-苏沪嘉小片,,,麻,Ø,瑕,,,
KS01,昆山市区玉山镇,太湖片-苏沪嘉小片,,,麻,Ø,遐,,,
KS01,昆山市区玉山镇,太湖片-苏沪嘉小片,,,麻,Ø,蝦,,,
KS01,昆山市区玉山镇,太湖片-苏沪嘉小片,,,麻,Ø,下,o,,
KS01,昆山市区玉山镇,太湖片-苏沪嘉小片,,,麻,Ø,夏,o,,
KS01,昆山市区玉山镇,太湖片-苏沪嘉小片,,,麻,Ø,厦,o,,
KS01,昆山市区玉山镇,太湖片-苏沪嘉小片,,,麻,Ø,下,o,,
KS01,昆山市区玉山镇,太湖片-苏沪嘉小片,,,麻,Ø,夏,o,,
KS01,昆山市区玉山镇,太湖片-苏沪嘉小片,,,麻,Ø,暇,,,
KS01,昆山市区玉山镇,太湖片-苏沪嘉小片,,,麻,Ø,鸦,o,,
KS01,昆山市区玉山镇,太湖片-苏沪嘉小片,,,麻,Ø,丫,o,,
KS01,昆山市区玉山镇,太湖片-苏沪嘉小片,,,麻,Ø,桠,o,,
KS01,昆山市区玉山镇,太湖片-苏沪嘉小片,,,麻,Ø,哑,o,,
KS01,昆山市区玉山镇,太湖片-苏沪嘉小片,,,麻,Ø,亚,ia,,
KS01,昆山市区玉山镇,太湖片-苏沪嘉小片,,,模,P,补,u,,
KS01,昆山市区玉山镇,太湖片-苏沪嘉小片,,,模,P,谱,u,,
KS01,昆山市区玉山镇,太湖片-苏沪嘉小片,,,模,P,哺,,,
KS01,昆山市区玉山镇,太湖片-苏沪嘉小片,,,模,P,布,u,,
KS01,昆山市区玉山镇,太湖片-苏沪嘉小片,,,模,P,佈,,,
KS01,昆山市区玉山镇,太湖片-苏沪嘉小片,,,模,P,铺,u,,
KS01,昆山市区玉山镇,太湖片-苏沪嘉小片,,,模,P,潽,,,
KS01,昆山市区玉山镇,太湖片-苏沪嘉小片,,,模,P,普,u,,
KS01,昆山市区玉山镇,太湖片-苏沪嘉小片,,,模,P,浦,u,,
KS01,昆山市区玉山镇,太湖片-苏沪嘉小片,,,模,P,铺,u,,
KS01,昆山市区玉山镇,太湖片-苏沪嘉小片,,,模,P,怖,u,,
KS01,昆山市区玉山镇,太湖片-苏沪嘉小片,,,模,P,蒲,u,,
KS01,昆山市区玉山镇,太湖片-苏沪嘉小片,,,模,P,菩,u,,
KS01,昆山市区玉山镇,太湖片-苏沪嘉小片,,,模,P,脯,u,,
KS01,昆山市区玉山镇,太湖片-苏沪嘉小片,,,模,P,葡,,,
KS01,昆山市区玉山镇,太湖片-苏沪嘉小片,,,模,P,莆,,,
KS01,昆山市区玉山镇,太湖片-苏沪嘉小片,,,模,P,部,u,,
KS01,昆山市区玉山镇,太湖片-苏沪嘉小片,,,模,P,簿,u,,
KS01,昆山市区玉山镇,太湖片-苏沪嘉小片,,,模,P,篰,u,,
KS01,昆山市区玉山镇,太湖片-苏沪嘉小片,,,模,P,步,u,,
KS01,昆山市区玉山镇,太湖片-苏沪嘉小片,,,模,P,捕,u,,
KS01,昆山市区玉山镇,太湖片-苏沪嘉小片,,,模,P,埠,u,,
KS01,昆山市区玉山镇,太湖片-苏沪嘉小片,,,模,M,模,o,,
KS01,昆山市区玉山镇,太湖片-苏沪嘉小片,,,模,M,模,o,,
KS01,昆山市区玉山镇,太湖片-苏沪嘉小片,,,模,M,摹,o,,
KS01,昆山市区玉山镇,太湖片-苏沪嘉小片,,,模,M,姥,,,
KS01,昆山市区玉山镇,太湖片-苏沪嘉小片,,,模,M,暮,o,,
KS01,昆山市区玉山镇,太湖片-苏沪嘉小片,,,模,M,慕,o,,
KS01,昆山市区玉山镇,太湖片-苏沪嘉小片,,,模,M,墓,o,,
KS01,昆山市区玉山镇,太湖片-苏沪嘉小片,,,模,M,募,o,,
KS01,昆山市区玉山镇,太湖片-苏沪嘉小片,,,模,M,睦,,,
KS01,昆山市区玉山镇,太湖片-苏沪嘉小片,,,模,T,都,əu,,
KS01,昆山市区玉山镇,太湖片-苏沪嘉小片,,,模,T,都,əu,,
KS01,昆山市区玉山镇,太湖片-苏沪嘉小片,,,模,T,赌,əu,,
KS01,昆山市区玉山镇,太湖片-苏沪嘉小片,,,模,T,堵,əu,,
KS01,昆山市区玉山镇,太湖片-苏沪嘉小片,,,模,T,肚,əu,,
KS01,昆山市区玉山镇,太湖片-苏沪嘉小片,,,模,T,睹,,,
KS01,昆山市区玉山镇,太湖片-苏沪嘉小片,,,模,T,妒,əu,,
KS01,昆山市区玉山镇,太湖片-苏沪嘉小片,,,模,T,土,əu,,
KS01,昆山市区玉山镇,太湖片-苏沪嘉小片,,,模,T,吐,əu,,
KS01,昆山市区玉山镇,太湖片-苏沪嘉小片,,,模,T,吐,əu,,
KS01,昆山市区玉山镇,太湖片-苏沪嘉小片,,,模,T,兔,əu,,
KS01,昆山市区玉山镇,太湖片-苏沪嘉小片,,,模,T,徒,əu,,
KS01,昆山市区玉山镇,太湖片-苏沪嘉小片,,,模,T,屠,əu,,
KS01,昆山市区玉山镇,太湖片-苏沪嘉小片,,,模,T,途,əu,,
KS01,昆山市区玉山镇,太湖片-苏沪嘉小片,,,模,T,涂,əu,,
KS01,昆山市区玉山镇,太湖片-苏沪嘉小片,,,模,T,图,əu,,
KS01,昆山市区玉山镇,太湖片-苏沪嘉小片,,,模,T,杜,əu,,
KS01,昆山市区玉山镇,太湖片-苏沪嘉小片,,,模,T,肚,əu,,
KS01,昆山市区玉山镇,太湖片-苏沪嘉小片,,,模,T,度,əu,,
KS01,昆山市区玉山镇,太湖片-苏沪嘉小片,,,模,T,渡,əu,,
KS01,昆山市区玉山镇,太湖片-苏沪嘉小片,,,模,T,镀,əu,,
KS01,昆山市区玉山镇,太湖片-苏沪嘉小片,,,模,N,奴,əu,,
KS01,昆山市区玉山镇,太湖片-苏沪嘉小片,,,模,N,努,əu,,
KS01,昆山市区玉山镇,太湖片-苏沪嘉小片,,,模,N,怒,əu,,
KS01,昆山市区玉山镇,太湖片-苏沪嘉小片,,,模,L,卢,əu,,
KS01,昆山市区玉山镇,太湖片-苏沪嘉小片,,,模,L,炉,əu,,
KS01,昆山市区玉山镇,太湖片-苏沪嘉小片,,,模,L,芦,əu,,
KS01,昆山市区玉山镇,太湖片-苏沪嘉小片,,,模,L,鸬,,,
KS01,昆山市区玉山镇,太湖片-苏沪嘉小片,,,模,L,颅,,,
KS01,昆山市区玉山镇,太湖片-苏沪嘉小片,,,模,L,鲈,,,
KS01,昆山市区玉山镇,太湖片-苏沪嘉小片,,,模,L,鲁,əu,,
KS01,昆山市区玉山镇,太湖片-苏沪嘉小片,,,模,L,橹,əu,,
KS01,昆山市区玉山镇,太湖片-苏沪嘉小片,,,模,L,虏,əu,,
KS01,昆山市区玉山镇,太湖片-苏沪嘉小片,,,模,L,卤,əu,,
KS01,昆山市区玉山镇,太湖片-苏沪嘉小片,,,模,L,路,əu,,
KS01,昆山市区玉山镇,太湖片-苏沪嘉小片,,,模,L,赂,əu,,
KS01,昆山市区玉山镇,太湖片-苏沪嘉小片,,,模,L,露,əu,,
KS01,昆山市区玉山镇,太湖片-苏沪嘉小片,,,模,L,鹭,əu,,
KS01,昆山市区玉山镇,太湖片-苏沪嘉小片,,,模,TS,租,əu,,
KS01,昆山市区玉山镇,太湖片-苏沪嘉小片,,,模,TS,祖,əu,,
KS01,昆山市区玉山镇,太湖片-苏沪嘉小片,,,模,TS,组,əu,,
KS01,昆山市区玉山镇,太湖片-苏沪嘉小片,,,模,TS,做,əu,,
KS01,昆山市区玉山镇,太湖片-苏沪嘉小片,,,模,TS,粗,əu,,
KS01,昆山市区玉山镇,太湖片-苏沪嘉小片,,,模,TS,醋,əu,,
KS01,昆山市区玉山镇,太湖片-苏沪嘉小片,,,模,TS,措,əu,,
KS01,昆山市区玉山镇,太湖片-苏沪嘉小片,,,模,TS,错,o/əu,/～过,
KS01,昆山市区玉山镇,太湖片-苏沪嘉小片,,,模,TS,苏,əu,,
KS01,昆山市区玉山镇,太湖片-苏沪嘉小片,,,模,TS,酥,əu,,
KS01,昆山市区玉山镇,太湖片-苏沪嘉小片,,,模,TS,素,əu,,
KS01,昆山市区玉山镇,太湖片-苏沪嘉小片,,,模,TS,诉,əu,,
KS01,昆山市区玉山镇,太湖片-苏沪嘉小片,,,模,TS,塑,əu,,
KS01,昆山市区玉山镇,太湖片-苏沪嘉小片,,,模,TS,嗉,əu,,
KS01,昆山市区玉山镇,太湖片-苏沪嘉小片,,,模,K,姑,o/əu,,
KS01,昆山市区玉山镇,太湖片-苏沪嘉小片,,,模,K,孤,o/əu,,
KS01,昆山市区玉山镇,太湖片-苏沪嘉小片,,,模,K,箍,əu,,
KS01,昆山市区玉山镇,太湖片-苏沪嘉小片,,,模,K,辜,,,
KS01,昆山市区玉山镇,太湖片-苏沪嘉小片,,,模,K,菇,əu,,
KS01,昆山市区玉山镇,太湖片-苏沪嘉小片,,,模,K,鸪,,,
KS01,昆山市区玉山镇,太湖片-苏沪嘉小片,,,模,K,蛄,,,
KS01,昆山市区玉山镇,太湖片-苏沪嘉小片,,,模,K,古,əu,,
KS01,昆山市区玉山镇,太湖片-苏沪嘉小片,,,模,K,估,əu,,
KS01,昆山市区玉山镇,太湖片-苏沪嘉小片,,,模,K,盬,,,
KS01,昆山市区玉山镇,太湖片-苏沪嘉小片,,,模,K,牯,əu,,
KS01,昆山市区玉山镇,太湖片-苏沪嘉小片,,,模,K,股,əu,,
KS01,昆山市区玉山镇,太湖片-苏沪嘉小片,,,模,K,鼓,əu,,
KS01,昆山市区玉山镇,太湖片-苏沪嘉小片,,,模,K,蛊,,,
KS01,昆山市区玉山镇,太湖片-苏沪嘉小片,,,模,K,故,əu,,
KS01,昆山市区玉山镇,太湖片-苏沪嘉小片,,,模,K,固,əu,,
KS01,昆山市区玉山镇,太湖片-苏沪嘉小片,,,模,K,锢,,,
KS01,昆山市区玉山镇,太湖片-苏沪嘉小片,,,模,K,雇,əu,,
KS01,昆山市区玉山镇,太湖片-苏沪嘉小片,,,模,K,顾,əu,,
KS01,昆山市区玉山镇,太湖片-苏沪嘉小片,,,模,K,枯,əu,,
KS01,昆山市区玉山镇,太湖片-苏沪嘉小片,,,模,K,苦,əu,,
KS01,昆山市区玉山镇,太湖片-苏沪嘉小片,,,模,K,库,əu,,
KS01,昆山市区玉山镇,太湖片-苏沪嘉小片,,,模,K,裤,əu,,
KS01,昆山市区玉山镇,太湖片-苏沪嘉小片,,,模,K,吴,əu,,
KS01,昆山市区玉山镇,太湖片-苏沪嘉小片,,,模,K,蜈,əu,,
KS01,昆山市区玉山镇,太湖片-苏沪嘉小片,,,模,K,吾,,,
KS01,昆山市区玉山镇,太湖片-苏沪嘉小片,,,模,K,梧,əu,,
KS01,昆山市区玉山镇,太湖片-苏沪嘉小片,,,模,K,五,n/əu,白读/文读,
KS01,昆山市区玉山镇,太湖片-苏沪嘉小片,,,模,K,伍,əu,,
KS01,昆山市区玉山镇,太湖片-苏沪嘉小片,,,模,K,午,əu,文读,
KS01,昆山市区玉山镇,太湖片-苏沪嘉小片,,,模,K,忤,,,
KS01,昆山市区玉山镇,太湖片-苏沪嘉小片,,,模,K,误,əu,,
KS01,昆山市区玉山镇,太湖片-苏沪嘉小片,,,模,K,悟,əu,,
KS01,昆山市区玉山镇,太湖片-苏沪嘉小片,,,模,Ø,呼,əu,,
KS01,昆山市区玉山镇,太湖片-苏沪嘉小片,,,模,Ø,虎,əu,,
KS01,昆山市区玉山镇,太湖片-苏沪嘉小片,,,模,Ø,浒,əu,,
KS01,昆山市区玉山镇,太湖片-苏沪嘉小片,,,模,Ø,琥,,,
KS01,昆山市区玉山镇,太湖片-苏沪嘉小片,,,模,Ø,戽,,,
KS01,昆山市区玉山镇,太湖片-苏沪嘉小片,,,模,Ø,胡,əu,,
KS01,昆山市区玉山镇,太湖片-苏沪嘉小片,,,模,Ø,湖,əu,,
KS01,昆山市区玉山镇,太湖片-苏沪嘉小片,,,模,Ø,狐,əu,,
KS01,昆山市区玉山镇,太湖片-苏沪嘉小片,,,模,Ø,壶,əu,,
KS01,昆山市区玉山镇,太湖片-苏沪嘉小片,,,模,Ø,乎,,,
KS01,昆山市区玉山镇,太湖片-苏沪嘉小片,,,模,Ø,瓠,,,
KS01,昆山市区玉山镇,太湖片-苏沪嘉小片,,,模,Ø,鬍,əu,,
KS01,昆山市区玉山镇,太湖片-苏沪嘉小片,,,模,Ø,糊,əu,,
KS01,昆山市区玉山镇,太湖片-苏沪嘉小片,,,模,Ø,蝴,əu,,
KS01,昆山市区玉山镇,太湖片-苏沪嘉小片,,,模,Ø,瑚,,,
KS01,昆山市区玉山镇,太湖片-苏沪嘉小片,,,模,Ø,户,əu,,
KS01,昆山市区玉山镇,太湖片-苏沪嘉小片,,,模,Ø,沪,əu,,
KS01,昆山市区玉山镇,太湖片-苏沪嘉小片,,,模,Ø,互,əu,,
KS01,昆山市区玉山镇,太湖片-苏沪嘉小片,,,模,Ø,护,əu,,
KS01,昆山市区玉山镇,太湖片-苏沪嘉小片,,,模,Ø,瓠,,,
KS01,昆山市区玉山镇,太湖片-苏沪嘉小片,,,模,Ø,糊,əu,,
KS01,昆山市区玉山镇,太湖片-苏沪嘉小片,,,模,Ø,乌,əu,,
KS01,昆山市区玉山镇,太湖片-苏沪嘉小片,,,模,Ø,污,əu,,
KS01,昆山市区玉山镇,太湖片-苏沪嘉小片,,,模,Ø,坞,əu,,
KS01,昆山市区玉山镇,太湖片-苏沪嘉小片,,,模,Ø,恶,,,
KS01,昆山市区玉山镇,太湖片-苏沪嘉小片,,,豪,P,褒,ɔ,,
KS01,昆山市区玉山镇,太湖片-苏沪嘉小片,,,豪,P,保,ɔ,,
KS01,昆山市区玉山镇,太湖片-苏沪嘉小片,,,豪,P,堡,ɔ,,
KS01,昆山市区玉山镇,太湖片-苏沪嘉小片,,,豪,P,宝,ɔ,,
KS01,昆山市区玉山镇,太湖片-苏沪嘉小片,,,豪,P,报,ɔ,,
KS01,昆山市区玉山镇,太湖片-苏沪嘉小片,,,豪,P,袍,ɔ,,
KS01,昆山市区玉山镇,太湖片-苏沪嘉小片,,,豪,P,抱,ɔ,,
KS01,昆山市区玉山镇,太湖片-苏沪嘉小片,,,豪,P,暴,ɔ,,
KS01,昆山市区玉山镇,太湖片-苏沪嘉小片,,,豪,P,菢,,,
KS01,昆山市区玉山镇,太湖片-苏沪嘉小片,,,豪,M,毛,ɔ,,
KS01,昆山市区玉山镇,太湖片-苏沪嘉小片,,,豪,M,冒,ɔ,,
KS01,昆山市区玉山镇,太湖片-苏沪嘉小片,,,豪,M,帽,ɔ,,
KS01,昆山市区玉山镇,太湖片-苏沪嘉小片,,,豪,M,瑁,,,
KS01,昆山市区玉山镇,太湖片-苏沪嘉小片,,,豪,T,刀,ɔ,,
KS01,昆山市区玉山镇,太湖片-苏沪嘉小片,,,豪,T,叨,ɔ,,
KS01,昆山市区玉山镇,太湖片-苏沪嘉小片,,,豪,T,祷,ɔ,,
KS01,昆山市区玉山镇,太湖片-苏沪嘉小片,,,豪,T,岛,ɔ,,
KS01,昆山市区玉山镇,太湖片-苏沪嘉小片,,,豪,T,倒,ɔ,,
KS01,昆山市区玉山镇,太湖片-苏沪嘉小片,,,豪,T,捣,,,
KS01,昆山市区玉山镇,太湖片-苏沪嘉小片,,,豪,T,到,ɔ,,
KS01,昆山市区玉山镇,太湖片-苏沪嘉小片,,,豪,T,倒,ɔ,,
KS01,昆山市区玉山镇,太湖片-苏沪嘉小片,,,豪,T,滔,ɔ,,
KS01,昆山市区玉山镇,太湖片-苏沪嘉小片,,,豪,T,掏,ɔ,,
KS01,昆山市区玉山镇,太湖片-苏沪嘉小片,,,豪,T,讨,ɔ,,
KS01,昆山市区玉山镇,太湖片-苏沪嘉小片,,,豪,T,套,ɔ,,
KS01,昆山市区玉山镇,太湖片-苏沪嘉小片,,,豪,T,桃,ɔ,,
KS01,昆山市区玉山镇,太湖片-苏沪嘉小片,,,豪,T,逃,ɔ,,
KS01,昆山市区玉山镇,太湖片-苏沪嘉小片,,,豪,T,淘,ɔ,,
KS01,昆山市区玉山镇,太湖片-苏沪嘉小片,,,豪,T,陶,ɔ,,
KS01,昆山市区玉山镇,太湖片-苏沪嘉小片,,,豪,T,萄,ɔ,,
KS01,昆山市区玉山镇,太湖片-苏沪嘉小片,,,豪,T,涛,,,
KS01,昆山市区玉山镇,太湖片-苏沪嘉小片,,,豪,T,道,ɔ,,
KS01,昆山市区玉山镇,太湖片-苏沪嘉小片,,,豪,T,稻,ɔ,,
KS01,昆山市区玉山镇,太湖片-苏沪嘉小片,,,豪,T,盗,ɔ,,
KS01,昆山市区玉山镇,太湖片-苏沪嘉小片,,,豪,T,导,ɔ,,
KS01,昆山市区玉山镇,太湖片-苏沪嘉小片,,,豪,T,蹈,,,
KS01,昆山市区玉山镇,太湖片-苏沪嘉小片,,,豪,N,脑,ɔ,,
KS01,昆山市区玉山镇,太湖片-苏沪嘉小片,,,豪,N,恼,ɔ,,
KS01,昆山市区玉山镇,太湖片-苏沪嘉小片,,,豪,L,劳,ɔ,,
KS01,昆山市区玉山镇,太湖片-苏沪嘉小片,,,豪,L,捞,ɔ,,
KS01,昆山市区玉山镇,太湖片-苏沪嘉小片,,,豪,L,唠,ɔ,,
KS01,昆山市区玉山镇,太湖片-苏沪嘉小片,,,豪,L,牢,ɔ,,
KS01,昆山市区玉山镇,太湖片-苏沪嘉小片,,,豪,L,痨,,,
KS01,昆山市区玉山镇,太湖片-苏沪嘉小片,,,豪,L,老,ɔ,,
KS01,昆山市区玉山镇,太湖片-苏沪嘉小片,,,豪,L,佬,,,
KS01,昆山市区玉山镇,太湖片-苏沪嘉小片,,,豪,L,涝,,,
KS01,昆山市区玉山镇,太湖片-苏沪嘉小片,,,豪,TS,遭,ɔ,,
KS01,昆山市区玉山镇,太湖片-苏沪嘉小片,,,豪,TS,糟,ɔ,,
KS01,昆山市区玉山镇,太湖片-苏沪嘉小片,,,豪,TS,早,ɔ,,
KS01,昆山市区玉山镇,太湖片-苏沪嘉小片,,,豪,TS,枣,ɔ,,
KS01,昆山市区玉山镇,太湖片-苏沪嘉小片,,,豪,TS,蚤,,,
KS01,昆山市区玉山镇,太湖片-苏沪嘉小片,,,豪,TS,澡,ɔ,,
KS01,昆山市区玉山镇,太湖片-苏沪嘉小片,,,豪,TS,藻,,,
KS01,昆山市区玉山镇,太湖片-苏沪嘉小片,,,豪,TS,躁,ɔ,,
KS01,昆山市区玉山镇,太湖片-苏沪嘉小片,,,豪,TS,灶,,,
KS01,昆山市区玉山镇,太湖片-苏沪嘉小片,,,豪,TS,操,ɔ,,
KS01,昆山市区玉山镇,太湖片-苏沪嘉小片,,,豪,TS,草,ɔ,,
KS01,昆山市区玉山镇,太湖片-苏沪嘉小片,,,豪,TS,騲,,,
KS01,昆山市区玉山镇,太湖片-苏沪嘉小片,,,豪,TS,糙,ɔ,,
KS01,昆山市区玉山镇,太湖片-苏沪嘉小片,,,豪,TS,曹,ɔ,,
KS01,昆山市区玉山镇,太湖片-苏沪嘉小片,,,豪,TS,槽,ɔ,,
KS01,昆山市区玉山镇,太湖片-苏沪嘉小片,,,豪,TS,皂,ɔ,,
KS01,昆山市区玉山镇,太湖片-苏沪嘉小片,,,豪,TS,造,ɔ,,
KS01,昆山市区玉山镇,太湖片-苏沪嘉小片,,,豪,TS,骚,ɔ,,
KS01,昆山市区玉山镇,太湖片-苏沪嘉小片,,,豪,TS,臊,ɔ,,
KS01,昆山市区玉山镇,太湖片-苏沪嘉小片,,,豪,TS,扫,ɔ,,
KS01,昆山市区玉山镇,太湖片-苏沪嘉小片,,,豪,TS,嫂,ɔ,,
KS01,昆山市区玉山镇,太湖片-苏沪嘉小片,,,豪,TS,扫,ɔ,,
KS01,昆山市区玉山镇,太湖片-苏沪嘉小片,,,豪,TS,燥,,,
KS01,昆山市区玉山镇,太湖片-苏沪嘉小片,,,豪,K,高,ɔ,,
KS01,昆山市区玉山镇,太湖片-苏沪嘉小片,,,豪,K,膏,ɔ,,
KS01,昆山市区玉山镇,太湖片-苏沪嘉小片,,,豪,K,篙,,,
KS01,昆山市区玉山镇,太湖片-苏沪嘉小片,,,豪,K,羔,ɔ,,
KS01,昆山市区玉山镇,太湖片-苏沪嘉小片,,,豪,K,糕,ɔ,,
KS01,昆山市区玉山镇,太湖片-苏沪嘉小片,,,豪,K,稿,ɔ,,
KS01,昆山市区玉山镇,太湖片-苏沪嘉小片,,,豪,K,告,ɔ,,
KS01,昆山市区玉山镇,太湖片-苏沪嘉小片,,,豪,K,膏,ɔ,,
KS01,昆山市区玉山镇,太湖片-苏沪嘉小片,,,豪,K,考,ɔ,,
KS01,昆山市区玉山镇,太湖片-苏沪嘉小片,,,豪,K,烤,ɔ,,
KS01,昆山市区玉山镇,太湖片-苏沪嘉小片,,,豪,K,拷,,,
KS01,昆山市区玉山镇,太湖片-苏沪嘉小片,,,豪,K,靠,ɔ,,
KS01,昆山市区玉山镇,太湖片-苏沪嘉小片,,,豪,K,犒,ɔ,,
KS01,昆山市区玉山镇,太湖片-苏沪嘉小片,,,豪,K,铐,ɔ,,
KS01,昆山市区玉山镇,太湖片-苏沪嘉小片,,,豪,K,㸆,,,
KS01,昆山市区玉山镇,太湖片-苏沪嘉小片,,,豪,K,熬,ɔ,,
KS01,昆山市区玉山镇,太湖片-苏沪嘉小片,,,豪,K,敖,,,
KS01,昆山市区玉山镇,太湖片-苏沪嘉小片,,,豪,K,鳌,,,
KS01,昆山市区玉山镇,太湖片-苏沪嘉小片,,,豪,K,傲,ɔ,,
KS01,昆山市区玉山镇,太湖片-苏沪嘉小片,,,豪,K,鏊,,,
KS01,昆山市区玉山镇,太湖片-苏沪嘉小片,,,豪,Ø,蒿,ɔ,,
KS01,昆山市区玉山镇,太湖片-苏沪嘉小片,,,豪,Ø,薅,,,
KS01,昆山市区玉山镇,太湖片-苏沪嘉小片,,,豪,Ø,好,ɔ,,
KS01,昆山市区玉山镇,太湖片-苏沪嘉小片,,,豪,Ø,好,ɔ,,
KS01,昆山市区玉山镇,太湖片-苏沪嘉小片,,,豪,Ø,耗,ɔ,,
KS01,昆山市区玉山镇,太湖片-苏沪嘉小片,,,豪,Ø,豪,ɔ,,
KS01,昆山市区玉山镇,太湖片-苏沪嘉小片,,,豪,Ø,壕,ɔ,,
KS01,昆山市区玉山镇,太湖片-苏沪嘉小片,,,豪,Ø,毫,ɔ,,
KS01,昆山市区玉山镇,太湖片-苏沪嘉小片,,,豪,Ø,号,ɔ,,
KS01,昆山市区玉山镇,太湖片-苏沪嘉小片,,,豪,Ø,蠔,,,
KS01,昆山市区玉山镇,太湖片-苏沪嘉小片,,,豪,Ø,浩,,,
KS01,昆山市区玉山镇,太湖片-苏沪嘉小片,,,豪,Ø,号,ɔ,,
KS01,昆山市区玉山镇,太湖片-苏沪嘉小片,,,豪,Ø,爊,,,
KS01,昆山市区玉山镇,太湖片-苏沪嘉小片,,,豪,Ø,袄,ɔ,,
KS01,昆山市区玉山镇,太湖片-苏沪嘉小片,,,豪,Ø,懊,ɔ,,
KS01,昆山市区玉山镇,太湖片-苏沪嘉小片,,,豪,Ø,奥,ɔ,,
KS01,昆山市区玉山镇,太湖片-苏沪嘉小片,,,豪,Ø,懊,,,
KS01,昆山市区玉山镇,太湖片-苏沪嘉小片,,,豪,Ø,澳,,,
KS01,昆山市区玉山镇,太湖片-苏沪嘉小片,,,侯,P,剖,ei,,
KS01,昆山市区玉山镇,太湖片-苏沪嘉小片,,,侯,M,某,ei,,
KS01,昆山市区玉山镇,太湖片-苏沪嘉小片,,,侯,M,亩,m,,
KS01,昆山市区玉山镇,太湖片-苏沪嘉小片,,,侯,M,牡,,,
KS01,昆山市区玉山镇,太湖片-苏沪嘉小片,,,侯,M,母,o,,
KS01,昆山市区玉山镇,太湖片-苏沪嘉小片,,,侯,M,拇,o,,
KS01,昆山市区玉山镇,太湖片-苏沪嘉小片,,,侯,M,戊,,,
KS01,昆山市区玉山镇,太湖片-苏沪嘉小片,,,侯,M,茂,,,
KS01,昆山市区玉山镇,太湖片-苏沪嘉小片,,,侯,M,贸,,,
KS01,昆山市区玉山镇,太湖片-苏沪嘉小片,,,侯,T,兜,ei,,
KS01,昆山市区玉山镇,太湖片-苏沪嘉小片,,,侯,T,斗,ei,,
KS01,昆山市区玉山镇,太湖片-苏沪嘉小片,,,侯,T,抖,ei,,
KS01,昆山市区玉山镇,太湖片-苏沪嘉小片,,,侯,T,陡,ei,,
KS01,昆山市区玉山镇,太湖片-苏沪嘉小片,,,侯,T,蚪,,,
KS01,昆山市区玉山镇,太湖片-苏沪嘉小片,,,侯,T,斗,ei,,
KS01,昆山市区玉山镇,太湖片-苏沪嘉小片,,,侯,T,偷,ei,,
KS01,昆山市区玉山镇,太湖片-苏沪嘉小片,,,侯,T,敨,ei,,
KS01,昆山市区玉山镇,太湖片-苏沪嘉小片,,,侯,T,透,ei,,
KS01,昆山市区玉山镇,太湖片-苏沪嘉小片,,,侯,T,头,ei,,
KS01,昆山市区玉山镇,太湖片-苏沪嘉小片,,,侯,T,投,ei,,
KS01,昆山市区玉山镇,太湖片-苏沪嘉小片,,,侯,T,骰,,,
KS01,昆山市区玉山镇,太湖片-苏沪嘉小片,,,侯,T,豆,ei,,
KS01,昆山市区玉山镇,太湖片-苏沪嘉小片,,,侯,T,逗,ei,,
KS01,昆山市区玉山镇,太湖片-苏沪嘉小片,,,侯,T,痘,ei,,
KS01,昆山市区玉山镇,太湖片-苏沪嘉小片,,,侯,T,脰,,,
KS01,昆山市区玉山镇,太湖片-苏沪嘉小片,,,侯,L,楼,ei,,
KS01,昆山市区玉山镇,太湖片-苏沪嘉小片,,,侯,L,搂,,,
KS01,昆山市区玉山镇,太湖片-苏沪嘉小片,,,侯,L,耧,,,
KS01,昆山市区玉山镇,太湖片-苏沪嘉小片,,,侯,L,娄,ei,,
KS01,昆山市区玉山镇,太湖片-苏沪嘉小片,,,侯,L,搂,,,
KS01,昆山市区玉山镇,太湖片-苏沪嘉小片,,,侯,L,篓,ei,,
KS01,昆山市区玉山镇,太湖片-苏沪嘉小片,,,侯,L,溇,,,
KS01,昆山市区玉山镇,太湖片-苏沪嘉小片,,,侯,L,漏,ei,,
KS01,昆山市区玉山镇,太湖片-苏沪嘉小片,,,侯,L,陋,ei,,
KS01,昆山市区玉山镇,太湖片-苏沪嘉小片,,,侯,TS,走,ei,,
KS01,昆山市区玉山镇,太湖片-苏沪嘉小片,,,侯,TS,奏,ei,,
KS01,昆山市区玉山镇,太湖片-苏沪嘉小片,,,侯,TS,凑,ei,,
KS01,昆山市区玉山镇,太湖片-苏沪嘉小片,,,侯,TS,叟,ei,,
KS01,昆山市区玉山镇,太湖片-苏沪嘉小片,,,侯,TS,嗽,ei,,
KS01,昆山市区玉山镇,太湖片-苏沪嘉小片,,,侯,K,勾,ei,,
KS01,昆山市区玉山镇,太湖片-苏沪嘉小片,,,侯,K,钩,ei,,
KS01,昆山市区玉山镇,太湖片-苏沪嘉小片,,,侯,K,沟,ei,,
KS01,昆山市区玉山镇,太湖片-苏沪嘉小片,,,侯,K,狗,ei,,
KS01,昆山市区玉山镇,太湖片-苏沪嘉小片,,,侯,K,苟,ei,,
KS01,昆山市区玉山镇,太湖片-苏沪嘉小片,,,侯,K,垢,ei,,
KS01,昆山市区玉山镇,太湖片-苏沪嘉小片,,,侯,K,枸,ei,,
KS01,昆山市区玉山镇,太湖片-苏沪嘉小片,,,侯,K,彀,ei,,
KS01,昆山市区玉山镇,太湖片-苏沪嘉小片,,,侯,K,够,ei,,
KS01,昆山市区玉山镇,太湖片-苏沪嘉小片,,,侯,K,构,ei,,
KS01,昆山市区玉山镇,太湖片-苏沪嘉小片,,,侯,K,购,ei,,
KS01,昆山市区玉山镇,太湖片-苏沪嘉小片,,,侯,K,勾,ei,,
KS01,昆山市区玉山镇,太湖片-苏沪嘉小片,,,侯,K,抠,ei,,
KS01,昆山市区玉山镇,太湖片-苏沪嘉小片,,,侯,K,眍,ei,,
KS01,昆山市区玉山镇,太湖片-苏沪嘉小片,,,侯,K,口,ei,,
KS01,昆山市区玉山镇,太湖片-苏沪嘉小片,,,侯,K,叩,ei,,
KS01,昆山市区玉山镇,太湖片-苏沪嘉小片,,,侯,K,扣,ei,,
KS01,昆山市区玉山镇,太湖片-苏沪嘉小片,,,侯,K,寇,ei,,
KS01,昆山市区玉山镇,太湖片-苏沪嘉小片,,,侯,K,藕,ei,,
KS01,昆山市区玉山镇,太湖片-苏沪嘉小片,,,侯,K,偶,ei,,
KS01,昆山市区玉山镇,太湖片-苏沪嘉小片,,,侯,K,偶,ei,,
KS01,昆山市区玉山镇,太湖片-苏沪嘉小片,,,侯,Ø,吼,ei,,
KS01,昆山市区玉山镇,太湖片-苏沪嘉小片,,,侯,Ø,侯,ei,,
KS01,昆山市区玉山镇,太湖片-苏沪嘉小片,,,侯,Ø,喉,,,
KS01,昆山市区玉山镇,太湖片-苏沪嘉小片,,,侯,Ø,猴,ei,,
KS01,昆山市区玉山镇,太湖片-苏沪嘉小片,,,侯,Ø,瘊,,,
KS01,昆山市区玉山镇,太湖片-苏沪嘉小片,,,侯,Ø,後,ei,,
KS01,昆山市区玉山镇,太湖片-苏沪嘉小片,,,侯,Ø,厚,ei,,
KS01,昆山市区玉山镇,太湖片-苏沪嘉小片,,,侯,Ø,后,ei,,
KS01,昆山市区玉山镇,太湖片-苏沪嘉小片,,,侯,Ø,候,ei,,
KS01,昆山市区玉山镇,太湖片-苏沪嘉小片,,,侯,Ø,鲎,ei,,
KS01,昆山市区玉山镇,太湖片-苏沪嘉小片,,,侯,Ø,欧,ei,,
KS01,昆山市区玉山镇,太湖片-苏沪嘉小片,,,侯,Ø,瓯,ei,,
KS01,昆山市区玉山镇,太湖片-苏沪嘉小片,,,侯,Ø,区,,,
KS01,昆山市区玉山镇,太湖片-苏沪嘉小片,,,侯,Ø,鸥,,,
KS01,昆山市区玉山镇,太湖片-苏沪嘉小片,,,侯,Ø,呕,ei,,
KS01,昆山市区玉山镇,太湖片-苏沪嘉小片,,,侯,Ø,殴,ei,,
KS01,昆山市区玉山镇,太湖片-苏沪嘉小片,,,侯,Ø,沤,,,
KS01,昆山市区玉山镇,太湖片-苏沪嘉小片,,,侯,Ø,怄,,,
KS01,昆山市区玉山镇,太湖片-苏沪嘉小片,,,皆,P,拜,a,,
KS01,昆山市区玉山镇,太湖片-苏沪嘉小片,,,皆,P,排,a,,
KS01,昆山市区玉山镇,太湖片-苏沪嘉小片,,,皆,P,�,,,
KS01,昆山市区玉山镇,太湖片-苏沪嘉小片,,,皆,M,埋,a/ɛ,,
KS01,昆山市区玉山镇,太湖片-苏沪嘉小片,,,皆,L,攋,,,
KS01,昆山市区玉山镇,太湖片-苏沪嘉小片,,,皆,TS*,䍉,,,
KS01,昆山市区玉山镇,太湖片-苏沪嘉小片,,,皆,TS*,箉,,,
KS01,昆山市区玉山镇,太湖片-苏沪嘉小片,,,皆,TS*,斋,a,,
KS01,昆山市区玉山镇,太湖片-苏沪嘉小片,,,皆,TS*,豺,a,,
KS01,昆山市区玉山镇,太湖片-苏沪嘉小片,,,皆,K,皆,ia,,
KS01,昆山市区玉山镇,太湖片-苏沪嘉小片,,,皆,K,阶,a,,
KS01,昆山市区玉山镇,太湖片-苏沪嘉小片,,,皆,K,稭,,,
KS01,昆山市区玉山镇,太湖片-苏沪嘉小片,,,皆,K,偕,,,
KS01,昆山市区玉山镇,太湖片-苏沪嘉小片,,,皆,K,介,ia,,
KS01,昆山市区玉山镇,太湖片-苏沪嘉小片,,,皆,K,界,a,,
KS01,昆山市区玉山镇,太湖片-苏沪嘉小片,,,皆,K,芥,,,
KS01,昆山市区玉山镇,太湖片-苏沪嘉小片,,,皆,K,尬,a,,
KS01,昆山市区玉山镇,太湖片-苏沪嘉小片,,,皆,K,疥,,,
KS01,昆山市区玉山镇,太湖片-苏沪嘉小片,,,皆,K,届,,,
KS01,昆山市区玉山镇,太湖片-苏沪嘉小片,,,皆,K,戒,a,,
KS01,昆山市区玉山镇,太湖片-苏沪嘉小片,,,皆,K,庎,,,
KS01,昆山市区玉山镇,太湖片-苏沪嘉小片,,,皆,K,揩,a,,
KS01,昆山市区玉山镇,太湖片-苏沪嘉小片,,,皆,K,楷,,,
KS01,昆山市区玉山镇,太湖片-苏沪嘉小片,,,皆,Ø,谐,ia,,
KS01,昆山市区玉山镇,太湖片-苏沪嘉小片,,,皆,Ø,骇,ɛ,,
KS01,昆山市区玉山镇,太湖片-苏沪嘉小片,,,皆,Ø,械,ɛ,,
KS01,昆山市区玉山镇,太湖片-苏沪嘉小片,,,皆,Ø,挨,,,
KS01,昆山市区玉山镇,太湖片-苏沪嘉小片,,,佳,P,摆,a,,
KS01,昆山市区玉山镇,太湖片-苏沪嘉小片,,,佳,P,派,a,,
KS01,昆山市区玉山镇,太湖片-苏沪嘉小片,,,佳,P,牌,a,,
KS01,昆山市区玉山镇,太湖片-苏沪嘉小片,,,佳,P,簰,,,
KS01,昆山市区玉山镇,太湖片-苏沪嘉小片,,,佳,P,罢,o/a,,
KS01,昆山市区玉山镇,太湖片-苏沪嘉小片,,,佳,P,稗,a,,
KS01,昆山市区玉山镇,太湖片-苏沪嘉小片,,,佳,M,买,a,,
KS01,昆山市区玉山镇,太湖片-苏沪嘉小片,,,佳,M,卖,a,,
KS01,昆山市区玉山镇,太湖片-苏沪嘉小片,,,佳,N,奶,a,,
KS01,昆山市区玉山镇,太湖片-苏沪嘉小片,,,佳,TS*,债,a,,
KS01,昆山市区玉山镇,太湖片-苏沪嘉小片,,,佳,TS*,钗,a,,
KS01,昆山市区玉山镇,太湖片-苏沪嘉小片,,,佳,TS*,差,a,,
KS01,昆山市区玉山镇,太湖片-苏沪嘉小片,,,佳,TS*,柴,a,,
KS01,昆山市区玉山镇,太湖片-苏沪嘉小片,,,佳,TS*,筛,a,,
KS01,昆山市区玉山镇,太湖片-苏沪嘉小片,,,佳,TS*,洒,a,,
KS01,昆山市区玉山镇,太湖片-苏沪嘉小片,,,佳,TS*,晒,o,,
KS01,昆山市区玉山镇,太湖片-苏沪嘉小片,,,佳,K,佳,a,,
KS01,昆山市区玉山镇,太湖片-苏沪嘉小片,,,佳,K,街,a,,
KS01,昆山市区玉山镇,太湖片-苏沪嘉小片,,,佳,K,解,a,,
KS01,昆山市区玉山镇,太湖片-苏沪嘉小片,,,佳,K,懈,,,
KS01,昆山市区玉山镇,太湖片-苏沪嘉小片,,,佳,K,涯,a,,
KS01,昆山市区玉山镇,太湖片-苏沪嘉小片,,,佳,K,崖,a,,
KS01,昆山市区玉山镇,太湖片-苏沪嘉小片,,,佳,K,捱,,,
KS01,昆山市区玉山镇,太湖片-苏沪嘉小片,,,佳,Ø,鞋,a,,
KS01,昆山市区玉山镇,太湖片-苏沪嘉小片,,,佳,Ø,解,a,,
KS01,昆山市区玉山镇,太湖片-苏沪嘉小片,,,佳,Ø,解,a,,
KS01,昆山市区玉山镇,太湖片-苏沪嘉小片,,,佳,Ø,蟹,a,,
KS01,昆山市区玉山镇,太湖片-苏沪嘉小片,,,佳,Ø,矮,a,,
KS01,昆山市区玉山镇,太湖片-苏沪嘉小片,,,佳,Ø,隘,a,,