 ,point_name,subbranch,lat,lon,韵,声组,汉字,读音,note,卢今元 1986
QD01,启东吕四,太湖片-毗陵小片,,,歌,T,多,ɤ,,
QD01,启东吕四,太湖片-毗陵小片,,,歌,T,拖,ɤ,,
QD01,启东吕四,太湖片-毗陵小片,,,歌,T,他,a,,
QD01,启东吕四,太湖片-毗陵小片,,,歌,T,驼,ɤ,,
QD01,启东吕四,太湖片-毗陵小片,,,歌,T,驮,ɤ,,
QD01,启东吕四,太湖片-毗陵小片,,,歌,T,陀,ɤ,,
QD01,启东吕四,太湖片-毗陵小片,,,歌,T,鸵,,,
QD01,启东吕四,太湖片-毗陵小片,,,歌,T,沱,,,
QD01,启东吕四,太湖片-毗陵小片,,,歌,T,舵,ɤ,,
QD01,启东吕四,太湖片-毗陵小片,,,歌,T,大,ɤ/a,~小/～方,
QD01,启东吕四,太湖片-毗陵小片,,,歌,T,驮,,,
QD01,启东吕四,太湖片-毗陵小片,,,歌,N,挪,,,
QD01,启东吕四,太湖片-毗陵小片,,,歌,N,哪,a,,
QD01,启东吕四,太湖片-毗陵小片,,,歌,N,那,,,
QD01,启东吕四,太湖片-毗陵小片,,,歌,L,罗,ɤ,,
QD01,启东吕四,太湖片-毗陵小片,,,歌,L,锣,ɤ,,
QD01,启东吕四,太湖片-毗陵小片,,,歌,L,箩,ɤ,,
QD01,启东吕四,太湖片-毗陵小片,,,歌,L,萝,ɤ,,
QD01,启东吕四,太湖片-毗陵小片,,,歌,L,逻,ɤ,,
QD01,启东吕四,太湖片-毗陵小片,,,歌,TS,左,ɤ,文读,
QD01,启东吕四,太湖片-毗陵小片,,,歌,TS,佐,ɤ,,
QD01,启东吕四,太湖片-毗陵小片,,,歌,TS,搓,ɤ,,
QD01,启东吕四,太湖片-毗陵小片,,,歌,TS,娑,,,
QD01,启东吕四,太湖片-毗陵小片,,,歌,K,歌,ɤ,,
QD01,启东吕四,太湖片-毗陵小片,,,歌,K,哥,ɤ,,
QD01,启东吕四,太湖片-毗陵小片,,,歌,K,柯,,,
QD01,启东吕四,太湖片-毗陵小片,,,歌,K,个,,,
QD01,启东吕四,太湖片-毗陵小片,,,歌,K,轲,,,
QD01,启东吕四,太湖片-毗陵小片,,,歌,K,可,ɤ,,
QD01,启东吕四,太湖片-毗陵小片,,,歌,K,蛾,ɤ,,
QD01,启东吕四,太湖片-毗陵小片,,,歌,K,鹅,ɤ,,
QD01,启东吕四,太湖片-毗陵小片,,,歌,K,俄,ɤ,,
QD01,启东吕四,太湖片-毗陵小片,,,歌,K,娥,ɤ,,
QD01,启东吕四,太湖片-毗陵小片,,,歌,K,我,ɤ,,
QD01,启东吕四,太湖片-毗陵小片,,,歌,K,饿,ɤ,,
QD01,启东吕四,太湖片-毗陵小片,,,歌,Ø,荷,ɤ,,
QD01,启东吕四,太湖片-毗陵小片,,,歌,Ø,河,ɤ,,
QD01,启东吕四,太湖片-毗陵小片,,,歌,Ø,何,ɤ,,
QD01,启东吕四,太湖片-毗陵小片,,,歌,Ø,荷,ɤ,,
QD01,启东吕四,太湖片-毗陵小片,,,歌,Ø,贺,ɤ,,
QD01,启东吕四,太湖片-毗陵小片,,,歌,Ø,阿,,,
QD01,启东吕四,太湖片-毗陵小片,,,歌,Ø,屙,,,
QD01,启东吕四,太湖片-毗陵小片,,,戈,K,茄,ia,夸人能干,
QD01,启东吕四,太湖片-毗陵小片,,,戈,P,波,ɤ,,
QD01,启东吕四,太湖片-毗陵小片,,,戈,P,菠,ɤ,,
QD01,启东吕四,太湖片-毗陵小片,,,戈,P,跛,,,
QD01,启东吕四,太湖片-毗陵小片,,,戈,P,簸,ɤ,,
QD01,启东吕四,太湖片-毗陵小片,,,戈,P,簸,ɤ,,
QD01,启东吕四,太湖片-毗陵小片,,,戈,P,播,ɤ,,
QD01,启东吕四,太湖片-毗陵小片,,,戈,P,颇,,,
QD01,启东吕四,太湖片-毗陵小片,,,戈,P,坡,ɤ,,
QD01,启东吕四,太湖片-毗陵小片,,,戈,P,玻,ɤ,,
QD01,启东吕四,太湖片-毗陵小片,,,戈,P,破,ɤ,,
QD01,启东吕四,太湖片-毗陵小片,,,戈,P,婆,ɤ,,
QD01,启东吕四,太湖片-毗陵小片,,,戈,P,薄,ɤ,,
QD01,启东吕四,太湖片-毗陵小片,,,戈,M,魔,ɤ,,
QD01,启东吕四,太湖片-毗陵小片,,,戈,M,磨,ɤ,,
QD01,启东吕四,太湖片-毗陵小片,,,戈,M,摩,ɤ,,
QD01,启东吕四,太湖片-毗陵小片,,,戈,M,馍,ɤ,,
QD01,启东吕四,太湖片-毗陵小片,,,戈,M,蘑,,,
QD01,启东吕四,太湖片-毗陵小片,,,戈,M,磨,ɤ,,
QD01,启东吕四,太湖片-毗陵小片,,,戈,T,朵,ɤ,,
QD01,启东吕四,太湖片-毗陵小片,,,戈,T,躲,ɤ,,
QD01,启东吕四,太湖片-毗陵小片,,,戈,T,剁,ɤ,,
QD01,启东吕四,太湖片-毗陵小片,,,戈,T,妥,ɤ,,
QD01,启东吕四,太湖片-毗陵小片,,,戈,T,椭,ɤ,,
QD01,启东吕四,太湖片-毗陵小片,,,戈,T,唾,,,
QD01,启东吕四,太湖片-毗陵小片,,,戈,T,砣,,,
QD01,启东吕四,太湖片-毗陵小片,,,戈,T,惰,ɤ,,
QD01,启东吕四,太湖片-毗陵小片,,,戈,T,垛,,,
QD01,启东吕四,太湖片-毗陵小片,,,戈,T,堕,,,
QD01,启东吕四,太湖片-毗陵小片,,,戈,N,挼,,,
QD01,启东吕四,太湖片-毗陵小片,,,戈,N,糯,ɤ,,
QD01,启东吕四,太湖片-毗陵小片,,,戈,N,懦,,,
QD01,启东吕四,太湖片-毗陵小片,,,戈,L,骡,ɤ,,
QD01,启东吕四,太湖片-毗陵小片,,,戈,L,螺,ɤ,蛳～,
QD01,启东吕四,太湖片-毗陵小片,,,戈,L,脶,ɤ,,
QD01,启东吕四,太湖片-毗陵小片,,,戈,L,啰,ɤ,,
QD01,启东吕四,太湖片-毗陵小片,,,戈,L,裸,,,
QD01,启东吕四,太湖片-毗陵小片,,,戈,L,瘰,,,
QD01,启东吕四,太湖片-毗陵小片,,,戈,L,摞,ɤ,～柴子,
QD01,启东吕四,太湖片-毗陵小片,,,戈,TS,锉,ɤ,,
QD01,启东吕四,太湖片-毗陵小片,,,戈,TS,莝,,,
QD01,启东吕四,太湖片-毗陵小片,,,戈,TS,矬,ɤ,,
QD01,启东吕四,太湖片-毗陵小片,,,戈,TS,坐,ɤ,,
QD01,启东吕四,太湖片-毗陵小片,,,戈,TS,座,ɤ,,
QD01,启东吕四,太湖片-毗陵小片,,,戈,TS,蓑,ɤ,,
QD01,启东吕四,太湖片-毗陵小片,,,戈,TS,梭,ɤ,,
QD01,启东吕四,太湖片-毗陵小片,,,戈,TS,唆,ɤ,,
QD01,启东吕四,太湖片-毗陵小片,,,戈,TS,莎,,,
QD01,启东吕四,太湖片-毗陵小片,,,戈,TS,锁,ɤ,,
QD01,启东吕四,太湖片-毗陵小片,,,戈,TS,琐,ɤ,,
QD01,启东吕四,太湖片-毗陵小片,,,戈,TS,唢,,,
QD01,启东吕四,太湖片-毗陵小片,,,戈,K,过,ɤ,,
QD01,启东吕四,太湖片-毗陵小片,,,戈,K,锅,ɤ,,
QD01,启东吕四,太湖片-毗陵小片,,,戈,K,戈,ɤ,,
QD01,启东吕四,太湖片-毗陵小片,,,戈,K,果,ɤ,,
QD01,启东吕四,太湖片-毗陵小片,,,戈,K,裹,ɤ,,
QD01,启东吕四,太湖片-毗陵小片,,,戈,K,餜,,,
QD01,启东吕四,太湖片-毗陵小片,,,戈,K,过,ɤ,,
QD01,启东吕四,太湖片-毗陵小片,,,戈,K,科,ɤ,,
QD01,启东吕四,太湖片-毗陵小片,,,戈,K,窠,ɤ,,
QD01,启东吕四,太湖片-毗陵小片,,,戈,K,棵,ɤ,,
QD01,启东吕四,太湖片-毗陵小片,,,戈,K,髁,,,
QD01,启东吕四,太湖片-毗陵小片,,,戈,K,蝌,,,
QD01,启东吕四,太湖片-毗陵小片,,,戈,K,颗,ɤ,,
QD01,启东吕四,太湖片-毗陵小片,,,戈,K,课,ɤ,,
QD01,启东吕四,太湖片-毗陵小片,,,戈,K,讹,ɤ,,
QD01,启东吕四,太湖片-毗陵小片,,,戈,K,卧,ɤ,,
QD01,启东吕四,太湖片-毗陵小片,,,戈,Ø,火,ɤ,,
QD01,启东吕四,太湖片-毗陵小片,,,戈,Ø,伙,,,
QD01,启东吕四,太湖片-毗陵小片,,,戈,Ø,货,ɤ,,
QD01,启东吕四,太湖片-毗陵小片,,,戈,Ø,和,ɤ,,
QD01,启东吕四,太湖片-毗陵小片,,,戈,Ø,禾,ɤ,,
QD01,启东吕四,太湖片-毗陵小片,,,戈,Ø,祸,ɤ,,
QD01,启东吕四,太湖片-毗陵小片,,,戈,Ø,夥,ɤ,,
QD01,启东吕四,太湖片-毗陵小片,,,戈,Ø,和,ɤ,,
QD01,启东吕四,太湖片-毗陵小片,,,戈,Ø,倭,ɤ,,
QD01,启东吕四,太湖片-毗陵小片,,,戈,Ø,踒,,,
QD01,启东吕四,太湖片-毗陵小片,,,戈,Ø,窝,ɤ,,
QD01,启东吕四,太湖片-毗陵小片,,,戈,Ø,涡,,,
QD01,启东吕四,太湖片-毗陵小片,,,戈,Ø,莴,ɤ,,
QD01,启东吕四,太湖片-毗陵小片,,,戈,Ø,涴,,,
QD01,启东吕四,太湖片-毗陵小片,,,戈,Ø,瘸,,,
QD01,启东吕四,太湖片-毗陵小片,,,戈,Ø,靴,y/yo,/茅～,
QD01,启东吕四,太湖片-毗陵小片,,,戈,Ø,�,,,
QD01,启东吕四,太湖片-毗陵小片,,,麻,P,巴,ɤ,癞蛤～,
QD01,启东吕四,太湖片-毗陵小片,,,麻,P,芭,ɤ,,
QD01,启东吕四,太湖片-毗陵小片,,,麻,P,疤,ɤ,,
QD01,启东吕四,太湖片-毗陵小片,,,麻,P,笆,,,
QD01,启东吕四,太湖片-毗陵小片,,,麻,P,吧,,,
QD01,启东吕四,太湖片-毗陵小片,,,麻,P,把,ɤ,～脉,
QD01,启东吕四,太湖片-毗陵小片,,,麻,P,靶,,,
QD01,启东吕四,太湖片-毗陵小片,,,麻,P,霸,ɤ,,
QD01,启东吕四,太湖片-毗陵小片,,,麻,P,欛,,,
QD01,启东吕四,太湖片-毗陵小片,,,麻,P,壩,,,
QD01,启东吕四,太湖片-毗陵小片,,,麻,P,坝,ɤ,,
QD01,启东吕四,太湖片-毗陵小片,,,麻,P,爸,a,,
QD01,启东吕四,太湖片-毗陵小片,,,麻,P,怕,ɤ,,
QD01,启东吕四,太湖片-毗陵小片,,,麻,P,帕,,,
QD01,启东吕四,太湖片-毗陵小片,,,麻,P,爬,ɤ,,
QD01,启东吕四,太湖片-毗陵小片,,,麻,P,琶,ɤ,,
QD01,启东吕四,太湖片-毗陵小片,,,麻,P,杷,ɤ,,
QD01,启东吕四,太湖片-毗陵小片,,,麻,P,钯,ɤ,,
QD01,启东吕四,太湖片-毗陵小片,,,麻,P,耙,ɤ,,
QD01,启东吕四,太湖片-毗陵小片,,,麻,M,麻,ɤ,,
QD01,启东吕四,太湖片-毗陵小片,,,麻,M,痲,,,
QD01,启东吕四,太湖片-毗陵小片,,,麻,M,蟆,ɤ,,
QD01,启东吕四,太湖片-毗陵小片,,,麻,M,妈,a,,
QD01,启东吕四,太湖片-毗陵小片,,,麻,M,马,ɤ,,
QD01,启东吕四,太湖片-毗陵小片,,,麻,M,码,ɤ,,
QD01,启东吕四,太湖片-毗陵小片,,,麻,M,玛,ɤ,,
QD01,启东吕四,太湖片-毗陵小片,,,麻,M,蚂,,,
QD01,启东吕四,太湖片-毗陵小片,,,麻,M,骂,ɤ,,
QD01,启东吕四,太湖片-毗陵小片,,,麻,N,拿,a,,
QD01,启东吕四,太湖片-毗陵小片,,,麻,TS,茶,yo,,
QD01,启东吕四,太湖片-毗陵小片,,,麻,TS,搽,yo,,
QD01,启东吕四,太湖片-毗陵小片,,,麻,TS,䖳,,,
QD01,启东吕四,太湖片-毗陵小片,,,麻,TS*,楂,,,
QD01,启东吕四,太湖片-毗陵小片,,,麻,TS*,渣,yo,,
QD01,启东吕四,太湖片-毗陵小片,,,麻,TS*,诈,yo,,
QD01,启东吕四,太湖片-毗陵小片,,,麻,TS*,榨,yo,,
QD01,启东吕四,太湖片-毗陵小片,,,麻,TS*,炸,yo,,
QD01,启东吕四,太湖片-毗陵小片,,,麻,TS*,叉,yo,,
QD01,启东吕四,太湖片-毗陵小片,,,麻,TS*,杈,yo,,
QD01,启东吕四,太湖片-毗陵小片,,,麻,TS*,差,yo,,
QD01,启东吕四,太湖片-毗陵小片,,,麻,TS*,岔,yo,,
QD01,启东吕四,太湖片-毗陵小片,,,麻,TS*,差,yo,,
QD01,启东吕四,太湖片-毗陵小片,,,麻,TS*,茬,,,
QD01,启东吕四,太湖片-毗陵小片,,,麻,TS*,查,yo,,
QD01,启东吕四,太湖片-毗陵小片,,,麻,TS*,乍,,,
QD01,启东吕四,太湖片-毗陵小片,,,麻,TS*,沙,yo,,
QD01,启东吕四,太湖片-毗陵小片,,,麻,TS*,纱,yo,,
QD01,启东吕四,太湖片-毗陵小片,,,麻,TS*,痧,,,
QD01,启东吕四,太湖片-毗陵小片,,,麻,TS*,砂,yo,,
QD01,启东吕四,太湖片-毗陵小片,,,麻,TS*,鲨,yo,,
QD01,启东吕四,太湖片-毗陵小片,,,麻,TS*,裟,,,
QD01,启东吕四,太湖片-毗陵小片,,,麻,TS*,洒,,,
QD01,启东吕四,太湖片-毗陵小片,,,麻,TS*,厦,,,
QD01,启东吕四,太湖片-毗陵小片,,,麻,K,家,o/yo/a,当～/～私/老人～,
QD01,启东吕四,太湖片-毗陵小片,,,麻,K,傢,,,
QD01,启东吕四,太湖片-毗陵小片,,,麻,K,加,yo,白读,
QD01,启东吕四,太湖片-毗陵小片,,,麻,K,痂,,,
QD01,启东吕四,太湖片-毗陵小片,,,麻,K,嘉,ia,,
QD01,启东吕四,太湖片-毗陵小片,,,麻,K,枷,,,
QD01,启东吕四,太湖片-毗陵小片,,,麻,K,袈,,,
QD01,启东吕四,太湖片-毗陵小片,,,麻,K,假,yo,真～,
QD01,启东吕四,太湖片-毗陵小片,,,麻,K,贾,,,
QD01,启东吕四,太湖片-毗陵小片,,,麻,K,假,yo,,
QD01,启东吕四,太湖片-毗陵小片,,,麻,K,架,yo,打～,
QD01,启东吕四,太湖片-毗陵小片,,,麻,K,驾,ia,,
QD01,启东吕四,太湖片-毗陵小片,,,麻,K,嫁,ia,文读,
QD01,启东吕四,太湖片-毗陵小片,,,麻,K,稼,ia,,
QD01,启东吕四,太湖片-毗陵小片,,,麻,K,价,yo,白读,
QD01,启东吕四,太湖片-毗陵小片,,,麻,K,揢,,,
QD01,启东吕四,太湖片-毗陵小片,,,麻,K,牙,o,,
QD01,启东吕四,太湖片-毗陵小片,,,麻,K,芽,o,,
QD01,启东吕四,太湖片-毗陵小片,,,麻,K,衙,yo,,
QD01,启东吕四,太湖片-毗陵小片,,,麻,K,伢,,,
QD01,启东吕四,太湖片-毗陵小片,,,麻,K,蚜,,,
QD01,启东吕四,太湖片-毗陵小片,,,麻,K,雅,yo,,
QD01,启东吕四,太湖片-毗陵小片,,,麻,K,砑,,,
QD01,启东吕四,太湖片-毗陵小片,,,麻,Ø,虾,o,,
QD01,启东吕四,太湖片-毗陵小片,,,麻,Ø,�,,,
QD01,启东吕四,太湖片-毗陵小片,,,麻,Ø,嚇,,,
QD01,启东吕四,太湖片-毗陵小片,,,麻,Ø,霞,ia,,
QD01,启东吕四,太湖片-毗陵小片,,,麻,Ø,瑕,ia,,
QD01,启东吕四,太湖片-毗陵小片,,,麻,Ø,遐,ia,,
QD01,启东吕四,太湖片-毗陵小片,,,麻,Ø,蝦,o,,
QD01,启东吕四,太湖片-毗陵小片,,,麻,Ø,下,ia,文读,
QD01,启东吕四,太湖片-毗陵小片,,,麻,Ø,夏,o,,
QD01,启东吕四,太湖片-毗陵小片,,,麻,Ø,厦,,,
QD01,启东吕四,太湖片-毗陵小片,,,麻,Ø,下,yo/o,～等（白读）/上～,
QD01,启东吕四,太湖片-毗陵小片,,,麻,Ø,夏,o,,
QD01,启东吕四,太湖片-毗陵小片,,,麻,Ø,暇,,,
QD01,启东吕四,太湖片-毗陵小片,,,麻,Ø,鸦,o/ia,老～/,
QD01,启东吕四,太湖片-毗陵小片,,,麻,Ø,丫,o,～头,
QD01,启东吕四,太湖片-毗陵小片,,,麻,Ø,桠,o,,
QD01,启东吕四,太湖片-毗陵小片,,,麻,Ø,哑,o,,
QD01,启东吕四,太湖片-毗陵小片,,,麻,Ø,亚,ia,,
QD01,启东吕四,太湖片-毗陵小片,,,模,P,补,u,,
QD01,启东吕四,太湖片-毗陵小片,,,模,P,谱,u,,
QD01,启东吕四,太湖片-毗陵小片,,,模,P,哺,,,
QD01,启东吕四,太湖片-毗陵小片,,,模,P,布,u,,
QD01,启东吕四,太湖片-毗陵小片,,,模,P,佈,u,,
QD01,启东吕四,太湖片-毗陵小片,,,模,P,铺,u,,
QD01,启东吕四,太湖片-毗陵小片,,,模,P,潽,u,,
QD01,启东吕四,太湖片-毗陵小片,,,模,P,普,u,,
QD01,启东吕四,太湖片-毗陵小片,,,模,P,浦,u,,
QD01,启东吕四,太湖片-毗陵小片,,,模,P,铺,u,,
QD01,启东吕四,太湖片-毗陵小片,,,模,P,怖,u,,
QD01,启东吕四,太湖片-毗陵小片,,,模,P,蒲,u,,
QD01,启东吕四,太湖片-毗陵小片,,,模,P,菩,u,,
QD01,启东吕四,太湖片-毗陵小片,,,模,P,脯,,,
QD01,启东吕四,太湖片-毗陵小片,,,模,P,葡,,,
QD01,启东吕四,太湖片-毗陵小片,,,模,P,莆,,,
QD01,启东吕四,太湖片-毗陵小片,,,模,P,部,u,,
QD01,启东吕四,太湖片-毗陵小片,,,模,P,簿,u,,
QD01,启东吕四,太湖片-毗陵小片,,,模,P,篰,,,
QD01,启东吕四,太湖片-毗陵小片,,,模,P,步,u,,
QD01,启东吕四,太湖片-毗陵小片,,,模,P,捕,u,,
QD01,启东吕四,太湖片-毗陵小片,,,模,P,埠,u,,
QD01,启东吕四,太湖片-毗陵小片,,,模,M,模,ɤ,,
QD01,启东吕四,太湖片-毗陵小片,,,模,M,模,ɤ,,
QD01,启东吕四,太湖片-毗陵小片,,,模,M,摹,ɤ,,
QD01,启东吕四,太湖片-毗陵小片,,,模,M,姥,,,
QD01,启东吕四,太湖片-毗陵小片,,,模,M,暮,ɤ,,
QD01,启东吕四,太湖片-毗陵小片,,,模,M,慕,ɤ,,
QD01,启东吕四,太湖片-毗陵小片,,,模,M,墓,ɤ,,
QD01,启东吕四,太湖片-毗陵小片,,,模,M,募,ɤ,,
QD01,启东吕四,太湖片-毗陵小片,,,模,M,睦,,,
QD01,启东吕四,太湖片-毗陵小片,,,模,T,都,u,,
QD01,启东吕四,太湖片-毗陵小片,,,模,T,都,u,,
QD01,启东吕四,太湖片-毗陵小片,,,模,T,赌,u,,
QD01,启东吕四,太湖片-毗陵小片,,,模,T,堵,u,,
QD01,启东吕四,太湖片-毗陵小片,,,模,T,肚,u,,
QD01,启东吕四,太湖片-毗陵小片,,,模,T,睹,,,
QD01,启东吕四,太湖片-毗陵小片,,,模,T,妒,u,,
QD01,启东吕四,太湖片-毗陵小片,,,模,T,土,u,,
QD01,启东吕四,太湖片-毗陵小片,,,模,T,吐,u,,
QD01,启东吕四,太湖片-毗陵小片,,,模,T,吐,u,,
QD01,启东吕四,太湖片-毗陵小片,,,模,T,兔,u,,
QD01,启东吕四,太湖片-毗陵小片,,,模,T,徒,u,,
QD01,启东吕四,太湖片-毗陵小片,,,模,T,屠,u,,
QD01,启东吕四,太湖片-毗陵小片,,,模,T,途,u,,
QD01,启东吕四,太湖片-毗陵小片,,,模,T,涂,u,,
QD01,启东吕四,太湖片-毗陵小片,,,模,T,图,u,,
QD01,启东吕四,太湖片-毗陵小片,,,模,T,杜,u,,
QD01,启东吕四,太湖片-毗陵小片,,,模,T,肚,u,,
QD01,启东吕四,太湖片-毗陵小片,,,模,T,度,u,,
QD01,启东吕四,太湖片-毗陵小片,,,模,T,渡,u,,
QD01,启东吕四,太湖片-毗陵小片,,,模,T,镀,u,,
QD01,启东吕四,太湖片-毗陵小片,,,模,N,奴,ɤ,,
QD01,启东吕四,太湖片-毗陵小片,,,模,N,努,ɤ,,
QD01,启东吕四,太湖片-毗陵小片,,,模,N,怒,ɤ,,
QD01,启东吕四,太湖片-毗陵小片,,,模,L,卢,u,,
QD01,启东吕四,太湖片-毗陵小片,,,模,L,炉,u,,
QD01,启东吕四,太湖片-毗陵小片,,,模,L,芦,u,,
QD01,启东吕四,太湖片-毗陵小片,,,模,L,鸬,u,,
QD01,启东吕四,太湖片-毗陵小片,,,模,L,颅,,,
QD01,启东吕四,太湖片-毗陵小片,,,模,L,鲈,u,,
QD01,启东吕四,太湖片-毗陵小片,,,模,L,鲁,u,,
QD01,启东吕四,太湖片-毗陵小片,,,模,L,橹,u,,
QD01,启东吕四,太湖片-毗陵小片,,,模,L,虏,u,,
QD01,启东吕四,太湖片-毗陵小片,,,模,L,卤,u,,
QD01,启东吕四,太湖片-毗陵小片,,,模,L,路,u,,
QD01,启东吕四,太湖片-毗陵小片,,,模,L,赂,,,
QD01,启东吕四,太湖片-毗陵小片,,,模,L,露,u,,
QD01,启东吕四,太湖片-毗陵小片,,,模,L,鹭,u,,
QD01,启东吕四,太湖片-毗陵小片,,,模,TS,租,u,,
QD01,启东吕四,太湖片-毗陵小片,,,模,TS,祖,u,,
QD01,启东吕四,太湖片-毗陵小片,,,模,TS,组,u,,
QD01,启东吕四,太湖片-毗陵小片,,,模,TS,做,ɤ,,
QD01,启东吕四,太湖片-毗陵小片,,,模,TS,粗,u,,
QD01,启东吕四,太湖片-毗陵小片,,,模,TS,醋,u,,
QD01,启东吕四,太湖片-毗陵小片,,,模,TS,措,ɤ,～手不及,
QD01,启东吕四,太湖片-毗陵小片,,,模,TS,错,ɤ,,
QD01,启东吕四,太湖片-毗陵小片,,,模,TS,苏,u,,
QD01,启东吕四,太湖片-毗陵小片,,,模,TS,酥,u,,
QD01,启东吕四,太湖片-毗陵小片,,,模,TS,素,u,,
QD01,启东吕四,太湖片-毗陵小片,,,模,TS,诉,u,,
QD01,启东吕四,太湖片-毗陵小片,,,模,TS,塑,u,,
QD01,启东吕四,太湖片-毗陵小片,,,模,TS,嗉,,,
QD01,启东吕四,太湖片-毗陵小片,,,模,K,姑,u,,
QD01,启东吕四,太湖片-毗陵小片,,,模,K,孤,u,,
QD01,启东吕四,太湖片-毗陵小片,,,模,K,箍,u,,
QD01,启东吕四,太湖片-毗陵小片,,,模,K,辜,u,,
QD01,启东吕四,太湖片-毗陵小片,,,模,K,菇,,,
QD01,启东吕四,太湖片-毗陵小片,,,模,K,鸪,,,
QD01,启东吕四,太湖片-毗陵小片,,,模,K,蛄,u,,
QD01,启东吕四,太湖片-毗陵小片,,,模,K,古,u,,
QD01,启东吕四,太湖片-毗陵小片,,,模,K,估,u,,
QD01,启东吕四,太湖片-毗陵小片,,,模,K,盬,,,
QD01,启东吕四,太湖片-毗陵小片,,,模,K,牯,u,,
QD01,启东吕四,太湖片-毗陵小片,,,模,K,股,u,,
QD01,启东吕四,太湖片-毗陵小片,,,模,K,鼓,u,,
QD01,启东吕四,太湖片-毗陵小片,,,模,K,蛊,u,,
QD01,启东吕四,太湖片-毗陵小片,,,模,K,故,u,,
QD01,启东吕四,太湖片-毗陵小片,,,模,K,固,u,,
QD01,启东吕四,太湖片-毗陵小片,,,模,K,锢,u,,
QD01,启东吕四,太湖片-毗陵小片,,,模,K,雇,u,,
QD01,启东吕四,太湖片-毗陵小片,,,模,K,顾,u,,
QD01,启东吕四,太湖片-毗陵小片,,,模,K,枯,u,,
QD01,启东吕四,太湖片-毗陵小片,,,模,K,苦,u,,
QD01,启东吕四,太湖片-毗陵小片,,,模,K,库,u,,
QD01,启东吕四,太湖片-毗陵小片,,,模,K,裤,u,,
QD01,启东吕四,太湖片-毗陵小片,,,模,K,吴,u,,
QD01,启东吕四,太湖片-毗陵小片,,,模,K,蜈,u,,
QD01,启东吕四,太湖片-毗陵小片,,,模,K,吾,,,
QD01,启东吕四,太湖片-毗陵小片,,,模,K,梧,u,,
QD01,启东吕四,太湖片-毗陵小片,,,模,K,五,u,,
QD01,启东吕四,太湖片-毗陵小片,,,模,K,伍,,,
QD01,启东吕四,太湖片-毗陵小片,,,模,K,午,u,,
QD01,启东吕四,太湖片-毗陵小片,,,模,K,忤,,,
QD01,启东吕四,太湖片-毗陵小片,,,模,K,误,u,,
QD01,启东吕四,太湖片-毗陵小片,,,模,K,悟,u,,
QD01,启东吕四,太湖片-毗陵小片,,,模,Ø,呼,u,,
QD01,启东吕四,太湖片-毗陵小片,,,模,Ø,虎,u,,
QD01,启东吕四,太湖片-毗陵小片,,,模,Ø,浒,u,,
QD01,启东吕四,太湖片-毗陵小片,,,模,Ø,琥,,,
QD01,启东吕四,太湖片-毗陵小片,,,模,Ø,戽,,,
QD01,启东吕四,太湖片-毗陵小片,,,模,Ø,胡,u,,
QD01,启东吕四,太湖片-毗陵小片,,,模,Ø,湖,u,,
QD01,启东吕四,太湖片-毗陵小片,,,模,Ø,狐,u,,
QD01,启东吕四,太湖片-毗陵小片,,,模,Ø,壶,u,,
QD01,启东吕四,太湖片-毗陵小片,,,模,Ø,乎,,,
QD01,启东吕四,太湖片-毗陵小片,,,模,Ø,瓠,,,
QD01,启东吕四,太湖片-毗陵小片,,,模,Ø,鬍,,,
QD01,启东吕四,太湖片-毗陵小片,,,模,Ø,糊,u,,
QD01,启东吕四,太湖片-毗陵小片,,,模,Ø,蝴,u,,
QD01,启东吕四,太湖片-毗陵小片,,,模,Ø,瑚,,,
QD01,启东吕四,太湖片-毗陵小片,,,模,Ø,户,u,,
QD01,启东吕四,太湖片-毗陵小片,,,模,Ø,沪,,,
QD01,启东吕四,太湖片-毗陵小片,,,模,Ø,互,u,,
QD01,启东吕四,太湖片-毗陵小片,,,模,Ø,护,u,,
QD01,启东吕四,太湖片-毗陵小片,,,模,Ø,瓠,,,
QD01,启东吕四,太湖片-毗陵小片,,,模,Ø,糊,u,,
QD01,启东吕四,太湖片-毗陵小片,,,模,Ø,乌,u,,
QD01,启东吕四,太湖片-毗陵小片,,,模,Ø,污,u,,
QD01,启东吕四,太湖片-毗陵小片,,,模,Ø,坞,,,
QD01,启东吕四,太湖片-毗陵小片,,,模,Ø,恶,u,厌～,
QD01,启东吕四,太湖片-毗陵小片,,,豪,P,褒,ɔ,,
QD01,启东吕四,太湖片-毗陵小片,,,豪,P,保,ɔ,,
QD01,启东吕四,太湖片-毗陵小片,,,豪,P,堡,ɔ,,
QD01,启东吕四,太湖片-毗陵小片,,,豪,P,宝,ɔ,,
QD01,启东吕四,太湖片-毗陵小片,,,豪,P,报,ɔ,,
QD01,启东吕四,太湖片-毗陵小片,,,豪,P,袍,ɔ,,
QD01,启东吕四,太湖片-毗陵小片,,,豪,P,抱,ɔ,,
QD01,启东吕四,太湖片-毗陵小片,,,豪,P,暴,ɔ,,
QD01,启东吕四,太湖片-毗陵小片,,,豪,P,菢,,,
QD01,启东吕四,太湖片-毗陵小片,,,豪,M,毛,ɔ,,
QD01,启东吕四,太湖片-毗陵小片,,,豪,M,冒,ɔ,,
QD01,启东吕四,太湖片-毗陵小片,,,豪,M,帽,ɔ,,
QD01,启东吕四,太湖片-毗陵小片,,,豪,M,瑁,ɔ,,
QD01,启东吕四,太湖片-毗陵小片,,,豪,T,刀,ɔ,,
QD01,启东吕四,太湖片-毗陵小片,,,豪,T,叨,ɔ,,
QD01,启东吕四,太湖片-毗陵小片,,,豪,T,祷,ɔ,,
QD01,启东吕四,太湖片-毗陵小片,,,豪,T,岛,ɔ,,
QD01,启东吕四,太湖片-毗陵小片,,,豪,T,倒,ɔ,打～,
QD01,启东吕四,太湖片-毗陵小片,,,豪,T,捣,ɔ,,
QD01,启东吕四,太湖片-毗陵小片,,,豪,T,到,ɔ,,
QD01,启东吕四,太湖片-毗陵小片,,,豪,T,倒,ɔ,,
QD01,启东吕四,太湖片-毗陵小片,,,豪,T,滔,ɔ,,
QD01,启东吕四,太湖片-毗陵小片,,,豪,T,掏,ɔ,,
QD01,启东吕四,太湖片-毗陵小片,,,豪,T,讨,ɔ,,
QD01,启东吕四,太湖片-毗陵小片,,,豪,T,套,ɔ,,
QD01,启东吕四,太湖片-毗陵小片,,,豪,T,桃,ɔ,,
QD01,启东吕四,太湖片-毗陵小片,,,豪,T,逃,ɔ,,
QD01,启东吕四,太湖片-毗陵小片,,,豪,T,淘,ɔ,,
QD01,启东吕四,太湖片-毗陵小片,,,豪,T,陶,ɔ,,
QD01,启东吕四,太湖片-毗陵小片,,,豪,T,萄,,,
QD01,启东吕四,太湖片-毗陵小片,,,豪,T,涛,ɔ,,
QD01,启东吕四,太湖片-毗陵小片,,,豪,T,道,ɔ,,
QD01,启东吕四,太湖片-毗陵小片,,,豪,T,稻,ɔ,,
QD01,启东吕四,太湖片-毗陵小片,,,豪,T,盗,ɔ,,
QD01,启东吕四,太湖片-毗陵小片,,,豪,T,导,ɔ,,
QD01,启东吕四,太湖片-毗陵小片,,,豪,T,蹈,ɔ,,
QD01,启东吕四,太湖片-毗陵小片,,,豪,N,脑,ɔ,,
QD01,启东吕四,太湖片-毗陵小片,,,豪,N,恼,ɔ,,
QD01,启东吕四,太湖片-毗陵小片,,,豪,L,劳,ɔ,,
QD01,启东吕四,太湖片-毗陵小片,,,豪,L,捞,ɔ,,
QD01,启东吕四,太湖片-毗陵小片,,,豪,L,唠,ɔ,,
QD01,启东吕四,太湖片-毗陵小片,,,豪,L,牢,ɔ,,
QD01,启东吕四,太湖片-毗陵小片,,,豪,L,痨,,,
QD01,启东吕四,太湖片-毗陵小片,,,豪,L,老,ɔ,,
QD01,启东吕四,太湖片-毗陵小片,,,豪,L,佬,,,
QD01,启东吕四,太湖片-毗陵小片,,,豪,L,涝,ɔ,,
QD01,启东吕四,太湖片-毗陵小片,,,豪,TS,遭,ɔ,,
QD01,启东吕四,太湖片-毗陵小片,,,豪,TS,糟,ɔ,,
QD01,启东吕四,太湖片-毗陵小片,,,豪,TS,早,ɔ,,
QD01,启东吕四,太湖片-毗陵小片,,,豪,TS,枣,ɔ,,
QD01,启东吕四,太湖片-毗陵小片,,,豪,TS,蚤,ɔ,,
QD01,启东吕四,太湖片-毗陵小片,,,豪,TS,澡,ɔ,,
QD01,启东吕四,太湖片-毗陵小片,,,豪,TS,藻,,,
QD01,启东吕四,太湖片-毗陵小片,,,豪,TS,躁,ɔ,,
QD01,启东吕四,太湖片-毗陵小片,,,豪,TS,灶,,,
QD01,启东吕四,太湖片-毗陵小片,,,豪,TS,操,ɔ,,
QD01,启东吕四,太湖片-毗陵小片,,,豪,TS,草,ɔ,,
QD01,启东吕四,太湖片-毗陵小片,,,豪,TS,騲,,,
QD01,启东吕四,太湖片-毗陵小片,,,豪,TS,糙,ɔ,,
QD01,启东吕四,太湖片-毗陵小片,,,豪,TS,曹,ɔ,,
QD01,启东吕四,太湖片-毗陵小片,,,豪,TS,槽,ɔ,,
QD01,启东吕四,太湖片-毗陵小片,,,豪,TS,皂,ɔ,,
QD01,启东吕四,太湖片-毗陵小片,,,豪,TS,造,ɔ,,
QD01,启东吕四,太湖片-毗陵小片,,,豪,TS,骚,ɔ,,
QD01,启东吕四,太湖片-毗陵小片,,,豪,TS,臊,ɔ,,
QD01,启东吕四,太湖片-毗陵小片,,,豪,TS,扫,ɔ,,
QD01,启东吕四,太湖片-毗陵小片,,,豪,TS,嫂,ɔ,,
QD01,启东吕四,太湖片-毗陵小片,,,豪,TS,扫,ɔ,,
QD01,启东吕四,太湖片-毗陵小片,,,豪,TS,燥,ɔ,,
QD01,启东吕四,太湖片-毗陵小片,,,豪,K,高,ɔ,,
QD01,启东吕四,太湖片-毗陵小片,,,豪,K,膏,ɔ,,
QD01,启东吕四,太湖片-毗陵小片,,,豪,K,篙,ɔ,,
QD01,启东吕四,太湖片-毗陵小片,,,豪,K,羔,ɔ,,
QD01,启东吕四,太湖片-毗陵小片,,,豪,K,糕,ɔ,,
QD01,启东吕四,太湖片-毗陵小片,,,豪,K,稿,ɔ,,
QD01,启东吕四,太湖片-毗陵小片,,,豪,K,告,ɔ,,
QD01,启东吕四,太湖片-毗陵小片,,,豪,K,膏,ɔ,,
QD01,启东吕四,太湖片-毗陵小片,,,豪,K,考,ɔ,,
QD01,启东吕四,太湖片-毗陵小片,,,豪,K,烤,ɔ,,
QD01,启东吕四,太湖片-毗陵小片,,,豪,K,拷,,,
QD01,启东吕四,太湖片-毗陵小片,,,豪,K,靠,ɔ,,
QD01,启东吕四,太湖片-毗陵小片,,,豪,K,犒,ɔ,,
QD01,启东吕四,太湖片-毗陵小片,,,豪,K,铐,,,
QD01,启东吕四,太湖片-毗陵小片,,,豪,K,㸆,,,
QD01,启东吕四,太湖片-毗陵小片,,,豪,K,熬,ɔ,,
QD01,启东吕四,太湖片-毗陵小片,,,豪,K,敖,,,
QD01,启东吕四,太湖片-毗陵小片,,,豪,K,鳌,ɔ,,
QD01,启东吕四,太湖片-毗陵小片,,,豪,K,傲,ɔ,,
QD01,启东吕四,太湖片-毗陵小片,,,豪,K,鏊,,,
QD01,启东吕四,太湖片-毗陵小片,,,豪,Ø,蒿,ɔ,,
QD01,启东吕四,太湖片-毗陵小片,,,豪,Ø,薅,ɔ,,
QD01,启东吕四,太湖片-毗陵小片,,,豪,Ø,好,ɔ,,
QD01,启东吕四,太湖片-毗陵小片,,,豪,Ø,好,ɔ,,
QD01,启东吕四,太湖片-毗陵小片,,,豪,Ø,耗,ɔ,白读,
QD01,启东吕四,太湖片-毗陵小片,,,豪,Ø,豪,ɔ,,
QD01,启东吕四,太湖片-毗陵小片,,,豪,Ø,壕,ɔ,,
QD01,启东吕四,太湖片-毗陵小片,,,豪,Ø,毫,ɔ,,
QD01,启东吕四,太湖片-毗陵小片,,,豪,Ø,号,ɔ,,
QD01,启东吕四,太湖片-毗陵小片,,,豪,Ø,蠔,,,
QD01,启东吕四,太湖片-毗陵小片,,,豪,Ø,浩,ɔ,,
QD01,启东吕四,太湖片-毗陵小片,,,豪,Ø,号,ɔ,,
QD01,启东吕四,太湖片-毗陵小片,,,豪,Ø,爊,,,
QD01,启东吕四,太湖片-毗陵小片,,,豪,Ø,袄,ɔ,,
QD01,启东吕四,太湖片-毗陵小片,,,豪,Ø,懊,ɔ,,
QD01,启东吕四,太湖片-毗陵小片,,,豪,Ø,奥,ɔ,,
QD01,启东吕四,太湖片-毗陵小片,,,豪,Ø,懊,ɔ,,
QD01,启东吕四,太湖片-毗陵小片,,,豪,Ø,澳,,,
QD01,启东吕四,太湖片-毗陵小片,,,侯,P,剖,ɤ,,
QD01,启东吕四,太湖片-毗陵小片,,,侯,M,某,ei,,
QD01,启东吕四,太湖片-毗陵小片,,,侯,M,亩,ei,,
QD01,启东吕四,太湖片-毗陵小片,,,侯,M,牡,ei,,
QD01,启东吕四,太湖片-毗陵小片,,,侯,M,母,ɤ,,
QD01,启东吕四,太湖片-毗陵小片,,,侯,M,拇,,,
QD01,启东吕四,太湖片-毗陵小片,,,侯,M,戊,,,
QD01,启东吕四,太湖片-毗陵小片,,,侯,M,茂,ei,,
QD01,启东吕四,太湖片-毗陵小片,,,侯,M,贸,ei,,
QD01,启东吕四,太湖片-毗陵小片,,,侯,T,兜,ei,,
QD01,启东吕四,太湖片-毗陵小片,,,侯,T,斗,ei,,
QD01,启东吕四,太湖片-毗陵小片,,,侯,T,抖,ei,,
QD01,启东吕四,太湖片-毗陵小片,,,侯,T,陡,ei,,
QD01,启东吕四,太湖片-毗陵小片,,,侯,T,蚪,,,
QD01,启东吕四,太湖片-毗陵小片,,,侯,T,斗,ei,,
QD01,启东吕四,太湖片-毗陵小片,,,侯,T,偷,ei,,
QD01,启东吕四,太湖片-毗陵小片,,,侯,T,敨,ei,,
QD01,启东吕四,太湖片-毗陵小片,,,侯,T,透,ei,,
QD01,启东吕四,太湖片-毗陵小片,,,侯,T,头,ei,,
QD01,启东吕四,太湖片-毗陵小片,,,侯,T,投,ei,,
QD01,启东吕四,太湖片-毗陵小片,,,侯,T,骰,,,
QD01,启东吕四,太湖片-毗陵小片,,,侯,T,豆,ei,,
QD01,启东吕四,太湖片-毗陵小片,,,侯,T,逗,ei,,
QD01,启东吕四,太湖片-毗陵小片,,,侯,T,痘,ei,,
QD01,启东吕四,太湖片-毗陵小片,,,侯,T,脰,,,
QD01,启东吕四,太湖片-毗陵小片,,,侯,L,楼,ei,,
QD01,启东吕四,太湖片-毗陵小片,,,侯,L,搂,,,
QD01,启东吕四,太湖片-毗陵小片,,,侯,L,耧,,,
QD01,启东吕四,太湖片-毗陵小片,,,侯,L,娄,,,
QD01,启东吕四,太湖片-毗陵小片,,,侯,L,搂,,,
QD01,启东吕四,太湖片-毗陵小片,,,侯,L,篓,ei,,
QD01,启东吕四,太湖片-毗陵小片,,,侯,L,溇,,,
QD01,启东吕四,太湖片-毗陵小片,,,侯,L,漏,ei,,
QD01,启东吕四,太湖片-毗陵小片,,,侯,L,陋,ei,,
QD01,启东吕四,太湖片-毗陵小片,,,侯,TS,走,ei,,
QD01,启东吕四,太湖片-毗陵小片,,,侯,TS,奏,ei,,
QD01,启东吕四,太湖片-毗陵小片,,,侯,TS,凑,ei,,
QD01,启东吕四,太湖片-毗陵小片,,,侯,TS,叟,,,
QD01,启东吕四,太湖片-毗陵小片,,,侯,TS,嗽,ei,,
QD01,启东吕四,太湖片-毗陵小片,,,侯,K,勾,ei,,
QD01,启东吕四,太湖片-毗陵小片,,,侯,K,钩,ei,,
QD01,启东吕四,太湖片-毗陵小片,,,侯,K,沟,ei,,
QD01,启东吕四,太湖片-毗陵小片,,,侯,K,狗,ei,,
QD01,启东吕四,太湖片-毗陵小片,,,侯,K,苟,ei,,
QD01,启东吕四,太湖片-毗陵小片,,,侯,K,垢,,,
QD01,启东吕四,太湖片-毗陵小片,,,侯,K,枸,,,
QD01,启东吕四,太湖片-毗陵小片,,,侯,K,彀,ei,,
QD01,启东吕四,太湖片-毗陵小片,,,侯,K,够,ei,,
QD01,启东吕四,太湖片-毗陵小片,,,侯,K,构,ei,,
QD01,启东吕四,太湖片-毗陵小片,,,侯,K,购,ei,,
QD01,启东吕四,太湖片-毗陵小片,,,侯,K,勾,ei,,
QD01,启东吕四,太湖片-毗陵小片,,,侯,K,抠,ei,,
QD01,启东吕四,太湖片-毗陵小片,,,侯,K,眍,ei,,
QD01,启东吕四,太湖片-毗陵小片,,,侯,K,口,ei,,
QD01,启东吕四,太湖片-毗陵小片,,,侯,K,叩,ei,,
QD01,启东吕四,太湖片-毗陵小片,,,侯,K,扣,ei,,
QD01,启东吕四,太湖片-毗陵小片,,,侯,K,寇,ei,,
QD01,启东吕四,太湖片-毗陵小片,,,侯,K,藕,ei,,
QD01,启东吕四,太湖片-毗陵小片,,,侯,K,偶,ei,,
QD01,启东吕四,太湖片-毗陵小片,,,侯,K,偶,ei,,
QD01,启东吕四,太湖片-毗陵小片,,,侯,Ø,吼,ei,,
QD01,启东吕四,太湖片-毗陵小片,,,侯,Ø,侯,ei,,
QD01,启东吕四,太湖片-毗陵小片,,,侯,Ø,喉,ei,,
QD01,启东吕四,太湖片-毗陵小片,,,侯,Ø,猴,ie,,
QD01,启东吕四,太湖片-毗陵小片,,,侯,Ø,瘊,,,
QD01,启东吕四,太湖片-毗陵小片,,,侯,Ø,後,ei,,
QD01,启东吕四,太湖片-毗陵小片,,,侯,Ø,厚,ei,,
QD01,启东吕四,太湖片-毗陵小片,,,侯,Ø,后,ei,,
QD01,启东吕四,太湖片-毗陵小片,,,侯,Ø,候,ei,,
QD01,启东吕四,太湖片-毗陵小片,,,侯,Ø,鲎,,,
QD01,启东吕四,太湖片-毗陵小片,,,侯,Ø,欧,ei,,
QD01,启东吕四,太湖片-毗陵小片,,,侯,Ø,瓯,ei,,
QD01,启东吕四,太湖片-毗陵小片,,,侯,Ø,区,,,
QD01,启东吕四,太湖片-毗陵小片,,,侯,Ø,鸥,ei,,
QD01,启东吕四,太湖片-毗陵小片,,,侯,Ø,呕,ei,,
QD01,启东吕四,太湖片-毗陵小片,,,侯,Ø,殴,,,
QD01,启东吕四,太湖片-毗陵小片,,,侯,Ø,沤,ei,,
QD01,启东吕四,太湖片-毗陵小片,,,侯,Ø,怄,,,
QD01,启东吕四,太湖片-毗陵小片,,,皆,P,拜,a,,
QD01,启东吕四,太湖片-毗陵小片,,,皆,P,排,a,,
QD01,启东吕四,太湖片-毗陵小片,,,皆,P,�,,,
QD01,启东吕四,太湖片-毗陵小片,,,皆,M,埋,a,,
QD01,启东吕四,太湖片-毗陵小片,,,皆,L,攋,,,
QD01,启东吕四,太湖片-毗陵小片,,,皆,TS*,䍉,,,
QD01,启东吕四,太湖片-毗陵小片,,,皆,TS*,箉,,,
QD01,启东吕四,太湖片-毗陵小片,,,皆,TS*,斋,a,,
QD01,启东吕四,太湖片-毗陵小片,,,皆,TS*,豺,ɛ,,
QD01,启东吕四,太湖片-毗陵小片,,,皆,K,皆,ia,白读,
QD01,启东吕四,太湖片-毗陵小片,,,皆,K,阶,ia,白读,
QD01,启东吕四,太湖片-毗陵小片,,,皆,K,稭,,,
QD01,启东吕四,太湖片-毗陵小片,,,皆,K,偕,,,
QD01,启东吕四,太湖片-毗陵小片,,,皆,K,介,ia,白读,
QD01,启东吕四,太湖片-毗陵小片,,,皆,K,界,ia,白读,
QD01,启东吕四,太湖片-毗陵小片,,,皆,K,芥,a,,
QD01,启东吕四,太湖片-毗陵小片,,,皆,K,尬,a,,
QD01,启东吕四,太湖片-毗陵小片,,,皆,K,疥,a,,
QD01,启东吕四,太湖片-毗陵小片,,,皆,K,届,a,白读,
QD01,启东吕四,太湖片-毗陵小片,,,皆,K,戒,a,白读,
QD01,启东吕四,太湖片-毗陵小片,,,皆,K,庎,,,
QD01,启东吕四,太湖片-毗陵小片,,,皆,K,揩,a,,
QD01,启东吕四,太湖片-毗陵小片,,,皆,K,楷,ɛ,,
QD01,启东吕四,太湖片-毗陵小片,,,皆,Ø,谐,,,
QD01,启东吕四,太湖片-毗陵小片,,,皆,Ø,骇,ɛ,,
QD01,启东吕四,太湖片-毗陵小片,,,皆,Ø,械,,,
QD01,启东吕四,太湖片-毗陵小片,,,皆,Ø,挨,,,
QD01,启东吕四,太湖片-毗陵小片,,,佳,P,摆,a,～渡,
QD01,启东吕四,太湖片-毗陵小片,,,佳,P,派,ɛ,,
QD01,启东吕四,太湖片-毗陵小片,,,佳,P,牌,a,,
QD01,启东吕四,太湖片-毗陵小片,,,佳,P,簰,a,海蜇～,
QD01,启东吕四,太湖片-毗陵小片,,,佳,P,罢,a,文牍,
QD01,启东吕四,太湖片-毗陵小片,,,佳,P,稗,a,,
QD01,启东吕四,太湖片-毗陵小片,,,佳,M,买,a,,
QD01,启东吕四,太湖片-毗陵小片,,,佳,M,卖,a,,
QD01,启东吕四,太湖片-毗陵小片,,,佳,N,奶,a,,
QD01,启东吕四,太湖片-毗陵小片,,,佳,TS*,债,a,,
QD01,启东吕四,太湖片-毗陵小片,,,佳,TS*,钗,yo,,
QD01,启东吕四,太湖片-毗陵小片,,,佳,TS*,差,a,,
QD01,启东吕四,太湖片-毗陵小片,,,佳,TS*,柴,a,,
QD01,启东吕四,太湖片-毗陵小片,,,佳,TS*,筛,a,,
QD01,启东吕四,太湖片-毗陵小片,,,佳,TS*,洒,,,
QD01,启东吕四,太湖片-毗陵小片,,,佳,TS*,晒,yo,,
QD01,启东吕四,太湖片-毗陵小片,,,佳,K,佳,ia,白读,
QD01,启东吕四,太湖片-毗陵小片,,,佳,K,街,a,,
QD01,启东吕四,太湖片-毗陵小片,,,佳,K,解,a,,
QD01,启东吕四,太湖片-毗陵小片,,,佳,K,懈,,,
QD01,启东吕四,太湖片-毗陵小片,,,佳,K,涯,ia,,
QD01,启东吕四,太湖片-毗陵小片,,,佳,K,崖,ia,,
QD01,启东吕四,太湖片-毗陵小片,,,佳,K,捱,a,,
QD01,启东吕四,太湖片-毗陵小片,,,佳,Ø,鞋,a,,
QD01,启东吕四,太湖片-毗陵小片,,,佳,Ø,解,a,,
QD01,启东吕四,太湖片-毗陵小片,,,佳,Ø,解,a,,
QD01,启东吕四,太湖片-毗陵小片,,,佳,Ø,蟹,a,,
QD01,启东吕四,太湖片-毗陵小片,,,佳,Ø,矮,a,,
QD01,启东吕四,太湖片-毗陵小片,,,佳,Ø,隘,ɛ,,