point_id,point_name,subbranch,lat,lon,韵,声组,汉字,读音,note,绍兴方言同音字汇
SX01,绍兴城区东头埭,太湖片-临绍小片,,,歌,T,多,o,,
SX01,绍兴城区东头埭,太湖片-临绍小片,,,歌,T,拖,a/o,白读/文读,
SX01,绍兴城区东头埭,太湖片-临绍小片,,,歌,T,他,a/o,文读/白读,
SX01,绍兴城区东头埭,太湖片-临绍小片,,,歌,T,驼,o,,
SX01,绍兴城区东头埭,太湖片-临绍小片,,,歌,T,驮,o,,
SX01,绍兴城区东头埭,太湖片-临绍小片,,,歌,T,陀,o,,
SX01,绍兴城区东头埭,太湖片-临绍小片,,,歌,T,鸵,o,,
SX01,绍兴城区东头埭,太湖片-临绍小片,,,歌,T,沱,,,
SX01,绍兴城区东头埭,太湖片-临绍小片,,,歌,T,舵,o,,
SX01,绍兴城区东头埭,太湖片-临绍小片,,,歌,T,大,a/o,文读/白读,
SX01,绍兴城区东头埭,太湖片-临绍小片,,,歌,T,驮,o,,
SX01,绍兴城区东头埭,太湖片-临绍小片,,,歌,N,挪,o,,
SX01,绍兴城区东头埭,太湖片-临绍小片,,,歌,N,哪,a,,
SX01,绍兴城区东头埭,太湖片-临绍小片,,,歌,N,那,a,,
SX01,绍兴城区东头埭,太湖片-临绍小片,,,歌,L,罗,o,,
SX01,绍兴城区东头埭,太湖片-临绍小片,,,歌,L,锣,o,,
SX01,绍兴城区东头埭,太湖片-临绍小片,,,歌,L,箩,o,,
SX01,绍兴城区东头埭,太湖片-临绍小片,,,歌,L,萝,o,,
SX01,绍兴城区东头埭,太湖片-临绍小片,,,歌,L,逻,o,,
SX01,绍兴城区东头埭,太湖片-临绍小片,,,歌,TS,左,ia/o,白读～手/文读,
SX01,绍兴城区东头埭,太湖片-临绍小片,,,歌,TS,佐,o,,
SX01,绍兴城区东头埭,太湖片-临绍小片,,,歌,TS,搓,o,,
SX01,绍兴城区东头埭,太湖片-临绍小片,,,歌,TS,娑,o,,
SX01,绍兴城区东头埭,太湖片-临绍小片,,,歌,K,歌,o,,
SX01,绍兴城区东头埭,太湖片-临绍小片,,,歌,K,哥,o,,
SX01,绍兴城区东头埭,太湖片-临绍小片,,,歌,K,柯,o,,
SX01,绍兴城区东头埭,太湖片-临绍小片,,,歌,K,个,o,,
SX01,绍兴城区东头埭,太湖片-临绍小片,,,歌,K,轲,o,,
SX01,绍兴城区东头埭,太湖片-临绍小片,,,歌,K,可,o,,
SX01,绍兴城区东头埭,太湖片-临绍小片,,,歌,K,蛾,o,,
SX01,绍兴城区东头埭,太湖片-临绍小片,,,歌,K,鹅,o,,
SX01,绍兴城区东头埭,太湖片-临绍小片,,,歌,K,俄,o,,
SX01,绍兴城区东头埭,太湖片-临绍小片,,,歌,K,娥,o,,
SX01,绍兴城区东头埭,太湖片-临绍小片,,,歌,K,我,o,,
SX01,绍兴城区东头埭,太湖片-临绍小片,,,歌,K,饿,o,,
SX01,绍兴城区东头埭,太湖片-临绍小片,,,歌,Ø,荷,u/o,～包蛋/薄～,
SX01,绍兴城区东头埭,太湖片-临绍小片,,,歌,Ø,河,o,,
SX01,绍兴城区东头埭,太湖片-临绍小片,,,歌,Ø,何,o,文读,
SX01,绍兴城区东头埭,太湖片-临绍小片,,,歌,Ø,荷,u/o,～包蛋/薄～,
SX01,绍兴城区东头埭,太湖片-临绍小片,,,歌,Ø,贺,o,,
SX01,绍兴城区东头埭,太湖片-临绍小片,,,歌,Ø,阿,o,～胶,
SX01,绍兴城区东头埭,太湖片-临绍小片,,,歌,Ø,屙,,,
SX01,绍兴城区东头埭,太湖片-临绍小片,,,戈,K,茄,a,,
SX01,绍兴城区东头埭,太湖片-临绍小片,,,戈,P,波,o,,
SX01,绍兴城区东头埭,太湖片-临绍小片,,,戈,P,菠,o,,
SX01,绍兴城区东头埭,太湖片-临绍小片,,,戈,P,跛,o,,
SX01,绍兴城区东头埭,太湖片-临绍小片,,,戈,P,簸,o,,
SX01,绍兴城区东头埭,太湖片-临绍小片,,,戈,P,簸,o,,
SX01,绍兴城区东头埭,太湖片-临绍小片,,,戈,P,播,o,,
SX01,绍兴城区东头埭,太湖片-临绍小片,,,戈,P,颇,o,,
SX01,绍兴城区东头埭,太湖片-临绍小片,,,戈,P,坡,o,,
SX01,绍兴城区东头埭,太湖片-临绍小片,,,戈,P,玻,o,,
SX01,绍兴城区东头埭,太湖片-临绍小片,,,戈,P,破,a/o,白读/文读,
SX01,绍兴城区东头埭,太湖片-临绍小片,,,戈,P,婆,o,,
SX01,绍兴城区东头埭,太湖片-临绍小片,,,戈,P,薄,o,,
SX01,绍兴城区东头埭,太湖片-临绍小片,,,戈,M,魔,o,,
SX01,绍兴城区东头埭,太湖片-临绍小片,,,戈,M,磨,o,,
SX01,绍兴城区东头埭,太湖片-临绍小片,,,戈,M,摩,o,,
SX01,绍兴城区东头埭,太湖片-临绍小片,,,戈,M,馍,o,,
SX01,绍兴城区东头埭,太湖片-临绍小片,,,戈,M,蘑,o,,
SX01,绍兴城区东头埭,太湖片-临绍小片,,,戈,M,磨,o,,
SX01,绍兴城区东头埭,太湖片-临绍小片,,,戈,T,朵,o,,
SX01,绍兴城区东头埭,太湖片-临绍小片,,,戈,T,躲,o,,
SX01,绍兴城区东头埭,太湖片-临绍小片,,,戈,T,剁,o,,
SX01,绍兴城区东头埭,太湖片-临绍小片,,,戈,T,妥,o,,
SX01,绍兴城区东头埭,太湖片-临绍小片,,,戈,T,椭,o,,
SX01,绍兴城区东头埭,太湖片-临绍小片,,,戈,T,唾,o,,
SX01,绍兴城区东头埭,太湖片-临绍小片,,,戈,T,砣,,,
SX01,绍兴城区东头埭,太湖片-临绍小片,,,戈,T,惰,o,,
SX01,绍兴城区东头埭,太湖片-临绍小片,,,戈,T,垛,,,
SX01,绍兴城区东头埭,太湖片-临绍小片,,,戈,T,堕,o,,
SX01,绍兴城区东头埭,太湖片-临绍小片,,,戈,N,挼,o,,
SX01,绍兴城区东头埭,太湖片-临绍小片,,,戈,N,糯,o,,
SX01,绍兴城区东头埭,太湖片-临绍小片,,,戈,N,懦,o,,
SX01,绍兴城区东头埭,太湖片-临绍小片,,,戈,L,骡,o,,
SX01,绍兴城区东头埭,太湖片-临绍小片,,,戈,L,螺,o,,
SX01,绍兴城区东头埭,太湖片-临绍小片,,,戈,L,脶,o,,
SX01,绍兴城区东头埭,太湖片-临绍小片,,,戈,L,啰,o,,
SX01,绍兴城区东头埭,太湖片-临绍小片,,,戈,L,裸,o,,
SX01,绍兴城区东头埭,太湖片-临绍小片,,,戈,L,瘰,,,
SX01,绍兴城区东头埭,太湖片-临绍小片,,,戈,L,摞,o,,
SX01,绍兴城区东头埭,太湖片-临绍小片,,,戈,TS,锉,o,,
SX01,绍兴城区东头埭,太湖片-临绍小片,,,戈,TS,莝,,,
SX01,绍兴城区东头埭,太湖片-临绍小片,,,戈,TS,矬,o,,
SX01,绍兴城区东头埭,太湖片-临绍小片,,,戈,TS,坐,o,,
SX01,绍兴城区东头埭,太湖片-临绍小片,,,戈,TS,座,o,,
SX01,绍兴城区东头埭,太湖片-临绍小片,,,戈,TS,蓑,o,,
SX01,绍兴城区东头埭,太湖片-临绍小片,,,戈,TS,梭,o,,
SX01,绍兴城区东头埭,太湖片-临绍小片,,,戈,TS,唆,o,,
SX01,绍兴城区东头埭,太湖片-临绍小片,,,戈,TS,莎,o,,
SX01,绍兴城区东头埭,太湖片-临绍小片,,,戈,TS,锁,o,,
SX01,绍兴城区东头埭,太湖片-临绍小片,,,戈,TS,琐,o,,
SX01,绍兴城区东头埭,太湖片-临绍小片,,,戈,TS,唢,o,,
SX01,绍兴城区东头埭,太湖片-临绍小片,,,戈,K,过,u,,
SX01,绍兴城区东头埭,太湖片-临绍小片,,,戈,K,锅,u,,
SX01,绍兴城区东头埭,太湖片-临绍小片,,,戈,K,戈,o,,
SX01,绍兴城区东头埭,太湖片-临绍小片,,,戈,K,果,u,,
SX01,绍兴城区东头埭,太湖片-临绍小片,,,戈,K,裹,u,,
SX01,绍兴城区东头埭,太湖片-临绍小片,,,戈,K,餜,u,,
SX01,绍兴城区东头埭,太湖片-临绍小片,,,戈,K,过,u,,
SX01,绍兴城区东头埭,太湖片-临绍小片,,,戈,K,科,o,,
SX01,绍兴城区东头埭,太湖片-临绍小片,,,戈,K,窠,o,,
SX01,绍兴城区东头埭,太湖片-临绍小片,,,戈,K,棵,o,,
SX01,绍兴城区东头埭,太湖片-临绍小片,,,戈,K,髁,,,
SX01,绍兴城区东头埭,太湖片-临绍小片,,,戈,K,蝌,o,,
SX01,绍兴城区东头埭,太湖片-临绍小片,,,戈,K,颗,o,,
SX01,绍兴城区东头埭,太湖片-临绍小片,,,戈,K,课,o,,
SX01,绍兴城区东头埭,太湖片-临绍小片,,,戈,K,讹,o,,
SX01,绍兴城区东头埭,太湖片-临绍小片,,,戈,K,卧,o,,
SX01,绍兴城区东头埭,太湖片-临绍小片,,,戈,Ø,火,u,,
SX01,绍兴城区东头埭,太湖片-临绍小片,,,戈,Ø,伙,u,,
SX01,绍兴城区东头埭,太湖片-临绍小片,,,戈,Ø,货,u,,
SX01,绍兴城区东头埭,太湖片-临绍小片,,,戈,Ø,和,u/o,,
SX01,绍兴城区东头埭,太湖片-临绍小片,,,戈,Ø,禾,o,,
SX01,绍兴城区东头埭,太湖片-临绍小片,,,戈,Ø,祸,o,,
SX01,绍兴城区东头埭,太湖片-临绍小片,,,戈,Ø,夥,,,
SX01,绍兴城区东头埭,太湖片-临绍小片,,,戈,Ø,和,u/o,,
SX01,绍兴城区东头埭,太湖片-临绍小片,,,戈,Ø,倭,o,,
SX01,绍兴城区东头埭,太湖片-临绍小片,,,戈,Ø,踒,,,
SX01,绍兴城区东头埭,太湖片-临绍小片,,,戈,Ø,窝,u,,
SX01,绍兴城区东头埭,太湖片-临绍小片,,,戈,Ø,涡,o,,
SX01,绍兴城区东头埭,太湖片-临绍小片,,,戈,Ø,莴,o,,
SX01,绍兴城区东头埭,太湖片-临绍小片,,,戈,Ø,涴,,,
SX01,绍兴城区东头埭,太湖片-临绍小片,,,戈,Ø,瘸,o,,
SX01,绍兴城区东头埭,太湖片-临绍小片,,,戈,Ø,靴,y,,
SX01,绍兴城区东头埭,太湖片-临绍小片,,,戈,Ø,�,,,
SX01,绍兴城区东头埭,太湖片-临绍小片,,,麻,P,巴,o,,
SX01,绍兴城区东头埭,太湖片-临绍小片,,,麻,P,芭,o,,
SX01,绍兴城区东头埭,太湖片-临绍小片,,,麻,P,疤,o,,
SX01,绍兴城区东头埭,太湖片-临绍小片,,,麻,P,笆,o,,
SX01,绍兴城区东头埭,太湖片-临绍小片,,,麻,P,吧,,,
SX01,绍兴城区东头埭,太湖片-临绍小片,,,麻,P,把,o,,
SX01,绍兴城区东头埭,太湖片-临绍小片,,,麻,P,靶,o,,
SX01,绍兴城区东头埭,太湖片-临绍小片,,,麻,P,霸,o,,
SX01,绍兴城区东头埭,太湖片-临绍小片,,,麻,P,欛,,,
SX01,绍兴城区东头埭,太湖片-临绍小片,,,麻,P,壩,,,
SX01,绍兴城区东头埭,太湖片-临绍小片,,,麻,P,坝,o,,
SX01,绍兴城区东头埭,太湖片-临绍小片,,,麻,P,爸,a,,
SX01,绍兴城区东头埭,太湖片-临绍小片,,,麻,P,怕,o,,
SX01,绍兴城区东头埭,太湖片-临绍小片,,,麻,P,帕,o,,
SX01,绍兴城区东头埭,太湖片-临绍小片,,,麻,P,爬,o,,
SX01,绍兴城区东头埭,太湖片-临绍小片,,,麻,P,琶,o,,
SX01,绍兴城区东头埭,太湖片-临绍小片,,,麻,P,杷,o,,
SX01,绍兴城区东头埭,太湖片-临绍小片,,,麻,P,钯,,,
SX01,绍兴城区东头埭,太湖片-临绍小片,,,麻,P,耙,o,,
SX01,绍兴城区东头埭,太湖片-临绍小片,,,麻,M,麻,o,,
SX01,绍兴城区东头埭,太湖片-临绍小片,,,麻,M,痲,,,
SX01,绍兴城区东头埭,太湖片-临绍小片,,,麻,M,蟆,o,,
SX01,绍兴城区东头埭,太湖片-临绍小片,,,麻,M,妈,a/o,文读/白读,
SX01,绍兴城区东头埭,太湖片-临绍小片,,,麻,M,马,a/o,～虎,
SX01,绍兴城区东头埭,太湖片-临绍小片,,,麻,M,码,o,,
SX01,绍兴城区东头埭,太湖片-临绍小片,,,麻,M,玛,o,,
SX01,绍兴城区东头埭,太湖片-临绍小片,,,麻,M,蚂,o,,
SX01,绍兴城区东头埭,太湖片-临绍小片,,,麻,M,骂,o,,
SX01,绍兴城区东头埭,太湖片-临绍小片,,,麻,N,拿,a/o,文读/白读,
SX01,绍兴城区东头埭,太湖片-临绍小片,,,麻,TS,茶,o,,
SX01,绍兴城区东头埭,太湖片-临绍小片,,,麻,TS,搽,o,,
SX01,绍兴城区东头埭,太湖片-临绍小片,,,麻,TS,䖳,,,
SX01,绍兴城区东头埭,太湖片-临绍小片,,,麻,TS*,楂,,,
SX01,绍兴城区东头埭,太湖片-临绍小片,,,麻,TS*,渣,o,,
SX01,绍兴城区东头埭,太湖片-临绍小片,,,麻,TS*,诈,o,,
SX01,绍兴城区东头埭,太湖片-临绍小片,,,麻,TS*,榨,o,,
SX01,绍兴城区东头埭,太湖片-临绍小片,,,麻,TS*,炸,o,,
SX01,绍兴城区东头埭,太湖片-临绍小片,,,麻,TS*,叉,o,,
SX01,绍兴城区东头埭,太湖片-临绍小片,,,麻,TS*,杈,o,,
SX01,绍兴城区东头埭,太湖片-临绍小片,,,麻,TS*,差,a/o,～遣/～勿多,
SX01,绍兴城区东头埭,太湖片-临绍小片,,,麻,TS*,岔,,,
SX01,绍兴城区东头埭,太湖片-临绍小片,,,麻,TS*,差,a/o,～遣/～勿多,
SX01,绍兴城区东头埭,太湖片-临绍小片,,,麻,TS*,茬,,,
SX01,绍兴城区东头埭,太湖片-临绍小片,,,麻,TS*,查,o,,
SX01,绍兴城区东头埭,太湖片-临绍小片,,,麻,TS*,乍,o,,
SX01,绍兴城区东头埭,太湖片-临绍小片,,,麻,TS*,沙,o,,
SX01,绍兴城区东头埭,太湖片-临绍小片,,,麻,TS*,纱,o,,
SX01,绍兴城区东头埭,太湖片-临绍小片,,,麻,TS*,痧,o,,
SX01,绍兴城区东头埭,太湖片-临绍小片,,,麻,TS*,砂,o,,
SX01,绍兴城区东头埭,太湖片-临绍小片,,,麻,TS*,鲨,o,,
SX01,绍兴城区东头埭,太湖片-临绍小片,,,麻,TS*,裟,,,
SX01,绍兴城区东头埭,太湖片-临绍小片,,,麻,TS*,洒,a,,
SX01,绍兴城区东头埭,太湖片-临绍小片,,,麻,TS*,厦,,,
SX01,绍兴城区东头埭,太湖片-临绍小片,,,麻,K,家,o,,
SX01,绍兴城区东头埭,太湖片-临绍小片,,,麻,K,傢,,,
SX01,绍兴城区东头埭,太湖片-临绍小片,,,麻,K,加,o,,
SX01,绍兴城区东头埭,太湖片-临绍小片,,,麻,K,痂,,,
SX01,绍兴城区东头埭,太湖片-临绍小片,,,麻,K,嘉,o,,
SX01,绍兴城区东头埭,太湖片-临绍小片,,,麻,K,枷,,,
SX01,绍兴城区东头埭,太湖片-临绍小片,,,麻,K,袈,,,
SX01,绍兴城区东头埭,太湖片-临绍小片,,,麻,K,假,o,,
SX01,绍兴城区东头埭,太湖片-临绍小片,,,麻,K,贾,o,,
SX01,绍兴城区东头埭,太湖片-临绍小片,,,麻,K,假,o,,
SX01,绍兴城区东头埭,太湖片-临绍小片,,,麻,K,架,o,,
SX01,绍兴城区东头埭,太湖片-临绍小片,,,麻,K,驾,o,,
SX01,绍兴城区东头埭,太湖片-临绍小片,,,麻,K,嫁,o,,
SX01,绍兴城区东头埭,太湖片-临绍小片,,,麻,K,稼,o,,
SX01,绍兴城区东头埭,太湖片-临绍小片,,,麻,K,价,o,,
SX01,绍兴城区东头埭,太湖片-临绍小片,,,麻,K,揢,,,
SX01,绍兴城区东头埭,太湖片-临绍小片,,,麻,K,牙,o,,
SX01,绍兴城区东头埭,太湖片-临绍小片,,,麻,K,芽,o,,
SX01,绍兴城区东头埭,太湖片-临绍小片,,,麻,K,衙,o,,
SX01,绍兴城区东头埭,太湖片-临绍小片,,,麻,K,伢,,,
SX01,绍兴城区东头埭,太湖片-临绍小片,,,麻,K,蚜,o,,
SX01,绍兴城区东头埭,太湖片-临绍小片,,,麻,K,雅,o,,
SX01,绍兴城区东头埭,太湖片-临绍小片,,,麻,K,砑,a,,
SX01,绍兴城区东头埭,太湖片-临绍小片,,,麻,Ø,虾,o,,
SX01,绍兴城区东头埭,太湖片-临绍小片,,,麻,Ø,�,,,
SX01,绍兴城区东头埭,太湖片-临绍小片,,,麻,Ø,嚇,,,
SX01,绍兴城区东头埭,太湖片-临绍小片,,,麻,Ø,霞,o,,
SX01,绍兴城区东头埭,太湖片-临绍小片,,,麻,Ø,瑕,io,,
SX01,绍兴城区东头埭,太湖片-临绍小片,,,麻,Ø,遐,io,,
SX01,绍兴城区东头埭,太湖片-临绍小片,,,麻,Ø,蝦,o,,
SX01,绍兴城区东头埭,太湖片-临绍小片,,,麻,Ø,下,o,,
SX01,绍兴城区东头埭,太湖片-临绍小片,,,麻,Ø,夏,o,,
SX01,绍兴城区东头埭,太湖片-临绍小片,,,麻,Ø,厦,o,,
SX01,绍兴城区东头埭,太湖片-临绍小片,,,麻,Ø,下,o,,
SX01,绍兴城区东头埭,太湖片-临绍小片,,,麻,Ø,夏,o,,
SX01,绍兴城区东头埭,太湖片-临绍小片,,,麻,Ø,暇,io,,
SX01,绍兴城区东头埭,太湖片-临绍小片,,,麻,Ø,鸦,o,,
SX01,绍兴城区东头埭,太湖片-临绍小片,,,麻,Ø,丫,o,,
SX01,绍兴城区东头埭,太湖片-临绍小片,,,麻,Ø,桠,o,,
SX01,绍兴城区东头埭,太湖片-临绍小片,,,麻,Ø,哑,o,,
SX01,绍兴城区东头埭,太湖片-临绍小片,,,麻,Ø,亚,o,,
SX01,绍兴城区东头埭,太湖片-临绍小片,,,模,P,补,u,,
SX01,绍兴城区东头埭,太湖片-临绍小片,,,模,P,谱,u,,
SX01,绍兴城区东头埭,太湖片-临绍小片,,,模,P,哺,u,,
SX01,绍兴城区东头埭,太湖片-临绍小片,,,模,P,布,u,,
SX01,绍兴城区东头埭,太湖片-临绍小片,,,模,P,佈,u,,
SX01,绍兴城区东头埭,太湖片-临绍小片,,,模,P,铺,u,,
SX01,绍兴城区东头埭,太湖片-临绍小片,,,模,P,潽,u,,
SX01,绍兴城区东头埭,太湖片-临绍小片,,,模,P,普,u,,
SX01,绍兴城区东头埭,太湖片-临绍小片,,,模,P,浦,u,,
SX01,绍兴城区东头埭,太湖片-临绍小片,,,模,P,铺,u,,
SX01,绍兴城区东头埭,太湖片-临绍小片,,,模,P,怖,u,,
SX01,绍兴城区东头埭,太湖片-临绍小片,,,模,P,蒲,u,,
SX01,绍兴城区东头埭,太湖片-临绍小片,,,模,P,菩,u,,
SX01,绍兴城区东头埭,太湖片-临绍小片,,,模,P,脯,u,,
SX01,绍兴城区东头埭,太湖片-临绍小片,,,模,P,葡,u,,
SX01,绍兴城区东头埭,太湖片-临绍小片,,,模,P,莆,,,
SX01,绍兴城区东头埭,太湖片-临绍小片,,,模,P,部,u,,
SX01,绍兴城区东头埭,太湖片-临绍小片,,,模,P,簿,u,,
SX01,绍兴城区东头埭,太湖片-临绍小片,,,模,P,篰,u,,
SX01,绍兴城区东头埭,太湖片-临绍小片,,,模,P,步,u,,
SX01,绍兴城区东头埭,太湖片-临绍小片,,,模,P,捕,u,,
SX01,绍兴城区东头埭,太湖片-临绍小片,,,模,P,埠,u,,
SX01,绍兴城区东头埭,太湖片-临绍小片,,,模,M,模,u/o,/～范,
SX01,绍兴城区东头埭,太湖片-临绍小片,,,模,M,模,u/o,/～范,
SX01,绍兴城区东头埭,太湖片-临绍小片,,,模,M,摹,u,,
SX01,绍兴城区东头埭,太湖片-临绍小片,,,模,M,姥, ɒ,,
SX01,绍兴城区东头埭,太湖片-临绍小片,,,模,M,暮,u/o,新/旧,
SX01,绍兴城区东头埭,太湖片-临绍小片,,,模,M,慕,u/o,新/旧,
SX01,绍兴城区东头埭,太湖片-临绍小片,,,模,M,墓,u/o,新/旧,
SX01,绍兴城区东头埭,太湖片-临绍小片,,,模,M,募,u/o,新/旧,
SX01,绍兴城区东头埭,太湖片-临绍小片,,,模,M,睦,,,
SX01,绍兴城区东头埭,太湖片-临绍小片,,,模,T,都,u,,
SX01,绍兴城区东头埭,太湖片-临绍小片,,,模,T,都,u,,
SX01,绍兴城区东头埭,太湖片-临绍小片,,,模,T,赌,u,,
SX01,绍兴城区东头埭,太湖片-临绍小片,,,模,T,堵,u,,
SX01,绍兴城区东头埭,太湖片-临绍小片,,,模,T,肚,u,,
SX01,绍兴城区东头埭,太湖片-临绍小片,,,模,T,睹,u,,
SX01,绍兴城区东头埭,太湖片-临绍小片,,,模,T,妒,u,,
SX01,绍兴城区东头埭,太湖片-临绍小片,,,模,T,土,u,,
SX01,绍兴城区东头埭,太湖片-临绍小片,,,模,T,吐,u,,
SX01,绍兴城区东头埭,太湖片-临绍小片,,,模,T,吐,u,,
SX01,绍兴城区东头埭,太湖片-临绍小片,,,模,T,兔,u,,
SX01,绍兴城区东头埭,太湖片-临绍小片,,,模,T,徒,u,,
SX01,绍兴城区东头埭,太湖片-临绍小片,,,模,T,屠,u,,
SX01,绍兴城区东头埭,太湖片-临绍小片,,,模,T,途,u,,
SX01,绍兴城区东头埭,太湖片-临绍小片,,,模,T,涂,u,,
SX01,绍兴城区东头埭,太湖片-临绍小片,,,模,T,图,u,,
SX01,绍兴城区东头埭,太湖片-临绍小片,,,模,T,杜,u,,
SX01,绍兴城区东头埭,太湖片-临绍小片,,,模,T,肚,u,,
SX01,绍兴城区东头埭,太湖片-临绍小片,,,模,T,度,u,,
SX01,绍兴城区东头埭,太湖片-临绍小片,,,模,T,渡,u,,
SX01,绍兴城区东头埭,太湖片-临绍小片,,,模,T,镀,u,,
SX01,绍兴城区东头埭,太湖片-临绍小片,,,模,N,奴,u/o,新/旧,
SX01,绍兴城区东头埭,太湖片-临绍小片,,,模,N,努,u/o,新/旧,
SX01,绍兴城区东头埭,太湖片-临绍小片,,,模,N,怒,u/o,新/旧,
SX01,绍兴城区东头埭,太湖片-临绍小片,,,模,L,卢,u,,
SX01,绍兴城区东头埭,太湖片-临绍小片,,,模,L,炉,u,,
SX01,绍兴城区东头埭,太湖片-临绍小片,,,模,L,芦,u,,
SX01,绍兴城区东头埭,太湖片-临绍小片,,,模,L,鸬,u,,
SX01,绍兴城区东头埭,太湖片-临绍小片,,,模,L,颅,u,,
SX01,绍兴城区东头埭,太湖片-临绍小片,,,模,L,鲈,u,,
SX01,绍兴城区东头埭,太湖片-临绍小片,,,模,L,鲁,u,,
SX01,绍兴城区东头埭,太湖片-临绍小片,,,模,L,橹,u,,
SX01,绍兴城区东头埭,太湖片-临绍小片,,,模,L,虏,o,,
SX01,绍兴城区东头埭,太湖片-临绍小片,,,模,L,卤,u,,
SX01,绍兴城区东头埭,太湖片-临绍小片,,,模,L,路,u,,
SX01,绍兴城区东头埭,太湖片-临绍小片,,,模,L,赂,u,,
SX01,绍兴城区东头埭,太湖片-临绍小片,,,模,L,露,u,,
SX01,绍兴城区东头埭,太湖片-临绍小片,,,模,L,鹭,u,,
SX01,绍兴城区东头埭,太湖片-临绍小片,,,模,TS,租,u,,
SX01,绍兴城区东头埭,太湖片-临绍小片,,,模,TS,祖,u,,
SX01,绍兴城区东头埭,太湖片-临绍小片,,,模,TS,组,u,,
SX01,绍兴城区东头埭,太湖片-临绍小片,,,模,TS,做,o,,
SX01,绍兴城区东头埭,太湖片-临绍小片,,,模,TS,粗,u,,
SX01,绍兴城区东头埭,太湖片-临绍小片,,,模,TS,醋,u,,
SX01,绍兴城区东头埭,太湖片-临绍小片,,,模,TS,措,u/o,新/旧,
SX01,绍兴城区东头埭,太湖片-临绍小片,,,模,TS,错,o,～误,
SX01,绍兴城区东头埭,太湖片-临绍小片,,,模,TS,苏,u,,
SX01,绍兴城区东头埭,太湖片-临绍小片,,,模,TS,酥,u,,
SX01,绍兴城区东头埭,太湖片-临绍小片,,,模,TS,素,u,,
SX01,绍兴城区东头埭,太湖片-临绍小片,,,模,TS,诉,u,,
SX01,绍兴城区东头埭,太湖片-临绍小片,,,模,TS,塑,u,,
SX01,绍兴城区东头埭,太湖片-临绍小片,,,模,TS,嗉,u,,
SX01,绍兴城区东头埭,太湖片-临绍小片,,,模,K,姑,u,,
SX01,绍兴城区东头埭,太湖片-临绍小片,,,模,K,孤,u,,
SX01,绍兴城区东头埭,太湖片-临绍小片,,,模,K,箍,u,,
SX01,绍兴城区东头埭,太湖片-临绍小片,,,模,K,辜,u,,
SX01,绍兴城区东头埭,太湖片-临绍小片,,,模,K,菇,u,,
SX01,绍兴城区东头埭,太湖片-临绍小片,,,模,K,鸪,u,,
SX01,绍兴城区东头埭,太湖片-临绍小片,,,模,K,蛄,u,,
SX01,绍兴城区东头埭,太湖片-临绍小片,,,模,K,古,u,,
SX01,绍兴城区东头埭,太湖片-临绍小片,,,模,K,估,u,,
SX01,绍兴城区东头埭,太湖片-临绍小片,,,模,K,盬,,,
SX01,绍兴城区东头埭,太湖片-临绍小片,,,模,K,牯,u,,
SX01,绍兴城区东头埭,太湖片-临绍小片,,,模,K,股,u,,
SX01,绍兴城区东头埭,太湖片-临绍小片,,,模,K,鼓,u,,
SX01,绍兴城区东头埭,太湖片-临绍小片,,,模,K,蛊,u,,
SX01,绍兴城区东头埭,太湖片-临绍小片,,,模,K,故,u,,
SX01,绍兴城区东头埭,太湖片-临绍小片,,,模,K,固,u,,
SX01,绍兴城区东头埭,太湖片-临绍小片,,,模,K,锢,u,,
SX01,绍兴城区东头埭,太湖片-临绍小片,,,模,K,雇,u,,
SX01,绍兴城区东头埭,太湖片-临绍小片,,,模,K,顾,u,,
SX01,绍兴城区东头埭,太湖片-临绍小片,,,模,K,枯,u,,
SX01,绍兴城区东头埭,太湖片-临绍小片,,,模,K,苦,u,,
SX01,绍兴城区东头埭,太湖片-临绍小片,,,模,K,库,u,,
SX01,绍兴城区东头埭,太湖片-临绍小片,,,模,K,裤,u,,
SX01,绍兴城区东头埭,太湖片-临绍小片,,,模,K,吴,u,文读,
SX01,绍兴城区东头埭,太湖片-临绍小片,,,模,K,蜈,u,,
SX01,绍兴城区东头埭,太湖片-临绍小片,,,模,K,吾,u,,
SX01,绍兴城区东头埭,太湖片-临绍小片,,,模,K,梧,u,,
SX01,绍兴城区东头埭,太湖片-临绍小片,,,模,K,五,u,文读,
SX01,绍兴城区东头埭,太湖片-临绍小片,,,模,K,伍,u,,
SX01,绍兴城区东头埭,太湖片-临绍小片,,,模,K,午,u,文读,
SX01,绍兴城区东头埭,太湖片-临绍小片,,,模,K,忤,u,,
SX01,绍兴城区东头埭,太湖片-临绍小片,,,模,K,误,u,,
SX01,绍兴城区东头埭,太湖片-临绍小片,,,模,K,悟,u,,
SX01,绍兴城区东头埭,太湖片-临绍小片,,,模,Ø,呼,u,,
SX01,绍兴城区东头埭,太湖片-临绍小片,,,模,Ø,虎,u,,
SX01,绍兴城区东头埭,太湖片-临绍小片,,,模,Ø,浒,u,,
SX01,绍兴城区东头埭,太湖片-临绍小片,,,模,Ø,琥,u,,
SX01,绍兴城区东头埭,太湖片-临绍小片,,,模,Ø,戽,u,,
SX01,绍兴城区东头埭,太湖片-临绍小片,,,模,Ø,胡,u,,
SX01,绍兴城区东头埭,太湖片-临绍小片,,,模,Ø,湖,u,,
SX01,绍兴城区东头埭,太湖片-临绍小片,,,模,Ø,狐,u,,
SX01,绍兴城区东头埭,太湖片-临绍小片,,,模,Ø,壶,u,,
SX01,绍兴城区东头埭,太湖片-临绍小片,,,模,Ø,乎,u,,
SX01,绍兴城区东头埭,太湖片-临绍小片,,,模,Ø,瓠,u,,
SX01,绍兴城区东头埭,太湖片-临绍小片,,,模,Ø,鬍,u,,
SX01,绍兴城区东头埭,太湖片-临绍小片,,,模,Ø,糊,u,,
SX01,绍兴城区东头埭,太湖片-临绍小片,,,模,Ø,蝴,u,,
SX01,绍兴城区东头埭,太湖片-临绍小片,,,模,Ø,瑚,u,,
SX01,绍兴城区东头埭,太湖片-临绍小片,,,模,Ø,户,u,,
SX01,绍兴城区东头埭,太湖片-临绍小片,,,模,Ø,沪,u,,
SX01,绍兴城区东头埭,太湖片-临绍小片,,,模,Ø,互,u,,
SX01,绍兴城区东头埭,太湖片-临绍小片,,,模,Ø,护,u,,
SX01,绍兴城区东头埭,太湖片-临绍小片,,,模,Ø,瓠,u,,
SX01,绍兴城区东头埭,太湖片-临绍小片,,,模,Ø,糊,u,,
SX01,绍兴城区东头埭,太湖片-临绍小片,,,模,Ø,乌,u,,
SX01,绍兴城区东头埭,太湖片-临绍小片,,,模,Ø,污,u,,
SX01,绍兴城区东头埭,太湖片-临绍小片,,,模,Ø,坞,u,,
SX01,绍兴城区东头埭,太湖片-临绍小片,,,模,Ø,恶,u,,
SX01,绍兴城区东头埭,太湖片-临绍小片,,,豪,P,褒,ɤ/ ɒ,旧/新,
SX01,绍兴城区东头埭,太湖片-临绍小片,,,豪,P,保, ɒ,,
SX01,绍兴城区东头埭,太湖片-临绍小片,,,豪,P,堡, ɒ,,
SX01,绍兴城区东头埭,太湖片-临绍小片,,,豪,P,宝, ɒ,,
SX01,绍兴城区东头埭,太湖片-临绍小片,,,豪,P,报, ɒ,,
SX01,绍兴城区东头埭,太湖片-临绍小片,,,豪,P,袍, ɒ,,
SX01,绍兴城区东头埭,太湖片-临绍小片,,,豪,P,抱, ɒ,,
SX01,绍兴城区东头埭,太湖片-临绍小片,,,豪,P,暴, ɒ,,
SX01,绍兴城区东头埭,太湖片-临绍小片,,,豪,P,菢,,,
SX01,绍兴城区东头埭,太湖片-临绍小片,,,豪,M,毛, ɒ,,
SX01,绍兴城区东头埭,太湖片-临绍小片,,,豪,M,冒, ɒ,,
SX01,绍兴城区东头埭,太湖片-临绍小片,,,豪,M,帽, ɒ,,
SX01,绍兴城区东头埭,太湖片-临绍小片,,,豪,M,瑁,,,
SX01,绍兴城区东头埭,太湖片-临绍小片,,,豪,T,刀, ɒ,,
SX01,绍兴城区东头埭,太湖片-临绍小片,,,豪,T,叨, ɒ,,
SX01,绍兴城区东头埭,太湖片-临绍小片,,,豪,T,祷, ɒ,,
SX01,绍兴城区东头埭,太湖片-临绍小片,,,豪,T,岛, ɒ,,
SX01,绍兴城区东头埭,太湖片-临绍小片,,,豪,T,倒, ɒ,,
SX01,绍兴城区东头埭,太湖片-临绍小片,,,豪,T,捣, ɒ,,
SX01,绍兴城区东头埭,太湖片-临绍小片,,,豪,T,到, ɒ,,
SX01,绍兴城区东头埭,太湖片-临绍小片,,,豪,T,倒, ɒ,,
SX01,绍兴城区东头埭,太湖片-临绍小片,,,豪,T,滔, ɒ,,
SX01,绍兴城区东头埭,太湖片-临绍小片,,,豪,T,掏, ɒ,,
SX01,绍兴城区东头埭,太湖片-临绍小片,,,豪,T,讨, ɒ,,
SX01,绍兴城区东头埭,太湖片-临绍小片,,,豪,T,套, ɒ,,
SX01,绍兴城区东头埭,太湖片-临绍小片,,,豪,T,桃, ɒ,,
SX01,绍兴城区东头埭,太湖片-临绍小片,,,豪,T,逃, ɒ,,
SX01,绍兴城区东头埭,太湖片-临绍小片,,,豪,T,淘, ɒ,,
SX01,绍兴城区东头埭,太湖片-临绍小片,,,豪,T,陶, ɒ,,
SX01,绍兴城区东头埭,太湖片-临绍小片,,,豪,T,萄, ɒ,,
SX01,绍兴城区东头埭,太湖片-临绍小片,,,豪,T,涛, ɒ,,
SX01,绍兴城区东头埭,太湖片-临绍小片,,,豪,T,道, ɒ,,
SX01,绍兴城区东头埭,太湖片-临绍小片,,,豪,T,稻, ɒ,,
SX01,绍兴城区东头埭,太湖片-临绍小片,,,豪,T,盗, ɒ,,
SX01,绍兴城区东头埭,太湖片-临绍小片,,,豪,T,导, ɒ,,
SX01,绍兴城区东头埭,太湖片-临绍小片,,,豪,T,蹈, ɒ,,
SX01,绍兴城区东头埭,太湖片-临绍小片,,,豪,N,脑, ɒ,,
SX01,绍兴城区东头埭,太湖片-临绍小片,,,豪,N,恼, ɒ,,
SX01,绍兴城区东头埭,太湖片-临绍小片,,,豪,L,劳, ɒ,,
SX01,绍兴城区东头埭,太湖片-临绍小片,,,豪,L,捞, ɒ,,
SX01,绍兴城区东头埭,太湖片-临绍小片,,,豪,L,唠, ɒ,,
SX01,绍兴城区东头埭,太湖片-临绍小片,,,豪,L,牢, ɒ,,
SX01,绍兴城区东头埭,太湖片-临绍小片,,,豪,L,痨, ɒ,,
SX01,绍兴城区东头埭,太湖片-临绍小片,,,豪,L,老, ɒ,,
SX01,绍兴城区东头埭,太湖片-临绍小片,,,豪,L,佬, ,,
SX01,绍兴城区东头埭,太湖片-临绍小片,,,豪,L,涝, ɒ,,
SX01,绍兴城区东头埭,太湖片-临绍小片,,,豪,TS,遭, ɒ/a,/～眼,
SX01,绍兴城区东头埭,太湖片-临绍小片,,,豪,TS,糟, ɒ,,
SX01,绍兴城区东头埭,太湖片-临绍小片,,,豪,TS,早, ɒ,,
SX01,绍兴城区东头埭,太湖片-临绍小片,,,豪,TS,枣, ɒ,,
SX01,绍兴城区东头埭,太湖片-临绍小片,,,豪,TS,蚤, ɒ,,
SX01,绍兴城区东头埭,太湖片-临绍小片,,,豪,TS,澡, ɒ,,
SX01,绍兴城区东头埭,太湖片-临绍小片,,,豪,TS,藻, ɒ,,
SX01,绍兴城区东头埭,太湖片-临绍小片,,,豪,TS,躁, ɒ,,
SX01,绍兴城区东头埭,太湖片-临绍小片,,,豪,TS,灶, ɒ/a,/又读,
SX01,绍兴城区东头埭,太湖片-临绍小片,,,豪,TS,操, ɒ,,
SX01,绍兴城区东头埭,太湖片-临绍小片,,,豪,TS,草, ɒ,,
SX01,绍兴城区东头埭,太湖片-临绍小片,,,豪,TS,騲,,,
SX01,绍兴城区东头埭,太湖片-临绍小片,,,豪,TS,糙, ɒ,,
SX01,绍兴城区东头埭,太湖片-临绍小片,,,豪,TS,曹, ɒ,,
SX01,绍兴城区东头埭,太湖片-临绍小片,,,豪,TS,槽, ɒ/a,/鸡～,
SX01,绍兴城区东头埭,太湖片-临绍小片,,,豪,TS,皂, ɒ,,
SX01,绍兴城区东头埭,太湖片-临绍小片,,,豪,TS,造, ɒ,,
SX01,绍兴城区东头埭,太湖片-临绍小片,,,豪,TS,骚, ɒ,,
SX01,绍兴城区东头埭,太湖片-临绍小片,,,豪,TS,臊, ɒ,,
SX01,绍兴城区东头埭,太湖片-临绍小片,,,豪,TS,扫, ɒ,,
SX01,绍兴城区东头埭,太湖片-临绍小片,,,豪,TS,嫂, ɒ,,
SX01,绍兴城区东头埭,太湖片-临绍小片,,,豪,TS,扫, ɒ,,
SX01,绍兴城区东头埭,太湖片-临绍小片,,,豪,TS,燥, ɒ,,
SX01,绍兴城区东头埭,太湖片-临绍小片,,,豪,K,高, ɒ,,
SX01,绍兴城区东头埭,太湖片-临绍小片,,,豪,K,膏, ɒ,,
SX01,绍兴城区东头埭,太湖片-临绍小片,,,豪,K,篙, ɒ,,
SX01,绍兴城区东头埭,太湖片-临绍小片,,,豪,K,羔, ɒ,,
SX01,绍兴城区东头埭,太湖片-临绍小片,,,豪,K,糕, ɒ,,
SX01,绍兴城区东头埭,太湖片-临绍小片,,,豪,K,稿, ɒ,,
SX01,绍兴城区东头埭,太湖片-临绍小片,,,豪,K,告, ɒ/a,/～化子,
SX01,绍兴城区东头埭,太湖片-临绍小片,,,豪,K,膏, ɒ,,
SX01,绍兴城区东头埭,太湖片-临绍小片,,,豪,K,考, ɒ,,
SX01,绍兴城区东头埭,太湖片-临绍小片,,,豪,K,烤, ɒ,,
SX01,绍兴城区东头埭,太湖片-临绍小片,,,豪,K,拷, ɒ,,
SX01,绍兴城区东头埭,太湖片-临绍小片,,,豪,K,靠, ɒ,,
SX01,绍兴城区东头埭,太湖片-临绍小片,,,豪,K,犒, ɒ,,
SX01,绍兴城区东头埭,太湖片-临绍小片,,,豪,K,铐, ɒ,,
SX01,绍兴城区东头埭,太湖片-临绍小片,,,豪,K,㸆,,,
SX01,绍兴城区东头埭,太湖片-临绍小片,,,豪,K,熬, ɒ,,
SX01,绍兴城区东头埭,太湖片-临绍小片,,,豪,K,敖, ɒ,,
SX01,绍兴城区东头埭,太湖片-临绍小片,,,豪,K,鳌, ɒ,,
SX01,绍兴城区东头埭,太湖片-临绍小片,,,豪,K,傲, ɒ,,
SX01,绍兴城区东头埭,太湖片-临绍小片,,,豪,K,鏊, ɒ,,
SX01,绍兴城区东头埭,太湖片-临绍小片,,,豪,Ø,蒿, ɒ,,
SX01,绍兴城区东头埭,太湖片-临绍小片,,,豪,Ø,薅, ɒ,,
SX01,绍兴城区东头埭,太湖片-临绍小片,,,豪,Ø,好, ɒ,,
SX01,绍兴城区东头埭,太湖片-临绍小片,,,豪,Ø,好, ɒ,,
SX01,绍兴城区东头埭,太湖片-临绍小片,,,豪,Ø,耗, ɒ,,
SX01,绍兴城区东头埭,太湖片-临绍小片,,,豪,Ø,豪, ɒ,,
SX01,绍兴城区东头埭,太湖片-临绍小片,,,豪,Ø,壕, ɒ,,
SX01,绍兴城区东头埭,太湖片-临绍小片,,,豪,Ø,毫, ɒ,,
SX01,绍兴城区东头埭,太湖片-临绍小片,,,豪,Ø,号, ɒ,,
SX01,绍兴城区东头埭,太湖片-临绍小片,,,豪,Ø,蠔,,,
SX01,绍兴城区东头埭,太湖片-临绍小片,,,豪,Ø,浩, ɒ,,
SX01,绍兴城区东头埭,太湖片-临绍小片,,,豪,Ø,号, ɒ,,
SX01,绍兴城区东头埭,太湖片-临绍小片,,,豪,Ø,爊, ɒ,,
SX01,绍兴城区东头埭,太湖片-临绍小片,,,豪,Ø,袄, ɒ,,
SX01,绍兴城区东头埭,太湖片-临绍小片,,,豪,Ø,懊, ɒ,,
SX01,绍兴城区东头埭,太湖片-临绍小片,,,豪,Ø,奥, ɒ,,
SX01,绍兴城区东头埭,太湖片-临绍小片,,,豪,Ø,懊, ɒ,,
SX01,绍兴城区东头埭,太湖片-临绍小片,,,豪,Ø,澳, ɒ,,
SX01,绍兴城区东头埭,太湖片-临绍小片,,,侯,P,剖,ɤ/o,文读/白读,
SX01,绍兴城区东头埭,太湖片-临绍小片,,,侯,M,某,u/ɤ,,
SX01,绍兴城区东头埭,太湖片-临绍小片,,,侯,M,亩,ɤ,,
SX01,绍兴城区东头埭,太湖片-临绍小片,,,侯,M,牡,ɤ,,
SX01,绍兴城区东头埭,太湖片-临绍小片,,,侯,M,母,u,,
SX01,绍兴城区东头埭,太湖片-临绍小片,,,侯,M,拇,u,,
SX01,绍兴城区东头埭,太湖片-临绍小片,,,侯,M,戊,u,,
SX01,绍兴城区东头埭,太湖片-临绍小片,,,侯,M,茂,ɤ,,
SX01,绍兴城区东头埭,太湖片-临绍小片,,,侯,M,贸,ɤ,,
SX01,绍兴城区东头埭,太湖片-临绍小片,,,侯,T,兜,ɤ,,
SX01,绍兴城区东头埭,太湖片-临绍小片,,,侯,T,斗,ɤ,,
SX01,绍兴城区东头埭,太湖片-临绍小片,,,侯,T,抖,ɤ,,
SX01,绍兴城区东头埭,太湖片-临绍小片,,,侯,T,陡,ɤ,,
SX01,绍兴城区东头埭,太湖片-临绍小片,,,侯,T,蚪,ɤ,,
SX01,绍兴城区东头埭,太湖片-临绍小片,,,侯,T,斗,ɤ,,
SX01,绍兴城区东头埭,太湖片-临绍小片,,,侯,T,偷,ɤ,,
SX01,绍兴城区东头埭,太湖片-临绍小片,,,侯,T,敨,ɤ,,
SX01,绍兴城区东头埭,太湖片-临绍小片,,,侯,T,透,ɤ,,
SX01,绍兴城区东头埭,太湖片-临绍小片,,,侯,T,头,ɤ,,
SX01,绍兴城区东头埭,太湖片-临绍小片,,,侯,T,投,ɤ,,
SX01,绍兴城区东头埭,太湖片-临绍小片,,,侯,T,骰,ɤ,,
SX01,绍兴城区东头埭,太湖片-临绍小片,,,侯,T,豆,ɤ,,
SX01,绍兴城区东头埭,太湖片-临绍小片,,,侯,T,逗,ɤ,,
SX01,绍兴城区东头埭,太湖片-临绍小片,,,侯,T,痘,ɤ,,
SX01,绍兴城区东头埭,太湖片-临绍小片,,,侯,T,脰,,,
SX01,绍兴城区东头埭,太湖片-临绍小片,,,侯,L,楼,ɤ,,
SX01,绍兴城区东头埭,太湖片-临绍小片,,,侯,L,搂,,,
SX01,绍兴城区东头埭,太湖片-临绍小片,,,侯,L,耧,ɤ,,
SX01,绍兴城区东头埭,太湖片-临绍小片,,,侯,L,娄,ɤ,,
SX01,绍兴城区东头埭,太湖片-临绍小片,,,侯,L,搂,,,
SX01,绍兴城区东头埭,太湖片-临绍小片,,,侯,L,篓,ɤ,,
SX01,绍兴城区东头埭,太湖片-临绍小片,,,侯,L,溇,ɤ,,
SX01,绍兴城区东头埭,太湖片-临绍小片,,,侯,L,漏,ɤ,,
SX01,绍兴城区东头埭,太湖片-临绍小片,,,侯,L,陋,ɤ,,
SX01,绍兴城区东头埭,太湖片-临绍小片,,,侯,TS,走,ɤ,,
SX01,绍兴城区东头埭,太湖片-临绍小片,,,侯,TS,奏,ɤ,,
SX01,绍兴城区东头埭,太湖片-临绍小片,,,侯,TS,凑,ɤ,,
SX01,绍兴城区东头埭,太湖片-临绍小片,,,侯,TS,叟,ɤ,,
SX01,绍兴城区东头埭,太湖片-临绍小片,,,侯,TS,嗽,ɤ,,
SX01,绍兴城区东头埭,太湖片-临绍小片,,,侯,K,勾,ɤ,,
SX01,绍兴城区东头埭,太湖片-临绍小片,,,侯,K,钩,ɤ,,
SX01,绍兴城区东头埭,太湖片-临绍小片,,,侯,K,沟,ɤ,,
SX01,绍兴城区东头埭,太湖片-临绍小片,,,侯,K,狗,ɤ,,
SX01,绍兴城区东头埭,太湖片-临绍小片,,,侯,K,苟,ɤ,,
SX01,绍兴城区东头埭,太湖片-临绍小片,,,侯,K,垢,ɤ,,
SX01,绍兴城区东头埭,太湖片-临绍小片,,,侯,K,枸,ɤ,,
SX01,绍兴城区东头埭,太湖片-临绍小片,,,侯,K,彀,,,
SX01,绍兴城区东头埭,太湖片-临绍小片,,,侯,K,够,ɤ,,
SX01,绍兴城区东头埭,太湖片-临绍小片,,,侯,K,构,ɤ,,
SX01,绍兴城区东头埭,太湖片-临绍小片,,,侯,K,购,ɤ,,
SX01,绍兴城区东头埭,太湖片-临绍小片,,,侯,K,勾,ɤ,,
SX01,绍兴城区东头埭,太湖片-临绍小片,,,侯,K,抠,,,
SX01,绍兴城区东头埭,太湖片-临绍小片,,,侯,K,眍,ɤ,,
SX01,绍兴城区东头埭,太湖片-临绍小片,,,侯,K,口,ɤ,,
SX01,绍兴城区东头埭,太湖片-临绍小片,,,侯,K,叩,ɤ,,
SX01,绍兴城区东头埭,太湖片-临绍小片,,,侯,K,扣,ɤ,,
SX01,绍兴城区东头埭,太湖片-临绍小片,,,侯,K,寇,ɤ,,
SX01,绍兴城区东头埭,太湖片-临绍小片,,,侯,K,藕,ɤ,,
SX01,绍兴城区东头埭,太湖片-临绍小片,,,侯,K,偶,ɤ,,
SX01,绍兴城区东头埭,太湖片-临绍小片,,,侯,K,偶,ɤ,,
SX01,绍兴城区东头埭,太湖片-临绍小片,,,侯,Ø,吼,ɤ,,
SX01,绍兴城区东头埭,太湖片-临绍小片,,,侯,Ø,侯,ɤ,,
SX01,绍兴城区东头埭,太湖片-临绍小片,,,侯,Ø,喉,ɤ,,
SX01,绍兴城区东头埭,太湖片-临绍小片,,,侯,Ø,猴,ɤ,,
SX01,绍兴城区东头埭,太湖片-临绍小片,,,侯,Ø,瘊,,,
SX01,绍兴城区东头埭,太湖片-临绍小片,,,侯,Ø,後,ɤ,,
SX01,绍兴城区东头埭,太湖片-临绍小片,,,侯,Ø,厚,ɤ,,
SX01,绍兴城区东头埭,太湖片-临绍小片,,,侯,Ø,后,ɤ,,
SX01,绍兴城区东头埭,太湖片-临绍小片,,,侯,Ø,候,ɤ,,
SX01,绍兴城区东头埭,太湖片-临绍小片,,,侯,Ø,鲎,ɤ,,
SX01,绍兴城区东头埭,太湖片-临绍小片,,,侯,Ø,欧,ɤ,,
SX01,绍兴城区东头埭,太湖片-临绍小片,,,侯,Ø,瓯,ɤ,,
SX01,绍兴城区东头埭,太湖片-临绍小片,,,侯,Ø,区,ɤ,,
SX01,绍兴城区东头埭,太湖片-临绍小片,,,侯,Ø,鸥,ɤ,,
SX01,绍兴城区东头埭,太湖片-临绍小片,,,侯,Ø,呕,ɤ,,
SX01,绍兴城区东头埭,太湖片-临绍小片,,,侯,Ø,殴,ɤ,,
SX01,绍兴城区东头埭,太湖片-临绍小片,,,侯,Ø,沤,,,
SX01,绍兴城区东头埭,太湖片-临绍小片,,,侯,Ø,怄,ɤ,,
SX01,绍兴城区东头埭,太湖片-临绍小片,,,皆,P,拜,a,,
SX01,绍兴城区东头埭,太湖片-临绍小片,,,皆,P,排,a,,
SX01,绍兴城区东头埭,太湖片-临绍小片,,,皆,P,�,,,
SX01,绍兴城区东头埭,太湖片-临绍小片,,,皆,M,埋,a,,
SX01,绍兴城区东头埭,太湖片-临绍小片,,,皆,L,攋,a,,
SX01,绍兴城区东头埭,太湖片-临绍小片,,,皆,TS*,䍉,,,
SX01,绍兴城区东头埭,太湖片-临绍小片,,,皆,TS*,箉,,,
SX01,绍兴城区东头埭,太湖片-临绍小片,,,皆,TS*,斋,a,,
SX01,绍兴城区东头埭,太湖片-临绍小片,,,皆,TS*,豺,a,白读,
SX01,绍兴城区东头埭,太湖片-临绍小片,,,皆,K,皆,ia,,
SX01,绍兴城区东头埭,太湖片-临绍小片,,,皆,K,阶,a,白读,
SX01,绍兴城区东头埭,太湖片-临绍小片,,,皆,K,稭,,,
SX01,绍兴城区东头埭,太湖片-临绍小片,,,皆,K,偕,,,
SX01,绍兴城区东头埭,太湖片-临绍小片,,,皆,K,介,a,,
SX01,绍兴城区东头埭,太湖片-临绍小片,,,皆,K,界,a,,
SX01,绍兴城区东头埭,太湖片-临绍小片,,,皆,K,芥,a,,
SX01,绍兴城区东头埭,太湖片-临绍小片,,,皆,K,尬,a,,
SX01,绍兴城区东头埭,太湖片-临绍小片,,,皆,K,疥,a,,
SX01,绍兴城区东头埭,太湖片-临绍小片,,,皆,K,届,ia,,
SX01,绍兴城区东头埭,太湖片-临绍小片,,,皆,K,戒,a,,
SX01,绍兴城区东头埭,太湖片-临绍小片,,,皆,K,庎,a,,
SX01,绍兴城区东头埭,太湖片-临绍小片,,,皆,K,揩,a,,
SX01,绍兴城区东头埭,太湖片-临绍小片,,,皆,K,楷,a,,
SX01,绍兴城区东头埭,太湖片-临绍小片,,,皆,Ø,谐,iia,,
SX01,绍兴城区东头埭,太湖片-临绍小片,,,皆,Ø,骇,,,
SX01,绍兴城区东头埭,太湖片-临绍小片,,,皆,Ø,械,ia,,
SX01,绍兴城区东头埭,太湖片-临绍小片,,,皆,Ø,挨,a,,
SX01,绍兴城区东头埭,太湖片-临绍小片,,,佳,P,摆,a,,
SX01,绍兴城区东头埭,太湖片-临绍小片,,,佳,P,派,a,,
SX01,绍兴城区东头埭,太湖片-临绍小片,,,佳,P,牌,a,,
SX01,绍兴城区东头埭,太湖片-临绍小片,,,佳,P,簰,a,,
SX01,绍兴城区东头埭,太湖片-临绍小片,,,佳,P,罢,a/o,文读/白读,
SX01,绍兴城区东头埭,太湖片-临绍小片,,,佳,P,稗,o,,
SX01,绍兴城区东头埭,太湖片-临绍小片,,,佳,M,买,a,,
SX01,绍兴城区东头埭,太湖片-临绍小片,,,佳,M,卖,a,,
SX01,绍兴城区东头埭,太湖片-临绍小片,,,佳,N,奶,a,,
SX01,绍兴城区东头埭,太湖片-临绍小片,,,佳,TS*,债,a,,
SX01,绍兴城区东头埭,太湖片-临绍小片,,,佳,TS*,钗,o,白读,
SX01,绍兴城区东头埭,太湖片-临绍小片,,,佳,TS*,差,a/o,～遣/～勿多,
SX01,绍兴城区东头埭,太湖片-临绍小片,,,佳,TS*,柴,a,,
SX01,绍兴城区东头埭,太湖片-临绍小片,,,佳,TS*,筛,a,,
SX01,绍兴城区东头埭,太湖片-临绍小片,,,佳,TS*,洒,a,,
SX01,绍兴城区东头埭,太湖片-临绍小片,,,佳,TS*,晒,a,,
SX01,绍兴城区东头埭,太湖片-临绍小片,,,佳,K,佳,io,,
SX01,绍兴城区东头埭,太湖片-临绍小片,,,佳,K,街,a,,
SX01,绍兴城区东头埭,太湖片-临绍小片,,,佳,K,解,a,,
SX01,绍兴城区东头埭,太湖片-临绍小片,,,佳,K,懈,a,白读,
SX01,绍兴城区东头埭,太湖片-临绍小片,,,佳,K,涯,ia,,
SX01,绍兴城区东头埭,太湖片-临绍小片,,,佳,K,崖,ia,,
SX01,绍兴城区东头埭,太湖片-临绍小片,,,佳,K,捱,a,,
SX01,绍兴城区东头埭,太湖片-临绍小片,,,佳,Ø,鞋,a,,
SX01,绍兴城区东头埭,太湖片-临绍小片,,,佳,Ø,解,a,,
SX01,绍兴城区东头埭,太湖片-临绍小片,,,佳,Ø,解,a,,
SX01,绍兴城区东头埭,太湖片-临绍小片,,,佳,Ø,蟹,a,,
SX01,绍兴城区东头埭,太湖片-临绍小片,,,佳,Ø,矮,a,,
SX01,绍兴城区东头埭,太湖片-临绍小片,,,佳,Ø,隘,ieʔ,,