point_id,point_name,subbranch,lat,lon,韵,声组,汉字,读音,note,嵊州崇仁镇方言语音研究
SZ03,嵊州崇仁镇,太湖片-临绍小片,,,歌,T,多,ɤ,,
SZ03,嵊州崇仁镇,太湖片-临绍小片,,,歌,T,拖,a/ɤ,,
SZ03,嵊州崇仁镇,太湖片-临绍小片,,,歌,T,他,a/ɤ,,
SZ03,嵊州崇仁镇,太湖片-临绍小片,,,歌,T,驼,ɤ,,
SZ03,嵊州崇仁镇,太湖片-临绍小片,,,歌,T,驮,ɤ,,
SZ03,嵊州崇仁镇,太湖片-临绍小片,,,歌,T,陀,,,
SZ03,嵊州崇仁镇,太湖片-临绍小片,,,歌,T,鸵,,,
SZ03,嵊州崇仁镇,太湖片-临绍小片,,,歌,T,沱,,,
SZ03,嵊州崇仁镇,太湖片-临绍小片,,,歌,T,舵,ɤ,,
SZ03,嵊州崇仁镇,太湖片-临绍小片,,,歌,T,大,a/ɤ,文读,
SZ03,嵊州崇仁镇,太湖片-临绍小片,,,歌,T,驮,ɤ,,
SZ03,嵊州崇仁镇,太湖片-临绍小片,,,歌,N,挪,ɤ,,
SZ03,嵊州崇仁镇,太湖片-临绍小片,,,歌,N,哪,a,,
SZ03,嵊州崇仁镇,太湖片-临绍小片,,,歌,N,那,a,,
SZ03,嵊州崇仁镇,太湖片-临绍小片,,,歌,L,罗,ɤ,,
SZ03,嵊州崇仁镇,太湖片-临绍小片,,,歌,L,锣,ɤ,,
SZ03,嵊州崇仁镇,太湖片-临绍小片,,,歌,L,箩,ɤ,,
SZ03,嵊州崇仁镇,太湖片-临绍小片,,,歌,L,萝,ɤ,,
SZ03,嵊州崇仁镇,太湖片-临绍小片,,,歌,L,逻,,,
SZ03,嵊州崇仁镇,太湖片-临绍小片,,,歌,TS,左,ɤ,,
SZ03,嵊州崇仁镇,太湖片-临绍小片,,,歌,TS,佐,ɤ,,
SZ03,嵊州崇仁镇,太湖片-临绍小片,,,歌,TS,搓,ɤ,,
SZ03,嵊州崇仁镇,太湖片-临绍小片,,,歌,TS,娑,,,
SZ03,嵊州崇仁镇,太湖片-临绍小片,,,歌,K,歌,ɤ,,
SZ03,嵊州崇仁镇,太湖片-临绍小片,,,歌,K,哥,ɤ,,
SZ03,嵊州崇仁镇,太湖片-临绍小片,,,歌,K,柯,,,
SZ03,嵊州崇仁镇,太湖片-临绍小片,,,歌,K,个,a/ɤ,一～/～人,
SZ03,嵊州崇仁镇,太湖片-临绍小片,,,歌,K,轲,ɤ,,
SZ03,嵊州崇仁镇,太湖片-临绍小片,,,歌,K,可,ɤ,,
SZ03,嵊州崇仁镇,太湖片-临绍小片,,,歌,K,蛾,ɤ,,
SZ03,嵊州崇仁镇,太湖片-临绍小片,,,歌,K,鹅,ɤ,,
SZ03,嵊州崇仁镇,太湖片-临绍小片,,,歌,K,俄,ɤ,,
SZ03,嵊州崇仁镇,太湖片-临绍小片,,,歌,K,娥,,,
SZ03,嵊州崇仁镇,太湖片-临绍小片,,,歌,K,我,ɤ,,
SZ03,嵊州崇仁镇,太湖片-临绍小片,,,歌,K,饿,ɤ,,
SZ03,嵊州崇仁镇,太湖片-临绍小片,,,歌,Ø,荷,ɤ,,
SZ03,嵊州崇仁镇,太湖片-临绍小片,,,歌,Ø,河,ɤ,,
SZ03,嵊州崇仁镇,太湖片-临绍小片,,,歌,Ø,何,ɤ,,
SZ03,嵊州崇仁镇,太湖片-临绍小片,,,歌,Ø,荷,ɤ,,
SZ03,嵊州崇仁镇,太湖片-临绍小片,,,歌,Ø,贺,ɤ,,
SZ03,嵊州崇仁镇,太湖片-临绍小片,,,歌,Ø,阿,ɤ,,
SZ03,嵊州崇仁镇,太湖片-临绍小片,,,歌,Ø,屙,,,
SZ03,嵊州崇仁镇,太湖片-临绍小片,,,戈,K,茄,,,
SZ03,嵊州崇仁镇,太湖片-临绍小片,,,戈,P,波,ɤ,,
SZ03,嵊州崇仁镇,太湖片-临绍小片,,,戈,P,菠,ɤ,,
SZ03,嵊州崇仁镇,太湖片-临绍小片,,,戈,P,跛,ɤ,,
SZ03,嵊州崇仁镇,太湖片-临绍小片,,,戈,P,簸,ɤ,,
SZ03,嵊州崇仁镇,太湖片-临绍小片,,,戈,P,簸,ɤ,,
SZ03,嵊州崇仁镇,太湖片-临绍小片,,,戈,P,播,,,
SZ03,嵊州崇仁镇,太湖片-临绍小片,,,戈,P,颇,ɤ,,
SZ03,嵊州崇仁镇,太湖片-临绍小片,,,戈,P,坡,ɤ,,
SZ03,嵊州崇仁镇,太湖片-临绍小片,,,戈,P,玻,ɤ,,
SZ03,嵊州崇仁镇,太湖片-临绍小片,,,戈,P,破,ɤ,文读,
SZ03,嵊州崇仁镇,太湖片-临绍小片,,,戈,P,婆,ɤ,,
SZ03,嵊州崇仁镇,太湖片-临绍小片,,,戈,P,薄,ɤ,,
SZ03,嵊州崇仁镇,太湖片-临绍小片,,,戈,M,魔,ɤ,,
SZ03,嵊州崇仁镇,太湖片-临绍小片,,,戈,M,磨,ɤ,,
SZ03,嵊州崇仁镇,太湖片-临绍小片,,,戈,M,摩,ɤ,,
SZ03,嵊州崇仁镇,太湖片-临绍小片,,,戈,M,馍,ɤ,,
SZ03,嵊州崇仁镇,太湖片-临绍小片,,,戈,M,蘑,,,
SZ03,嵊州崇仁镇,太湖片-临绍小片,,,戈,M,磨,ɤ,,
SZ03,嵊州崇仁镇,太湖片-临绍小片,,,戈,T,朵,ɤ,,
SZ03,嵊州崇仁镇,太湖片-临绍小片,,,戈,T,躲,,,
SZ03,嵊州崇仁镇,太湖片-临绍小片,,,戈,T,剁,ɤ,,
SZ03,嵊州崇仁镇,太湖片-临绍小片,,,戈,T,妥,ɤ,,
SZ03,嵊州崇仁镇,太湖片-临绍小片,,,戈,T,椭,ɤ,,
SZ03,嵊州崇仁镇,太湖片-临绍小片,,,戈,T,唾,ɤ,,
SZ03,嵊州崇仁镇,太湖片-临绍小片,,,戈,T,砣,ɤ,,
SZ03,嵊州崇仁镇,太湖片-临绍小片,,,戈,T,惰,ɤ,,
SZ03,嵊州崇仁镇,太湖片-临绍小片,,,戈,T,垛,,,
SZ03,嵊州崇仁镇,太湖片-临绍小片,,,戈,T,堕,,,
SZ03,嵊州崇仁镇,太湖片-临绍小片,,,戈,N,挼,,,
SZ03,嵊州崇仁镇,太湖片-临绍小片,,,戈,N,糯,ɤ,,
SZ03,嵊州崇仁镇,太湖片-临绍小片,,,戈,N,懦,,,
SZ03,嵊州崇仁镇,太湖片-临绍小片,,,戈,L,骡,ɤ,,
SZ03,嵊州崇仁镇,太湖片-临绍小片,,,戈,L,螺,ɤ,,
SZ03,嵊州崇仁镇,太湖片-临绍小片,,,戈,L,脶,ɤ,,
SZ03,嵊州崇仁镇,太湖片-临绍小片,,,戈,L,啰,ɤ,,
SZ03,嵊州崇仁镇,太湖片-临绍小片,,,戈,L,裸,ɤ,,
SZ03,嵊州崇仁镇,太湖片-临绍小片,,,戈,L,瘰,ɤ,,
SZ03,嵊州崇仁镇,太湖片-临绍小片,,,戈,L,摞,ɤ,,
SZ03,嵊州崇仁镇,太湖片-临绍小片,,,戈,TS,锉,ɤ,,
SZ03,嵊州崇仁镇,太湖片-临绍小片,,,戈,TS,莝,ɤ,,
SZ03,嵊州崇仁镇,太湖片-临绍小片,,,戈,TS,矬,ɤ,,
SZ03,嵊州崇仁镇,太湖片-临绍小片,,,戈,TS,坐,ɤ,,
SZ03,嵊州崇仁镇,太湖片-临绍小片,,,戈,TS,座,ɤ,,
SZ03,嵊州崇仁镇,太湖片-临绍小片,,,戈,TS,蓑,,,
SZ03,嵊州崇仁镇,太湖片-临绍小片,,,戈,TS,梭,,,
SZ03,嵊州崇仁镇,太湖片-临绍小片,,,戈,TS,唆,,,
SZ03,嵊州崇仁镇,太湖片-临绍小片,,,戈,TS,莎,,,
SZ03,嵊州崇仁镇,太湖片-临绍小片,,,戈,TS,锁,,,
SZ03,嵊州崇仁镇,太湖片-临绍小片,,,戈,TS,琐,,,
SZ03,嵊州崇仁镇,太湖片-临绍小片,,,戈,TS,唢,,,
SZ03,嵊州崇仁镇,太湖片-临绍小片,,,戈,K,过,ɤ,,
SZ03,嵊州崇仁镇,太湖片-临绍小片,,,戈,K,锅,ɤ,,
SZ03,嵊州崇仁镇,太湖片-临绍小片,,,戈,K,戈,ɤ,,
SZ03,嵊州崇仁镇,太湖片-临绍小片,,,戈,K,果,ɤ,,
SZ03,嵊州崇仁镇,太湖片-临绍小片,,,戈,K,裹,ɤ,,
SZ03,嵊州崇仁镇,太湖片-临绍小片,,,戈,K,餜,,,
SZ03,嵊州崇仁镇,太湖片-临绍小片,,,戈,K,过,ɤ,,
SZ03,嵊州崇仁镇,太湖片-临绍小片,,,戈,K,科,ɤ,,
SZ03,嵊州崇仁镇,太湖片-临绍小片,,,戈,K,窠,ɤ,,
SZ03,嵊州崇仁镇,太湖片-临绍小片,,,戈,K,棵,ɤ,,
SZ03,嵊州崇仁镇,太湖片-临绍小片,,,戈,K,髁,,,
SZ03,嵊州崇仁镇,太湖片-临绍小片,,,戈,K,蝌,,,
SZ03,嵊州崇仁镇,太湖片-临绍小片,,,戈,K,颗,ɤ,,
SZ03,嵊州崇仁镇,太湖片-临绍小片,,,戈,K,课,ɤ,,
SZ03,嵊州崇仁镇,太湖片-临绍小片,,,戈,K,讹,ɤ,,
SZ03,嵊州崇仁镇,太湖片-临绍小片,,,戈,K,卧,ɤ,,
SZ03,嵊州崇仁镇,太湖片-临绍小片,,,戈,Ø,火,ɤ,,
SZ03,嵊州崇仁镇,太湖片-临绍小片,,,戈,Ø,伙,,,
SZ03,嵊州崇仁镇,太湖片-临绍小片,,,戈,Ø,货,ɤ,,
SZ03,嵊州崇仁镇,太湖片-临绍小片,,,戈,Ø,和,ɤ,,
SZ03,嵊州崇仁镇,太湖片-临绍小片,,,戈,Ø,禾,ɤ,,
SZ03,嵊州崇仁镇,太湖片-临绍小片,,,戈,Ø,祸,ɤ,,
SZ03,嵊州崇仁镇,太湖片-临绍小片,,,戈,Ø,夥,ɤ,,
SZ03,嵊州崇仁镇,太湖片-临绍小片,,,戈,Ø,和,ɤ,,
SZ03,嵊州崇仁镇,太湖片-临绍小片,,,戈,Ø,倭,ɤ,,
SZ03,嵊州崇仁镇,太湖片-临绍小片,,,戈,Ø,踒,,,
SZ03,嵊州崇仁镇,太湖片-临绍小片,,,戈,Ø,窝,ɤ,,
SZ03,嵊州崇仁镇,太湖片-临绍小片,,,戈,Ø,涡,,,
SZ03,嵊州崇仁镇,太湖片-临绍小片,,,戈,Ø,莴,,,
SZ03,嵊州崇仁镇,太湖片-临绍小片,,,戈,Ø,涴,ɤ,,
SZ03,嵊州崇仁镇,太湖片-临绍小片,,,戈,Ø,瘸,ɤ,,
SZ03,嵊州崇仁镇,太湖片-临绍小片,,,戈,Ø,靴,,,
SZ03,嵊州崇仁镇,太湖片-临绍小片,,,戈,Ø,�,,,
SZ03,嵊州崇仁镇,太湖片-临绍小片,,,麻,P,巴,ɤ,,
SZ03,嵊州崇仁镇,太湖片-临绍小片,,,麻,P,芭,ɤ,,
SZ03,嵊州崇仁镇,太湖片-临绍小片,,,麻,P,疤,ɤ,,
SZ03,嵊州崇仁镇,太湖片-临绍小片,,,麻,P,笆,,,
SZ03,嵊州崇仁镇,太湖片-临绍小片,,,麻,P,吧,,,
SZ03,嵊州崇仁镇,太湖片-临绍小片,,,麻,P,把,ɤ,,
SZ03,嵊州崇仁镇,太湖片-临绍小片,,,麻,P,靶,,,
SZ03,嵊州崇仁镇,太湖片-临绍小片,,,麻,P,霸,ɤ,,
SZ03,嵊州崇仁镇,太湖片-临绍小片,,,麻,P,欛,ɤ,,
SZ03,嵊州崇仁镇,太湖片-临绍小片,,,麻,P,壩,,,
SZ03,嵊州崇仁镇,太湖片-临绍小片,,,麻,P,坝,ɤ,,
SZ03,嵊州崇仁镇,太湖片-临绍小片,,,麻,P,爸,,,
SZ03,嵊州崇仁镇,太湖片-临绍小片,,,麻,P,怕,ɤ,,
SZ03,嵊州崇仁镇,太湖片-临绍小片,,,麻,P,帕,ɤ,,
SZ03,嵊州崇仁镇,太湖片-临绍小片,,,麻,P,爬,ɤ,,
SZ03,嵊州崇仁镇,太湖片-临绍小片,,,麻,P,琶,ɤ,,
SZ03,嵊州崇仁镇,太湖片-临绍小片,,,麻,P,杷,ɤ,,
SZ03,嵊州崇仁镇,太湖片-临绍小片,,,麻,P,钯,,,
SZ03,嵊州崇仁镇,太湖片-临绍小片,,,麻,P,耙,ɤ,,
SZ03,嵊州崇仁镇,太湖片-临绍小片,,,麻,M,麻,ɤ,,
SZ03,嵊州崇仁镇,太湖片-临绍小片,,,麻,M,痲,ɤ,,
SZ03,嵊州崇仁镇,太湖片-临绍小片,,,麻,M,蟆,ɤ,,
SZ03,嵊州崇仁镇,太湖片-临绍小片,,,麻,M,妈,a,,
SZ03,嵊州崇仁镇,太湖片-临绍小片,,,麻,M,马,,,
SZ03,嵊州崇仁镇,太湖片-临绍小片,,,麻,M,码,,,
SZ03,嵊州崇仁镇,太湖片-临绍小片,,,麻,M,玛,,,
SZ03,嵊州崇仁镇,太湖片-临绍小片,,,麻,M,蚂,,,
SZ03,嵊州崇仁镇,太湖片-临绍小片,,,麻,M,骂,,,
SZ03,嵊州崇仁镇,太湖片-临绍小片,,,麻,N,拿,a/ɤ,,
SZ03,嵊州崇仁镇,太湖片-临绍小片,,,麻,TS,茶,ɤ,,
SZ03,嵊州崇仁镇,太湖片-临绍小片,,,麻,TS,搽,ɤ,,
SZ03,嵊州崇仁镇,太湖片-临绍小片,,,麻,TS,䖳,ɤ,,
SZ03,嵊州崇仁镇,太湖片-临绍小片,,,麻,TS*,楂,,,
SZ03,嵊州崇仁镇,太湖片-临绍小片,,,麻,TS*,渣,ɤ,,
SZ03,嵊州崇仁镇,太湖片-临绍小片,,,麻,TS*,诈,ɤ,,
SZ03,嵊州崇仁镇,太湖片-临绍小片,,,麻,TS*,榨,ɤ,,
SZ03,嵊州崇仁镇,太湖片-临绍小片,,,麻,TS*,炸,ɤ,,
SZ03,嵊州崇仁镇,太湖片-临绍小片,,,麻,TS*,叉,ɤ,,
SZ03,嵊州崇仁镇,太湖片-临绍小片,,,麻,TS*,杈,ɤ,,
SZ03,嵊州崇仁镇,太湖片-临绍小片,,,麻,TS*,差,a/ɤ,,
SZ03,嵊州崇仁镇,太湖片-临绍小片,,,麻,TS*,岔,ɤ,,
SZ03,嵊州崇仁镇,太湖片-临绍小片,,,麻,TS*,差,a/ɤ,,
SZ03,嵊州崇仁镇,太湖片-临绍小片,,,麻,TS*,茬,,,
SZ03,嵊州崇仁镇,太湖片-临绍小片,,,麻,TS*,查,ɤ,,
SZ03,嵊州崇仁镇,太湖片-临绍小片,,,麻,TS*,乍,ɤ,,
SZ03,嵊州崇仁镇,太湖片-临绍小片,,,麻,TS*,沙,ɤ,,
SZ03,嵊州崇仁镇,太湖片-临绍小片,,,麻,TS*,纱,ɤ,,
SZ03,嵊州崇仁镇,太湖片-临绍小片,,,麻,TS*,痧,,,
SZ03,嵊州崇仁镇,太湖片-临绍小片,,,麻,TS*,砂,,,
SZ03,嵊州崇仁镇,太湖片-临绍小片,,,麻,TS*,鲨,,,
SZ03,嵊州崇仁镇,太湖片-临绍小片,,,麻,TS*,裟,,,
SZ03,嵊州崇仁镇,太湖片-临绍小片,,,麻,TS*,洒,ɤ,,
SZ03,嵊州崇仁镇,太湖片-临绍小片,,,麻,TS*,厦,ɤ,,
SZ03,嵊州崇仁镇,太湖片-临绍小片,,,麻,K,家,ɤ,,
SZ03,嵊州崇仁镇,太湖片-临绍小片,,,麻,K,傢,,,
SZ03,嵊州崇仁镇,太湖片-临绍小片,,,麻,K,加,ɤ,,
SZ03,嵊州崇仁镇,太湖片-临绍小片,,,麻,K,痂,,,
SZ03,嵊州崇仁镇,太湖片-临绍小片,,,麻,K,嘉,ɤ,,
SZ03,嵊州崇仁镇,太湖片-临绍小片,,,麻,K,枷,,,
SZ03,嵊州崇仁镇,太湖片-临绍小片,,,麻,K,袈,,,
SZ03,嵊州崇仁镇,太湖片-临绍小片,,,麻,K,假,ɤ,,
SZ03,嵊州崇仁镇,太湖片-临绍小片,,,麻,K,贾,ɤ,,
SZ03,嵊州崇仁镇,太湖片-临绍小片,,,麻,K,假,ɤ,,
SZ03,嵊州崇仁镇,太湖片-临绍小片,,,麻,K,架,ɤ,,
SZ03,嵊州崇仁镇,太湖片-临绍小片,,,麻,K,驾,ɤ,,
SZ03,嵊州崇仁镇,太湖片-临绍小片,,,麻,K,嫁,ɤ,,
SZ03,嵊州崇仁镇,太湖片-临绍小片,,,麻,K,稼,ɤ,,
SZ03,嵊州崇仁镇,太湖片-临绍小片,,,麻,K,价,ɤ,,
SZ03,嵊州崇仁镇,太湖片-临绍小片,,,麻,K,揢,ɤ,,
SZ03,嵊州崇仁镇,太湖片-临绍小片,,,麻,K,牙,ɤ,,
SZ03,嵊州崇仁镇,太湖片-临绍小片,,,麻,K,芽,ɤ,,
SZ03,嵊州崇仁镇,太湖片-临绍小片,,,麻,K,衙,ɤ,,
SZ03,嵊州崇仁镇,太湖片-临绍小片,,,麻,K,伢,,,
SZ03,嵊州崇仁镇,太湖片-临绍小片,,,麻,K,蚜,,,
SZ03,嵊州崇仁镇,太湖片-临绍小片,,,麻,K,雅,ɤ,,
SZ03,嵊州崇仁镇,太湖片-临绍小片,,,麻,K,砑,,,
SZ03,嵊州崇仁镇,太湖片-临绍小片,,,麻,Ø,虾,,,
SZ03,嵊州崇仁镇,太湖片-临绍小片,,,麻,Ø,�,,,
SZ03,嵊州崇仁镇,太湖片-临绍小片,,,麻,Ø,嚇,,,
SZ03,嵊州崇仁镇,太湖片-临绍小片,,,麻,Ø,霞,,,
SZ03,嵊州崇仁镇,太湖片-临绍小片,,,麻,Ø,瑕,,,
SZ03,嵊州崇仁镇,太湖片-临绍小片,,,麻,Ø,遐,,,
SZ03,嵊州崇仁镇,太湖片-临绍小片,,,麻,Ø,蝦,,,
SZ03,嵊州崇仁镇,太湖片-临绍小片,,,麻,Ø,下,ɤ,,
SZ03,嵊州崇仁镇,太湖片-临绍小片,,,麻,Ø,夏,ɤ,,
SZ03,嵊州崇仁镇,太湖片-临绍小片,,,麻,Ø,厦,ɤ,,
SZ03,嵊州崇仁镇,太湖片-临绍小片,,,麻,Ø,下,ɤ,,
SZ03,嵊州崇仁镇,太湖片-临绍小片,,,麻,Ø,夏,ɤ,,
SZ03,嵊州崇仁镇,太湖片-临绍小片,,,麻,Ø,暇,ɤ,,
SZ03,嵊州崇仁镇,太湖片-临绍小片,,,麻,Ø,鸦,ɤ,,
SZ03,嵊州崇仁镇,太湖片-临绍小片,,,麻,Ø,丫,ɤ,,
SZ03,嵊州崇仁镇,太湖片-临绍小片,,,麻,Ø,桠,ɤ,,
SZ03,嵊州崇仁镇,太湖片-临绍小片,,,麻,Ø,哑,ɤ,,
SZ03,嵊州崇仁镇,太湖片-临绍小片,,,麻,Ø,亚,ɤ,,
SZ03,嵊州崇仁镇,太湖片-临绍小片,,,模,P,补,u,,
SZ03,嵊州崇仁镇,太湖片-临绍小片,,,模,P,谱,u,,
SZ03,嵊州崇仁镇,太湖片-临绍小片,,,模,P,哺,,,
SZ03,嵊州崇仁镇,太湖片-临绍小片,,,模,P,布,u,,
SZ03,嵊州崇仁镇,太湖片-临绍小片,,,模,P,佈,u,,
SZ03,嵊州崇仁镇,太湖片-临绍小片,,,模,P,铺,u,,
SZ03,嵊州崇仁镇,太湖片-临绍小片,,,模,P,潽,,,
SZ03,嵊州崇仁镇,太湖片-临绍小片,,,模,P,普,u,,
SZ03,嵊州崇仁镇,太湖片-临绍小片,,,模,P,浦,u,,
SZ03,嵊州崇仁镇,太湖片-临绍小片,,,模,P,铺,u,,
SZ03,嵊州崇仁镇,太湖片-临绍小片,,,模,P,怖,u,,
SZ03,嵊州崇仁镇,太湖片-临绍小片,,,模,P,蒲,u,,
SZ03,嵊州崇仁镇,太湖片-临绍小片,,,模,P,菩,u,,
SZ03,嵊州崇仁镇,太湖片-临绍小片,,,模,P,脯,u,,
SZ03,嵊州崇仁镇,太湖片-临绍小片,,,模,P,葡,,,
SZ03,嵊州崇仁镇,太湖片-临绍小片,,,模,P,莆,,,
SZ03,嵊州崇仁镇,太湖片-临绍小片,,,模,P,部,u,,
SZ03,嵊州崇仁镇,太湖片-临绍小片,,,模,P,簿,u,,
SZ03,嵊州崇仁镇,太湖片-临绍小片,,,模,P,篰,,,
SZ03,嵊州崇仁镇,太湖片-临绍小片,,,模,P,步,u,,
SZ03,嵊州崇仁镇,太湖片-临绍小片,,,模,P,捕,u,,
SZ03,嵊州崇仁镇,太湖片-临绍小片,,,模,P,埠,u,,
SZ03,嵊州崇仁镇,太湖片-临绍小片,,,模,M,模,u,,
SZ03,嵊州崇仁镇,太湖片-临绍小片,,,模,M,模,u,,
SZ03,嵊州崇仁镇,太湖片-临绍小片,,,模,M,摹,u,,
SZ03,嵊州崇仁镇,太湖片-临绍小片,,,模,M,姥,,,
SZ03,嵊州崇仁镇,太湖片-临绍小片,,,模,M,暮,u,,
SZ03,嵊州崇仁镇,太湖片-临绍小片,,,模,M,慕,u,,
SZ03,嵊州崇仁镇,太湖片-临绍小片,,,模,M,墓,u,,
SZ03,嵊州崇仁镇,太湖片-临绍小片,,,模,M,募,u,,
SZ03,嵊州崇仁镇,太湖片-临绍小片,,,模,M,睦,,,
SZ03,嵊州崇仁镇,太湖片-临绍小片,,,模,T,都,u,,
SZ03,嵊州崇仁镇,太湖片-临绍小片,,,模,T,都,u,,
SZ03,嵊州崇仁镇,太湖片-临绍小片,,,模,T,赌,u,,
SZ03,嵊州崇仁镇,太湖片-临绍小片,,,模,T,堵,u,,
SZ03,嵊州崇仁镇,太湖片-临绍小片,,,模,T,肚,u,,
SZ03,嵊州崇仁镇,太湖片-临绍小片,,,模,T,睹,,,
SZ03,嵊州崇仁镇,太湖片-临绍小片,,,模,T,妒,u,,
SZ03,嵊州崇仁镇,太湖片-临绍小片,,,模,T,土,u,,
SZ03,嵊州崇仁镇,太湖片-临绍小片,,,模,T,吐,u,,
SZ03,嵊州崇仁镇,太湖片-临绍小片,,,模,T,吐,u,,
SZ03,嵊州崇仁镇,太湖片-临绍小片,,,模,T,兔,u,,
SZ03,嵊州崇仁镇,太湖片-临绍小片,,,模,T,徒,u,,
SZ03,嵊州崇仁镇,太湖片-临绍小片,,,模,T,屠,u,,
SZ03,嵊州崇仁镇,太湖片-临绍小片,,,模,T,途,u,,
SZ03,嵊州崇仁镇,太湖片-临绍小片,,,模,T,涂,u,,
SZ03,嵊州崇仁镇,太湖片-临绍小片,,,模,T,图,u,,
SZ03,嵊州崇仁镇,太湖片-临绍小片,,,模,T,杜,u,,
SZ03,嵊州崇仁镇,太湖片-临绍小片,,,模,T,肚,u,,
SZ03,嵊州崇仁镇,太湖片-临绍小片,,,模,T,度,u,,
SZ03,嵊州崇仁镇,太湖片-临绍小片,,,模,T,渡,u,,
SZ03,嵊州崇仁镇,太湖片-临绍小片,,,模,T,镀,u,,
SZ03,嵊州崇仁镇,太湖片-临绍小片,,,模,N,奴,u,,
SZ03,嵊州崇仁镇,太湖片-临绍小片,,,模,N,努,u,,
SZ03,嵊州崇仁镇,太湖片-临绍小片,,,模,N,怒,u,,
SZ03,嵊州崇仁镇,太湖片-临绍小片,,,模,L,卢,u,,
SZ03,嵊州崇仁镇,太湖片-临绍小片,,,模,L,炉,u,,
SZ03,嵊州崇仁镇,太湖片-临绍小片,,,模,L,芦,u,,
SZ03,嵊州崇仁镇,太湖片-临绍小片,,,模,L,鸬,u,,
SZ03,嵊州崇仁镇,太湖片-临绍小片,,,模,L,颅,,,
SZ03,嵊州崇仁镇,太湖片-临绍小片,,,模,L,鲈,,,
SZ03,嵊州崇仁镇,太湖片-临绍小片,,,模,L,鲁,u,,
SZ03,嵊州崇仁镇,太湖片-临绍小片,,,模,L,橹,u,,
SZ03,嵊州崇仁镇,太湖片-临绍小片,,,模,L,虏,u,,
SZ03,嵊州崇仁镇,太湖片-临绍小片,,,模,L,卤,,,
SZ03,嵊州崇仁镇,太湖片-临绍小片,,,模,L,路,u,,
SZ03,嵊州崇仁镇,太湖片-临绍小片,,,模,L,赂,u,,
SZ03,嵊州崇仁镇,太湖片-临绍小片,,,模,L,露,u,,
SZ03,嵊州崇仁镇,太湖片-临绍小片,,,模,L,鹭,u,,
SZ03,嵊州崇仁镇,太湖片-临绍小片,,,模,TS,租,u,,
SZ03,嵊州崇仁镇,太湖片-临绍小片,,,模,TS,祖,u,,
SZ03,嵊州崇仁镇,太湖片-临绍小片,,,模,TS,组,u,,
SZ03,嵊州崇仁镇,太湖片-临绍小片,,,模,TS,做,,,
SZ03,嵊州崇仁镇,太湖片-临绍小片,,,模,TS,粗,u,,
SZ03,嵊州崇仁镇,太湖片-临绍小片,,,模,TS,醋,u,,
SZ03,嵊州崇仁镇,太湖片-临绍小片,,,模,TS,措,u,,
SZ03,嵊州崇仁镇,太湖片-临绍小片,,,模,TS,错,u,,
SZ03,嵊州崇仁镇,太湖片-临绍小片,,,模,TS,苏,u,,
SZ03,嵊州崇仁镇,太湖片-临绍小片,,,模,TS,酥,u,,
SZ03,嵊州崇仁镇,太湖片-临绍小片,,,模,TS,素,u,,
SZ03,嵊州崇仁镇,太湖片-临绍小片,,,模,TS,诉,u,,
SZ03,嵊州崇仁镇,太湖片-临绍小片,,,模,TS,塑,u,,
SZ03,嵊州崇仁镇,太湖片-临绍小片,,,模,TS,嗉,u,,
SZ03,嵊州崇仁镇,太湖片-临绍小片,,,模,K,姑,u,,
SZ03,嵊州崇仁镇,太湖片-临绍小片,,,模,K,孤,u,,
SZ03,嵊州崇仁镇,太湖片-临绍小片,,,模,K,箍,u,,
SZ03,嵊州崇仁镇,太湖片-临绍小片,,,模,K,辜,,,
SZ03,嵊州崇仁镇,太湖片-临绍小片,,,模,K,菇,,,
SZ03,嵊州崇仁镇,太湖片-临绍小片,,,模,K,鸪,,,
SZ03,嵊州崇仁镇,太湖片-临绍小片,,,模,K,蛄,,,
SZ03,嵊州崇仁镇,太湖片-临绍小片,,,模,K,古,u,,
SZ03,嵊州崇仁镇,太湖片-临绍小片,,,模,K,估,u,,
SZ03,嵊州崇仁镇,太湖片-临绍小片,,,模,K,盬,,,
SZ03,嵊州崇仁镇,太湖片-临绍小片,,,模,K,牯,u,,
SZ03,嵊州崇仁镇,太湖片-临绍小片,,,模,K,股,u,,
SZ03,嵊州崇仁镇,太湖片-临绍小片,,,模,K,鼓,u,,
SZ03,嵊州崇仁镇,太湖片-临绍小片,,,模,K,蛊,,,
SZ03,嵊州崇仁镇,太湖片-临绍小片,,,模,K,故,u,,
SZ03,嵊州崇仁镇,太湖片-临绍小片,,,模,K,固,u,,
SZ03,嵊州崇仁镇,太湖片-临绍小片,,,模,K,锢,u,,
SZ03,嵊州崇仁镇,太湖片-临绍小片,,,模,K,雇,u,,
SZ03,嵊州崇仁镇,太湖片-临绍小片,,,模,K,顾,u,,
SZ03,嵊州崇仁镇,太湖片-临绍小片,,,模,K,枯,u,,
SZ03,嵊州崇仁镇,太湖片-临绍小片,,,模,K,苦,u,,
SZ03,嵊州崇仁镇,太湖片-临绍小片,,,模,K,库,u,,
SZ03,嵊州崇仁镇,太湖片-临绍小片,,,模,K,裤,u,,
SZ03,嵊州崇仁镇,太湖片-临绍小片,,,模,K,吴,u,,
SZ03,嵊州崇仁镇,太湖片-临绍小片,,,模,K,蜈,u,,
SZ03,嵊州崇仁镇,太湖片-临绍小片,,,模,K,吾,u,,
SZ03,嵊州崇仁镇,太湖片-临绍小片,,,模,K,梧,u,,
SZ03,嵊州崇仁镇,太湖片-临绍小片,,,模,K,五,u,,
SZ03,嵊州崇仁镇,太湖片-临绍小片,,,模,K,伍,u,,
SZ03,嵊州崇仁镇,太湖片-临绍小片,,,模,K,午,u,,
SZ03,嵊州崇仁镇,太湖片-临绍小片,,,模,K,忤,,,
SZ03,嵊州崇仁镇,太湖片-临绍小片,,,模,K,误,u,,
SZ03,嵊州崇仁镇,太湖片-临绍小片,,,模,K,悟,u,,
SZ03,嵊州崇仁镇,太湖片-临绍小片,,,模,Ø,呼,u,,
SZ03,嵊州崇仁镇,太湖片-临绍小片,,,模,Ø,虎,u,,
SZ03,嵊州崇仁镇,太湖片-临绍小片,,,模,Ø,浒,u,,
SZ03,嵊州崇仁镇,太湖片-临绍小片,,,模,Ø,琥,,,
SZ03,嵊州崇仁镇,太湖片-临绍小片,,,模,Ø,戽,u,,
SZ03,嵊州崇仁镇,太湖片-临绍小片,,,模,Ø,胡,u,,
SZ03,嵊州崇仁镇,太湖片-临绍小片,,,模,Ø,湖,u,,
SZ03,嵊州崇仁镇,太湖片-临绍小片,,,模,Ø,狐,u,,
SZ03,嵊州崇仁镇,太湖片-临绍小片,,,模,Ø,壶,u,,
SZ03,嵊州崇仁镇,太湖片-临绍小片,,,模,Ø,乎,u,,
SZ03,嵊州崇仁镇,太湖片-临绍小片,,,模,Ø,瓠,u,,
SZ03,嵊州崇仁镇,太湖片-临绍小片,,,模,Ø,鬍,,,
SZ03,嵊州崇仁镇,太湖片-临绍小片,,,模,Ø,糊,,,
SZ03,嵊州崇仁镇,太湖片-临绍小片,,,模,Ø,蝴,,,
SZ03,嵊州崇仁镇,太湖片-临绍小片,,,模,Ø,瑚,,,
SZ03,嵊州崇仁镇,太湖片-临绍小片,,,模,Ø,户,u,,
SZ03,嵊州崇仁镇,太湖片-临绍小片,,,模,Ø,沪,u,,
SZ03,嵊州崇仁镇,太湖片-临绍小片,,,模,Ø,互,u,,
SZ03,嵊州崇仁镇,太湖片-临绍小片,,,模,Ø,护,u,,
SZ03,嵊州崇仁镇,太湖片-临绍小片,,,模,Ø,瓠,u,,
SZ03,嵊州崇仁镇,太湖片-临绍小片,,,模,Ø,糊,,,
SZ03,嵊州崇仁镇,太湖片-临绍小片,,,模,Ø,乌,u,,
SZ03,嵊州崇仁镇,太湖片-临绍小片,,,模,Ø,污,u,,
SZ03,嵊州崇仁镇,太湖片-临绍小片,,,模,Ø,坞,u,,
SZ03,嵊州崇仁镇,太湖片-临绍小片,,,模,Ø,恶,u,,
SZ03,嵊州崇仁镇,太湖片-临绍小片,,,豪,P,褒,ɑɒ,,
SZ03,嵊州崇仁镇,太湖片-临绍小片,,,豪,P,保,ɑɒ,,
SZ03,嵊州崇仁镇,太湖片-临绍小片,,,豪,P,堡,ɑɒ,,
SZ03,嵊州崇仁镇,太湖片-临绍小片,,,豪,P,宝,ɑɒ,,
SZ03,嵊州崇仁镇,太湖片-临绍小片,,,豪,P,报,ɑɒ,,
SZ03,嵊州崇仁镇,太湖片-临绍小片,,,豪,P,袍,ɑɒ,,
SZ03,嵊州崇仁镇,太湖片-临绍小片,,,豪,P,抱,ɑɒ,,
SZ03,嵊州崇仁镇,太湖片-临绍小片,,,豪,P,暴,ɑɒ,,
SZ03,嵊州崇仁镇,太湖片-临绍小片,,,豪,P,菢,ɑɒ,,
SZ03,嵊州崇仁镇,太湖片-临绍小片,,,豪,M,毛,ɑɒ,,
SZ03,嵊州崇仁镇,太湖片-临绍小片,,,豪,M,冒,ɑɒ,,
SZ03,嵊州崇仁镇,太湖片-临绍小片,,,豪,M,帽,ɑɒ,,
SZ03,嵊州崇仁镇,太湖片-临绍小片,,,豪,M,瑁,,,
SZ03,嵊州崇仁镇,太湖片-临绍小片,,,豪,T,刀,ɑɒ,,
SZ03,嵊州崇仁镇,太湖片-临绍小片,,,豪,T,叨,ɑɒ,,
SZ03,嵊州崇仁镇,太湖片-临绍小片,,,豪,T,祷,ɑɒ,,
SZ03,嵊州崇仁镇,太湖片-临绍小片,,,豪,T,岛,ɑɒ,,
SZ03,嵊州崇仁镇,太湖片-临绍小片,,,豪,T,倒,ɑɒ,,
SZ03,嵊州崇仁镇,太湖片-临绍小片,,,豪,T,捣,,,
SZ03,嵊州崇仁镇,太湖片-临绍小片,,,豪,T,到,ɑɒ,,
SZ03,嵊州崇仁镇,太湖片-临绍小片,,,豪,T,倒,ɑɒ,,
SZ03,嵊州崇仁镇,太湖片-临绍小片,,,豪,T,滔,ɑɒ,,
SZ03,嵊州崇仁镇,太湖片-临绍小片,,,豪,T,掏,ɑɒ,,
SZ03,嵊州崇仁镇,太湖片-临绍小片,,,豪,T,讨,ɑɒ,,
SZ03,嵊州崇仁镇,太湖片-临绍小片,,,豪,T,套,ɑɒ,,
SZ03,嵊州崇仁镇,太湖片-临绍小片,,,豪,T,桃,ɑɒ,,
SZ03,嵊州崇仁镇,太湖片-临绍小片,,,豪,T,逃,ɑɒ,,
SZ03,嵊州崇仁镇,太湖片-临绍小片,,,豪,T,淘,ɑɒ,,
SZ03,嵊州崇仁镇,太湖片-临绍小片,,,豪,T,陶,ɑɒ,,
SZ03,嵊州崇仁镇,太湖片-临绍小片,,,豪,T,萄,ɑɒ,,
SZ03,嵊州崇仁镇,太湖片-临绍小片,,,豪,T,涛,ɑɒ,,
SZ03,嵊州崇仁镇,太湖片-临绍小片,,,豪,T,道,ɑɒ,,
SZ03,嵊州崇仁镇,太湖片-临绍小片,,,豪,T,稻,ɑɒ,,
SZ03,嵊州崇仁镇,太湖片-临绍小片,,,豪,T,盗,ɑɒ,,
SZ03,嵊州崇仁镇,太湖片-临绍小片,,,豪,T,导,ɑɒ,,
SZ03,嵊州崇仁镇,太湖片-临绍小片,,,豪,T,蹈,,,
SZ03,嵊州崇仁镇,太湖片-临绍小片,,,豪,N,脑,ɑɒ,,
SZ03,嵊州崇仁镇,太湖片-临绍小片,,,豪,N,恼,ɑɒ,,
SZ03,嵊州崇仁镇,太湖片-临绍小片,,,豪,L,劳,ɑɒ,,
SZ03,嵊州崇仁镇,太湖片-临绍小片,,,豪,L,捞,ɑɒ,,
SZ03,嵊州崇仁镇,太湖片-临绍小片,,,豪,L,唠,ɑɒ,,
SZ03,嵊州崇仁镇,太湖片-临绍小片,,,豪,L,牢,ɑɒ,,
SZ03,嵊州崇仁镇,太湖片-临绍小片,,,豪,L,痨,,,
SZ03,嵊州崇仁镇,太湖片-临绍小片,,,豪,L,老,ɑɒ,,
SZ03,嵊州崇仁镇,太湖片-临绍小片,,,豪,L,佬,,,
SZ03,嵊州崇仁镇,太湖片-临绍小片,,,豪,L,涝,ɑɒ,,
SZ03,嵊州崇仁镇,太湖片-临绍小片,,,豪,TS,遭,ɑɒ,,
SZ03,嵊州崇仁镇,太湖片-临绍小片,,,豪,TS,糟,ɑɒ,,
SZ03,嵊州崇仁镇,太湖片-临绍小片,,,豪,TS,早,ɑɒ,,
SZ03,嵊州崇仁镇,太湖片-临绍小片,,,豪,TS,枣,ɑɒ,,
SZ03,嵊州崇仁镇,太湖片-临绍小片,,,豪,TS,蚤,ɑɒ,,
SZ03,嵊州崇仁镇,太湖片-临绍小片,,,豪,TS,澡,ɑɒ,,
SZ03,嵊州崇仁镇,太湖片-临绍小片,,,豪,TS,藻,,,
SZ03,嵊州崇仁镇,太湖片-临绍小片,,,豪,TS,躁,ɑɒ,,
SZ03,嵊州崇仁镇,太湖片-临绍小片,,,豪,TS,灶,,,
SZ03,嵊州崇仁镇,太湖片-临绍小片,,,豪,TS,操,,,
SZ03,嵊州崇仁镇,太湖片-临绍小片,,,豪,TS,草,ɑɒ,,
SZ03,嵊州崇仁镇,太湖片-临绍小片,,,豪,TS,騲,ɑɒ,,
SZ03,嵊州崇仁镇,太湖片-临绍小片,,,豪,TS,糙,ɑɒ,,
SZ03,嵊州崇仁镇,太湖片-临绍小片,,,豪,TS,曹,ɑɒ,,
SZ03,嵊州崇仁镇,太湖片-临绍小片,,,豪,TS,槽,ɑɒ,,
SZ03,嵊州崇仁镇,太湖片-临绍小片,,,豪,TS,皂,ɑɒ,,
SZ03,嵊州崇仁镇,太湖片-临绍小片,,,豪,TS,造,ɑɒ,,
SZ03,嵊州崇仁镇,太湖片-临绍小片,,,豪,TS,骚,ɑɒ,,
SZ03,嵊州崇仁镇,太湖片-临绍小片,,,豪,TS,臊,ɑɒ,,
SZ03,嵊州崇仁镇,太湖片-临绍小片,,,豪,TS,扫,ɑɒ,,
SZ03,嵊州崇仁镇,太湖片-临绍小片,,,豪,TS,嫂,ɑɒ,,
SZ03,嵊州崇仁镇,太湖片-临绍小片,,,豪,TS,扫,ɑɒ,,
SZ03,嵊州崇仁镇,太湖片-临绍小片,,,豪,TS,燥,,,
SZ03,嵊州崇仁镇,太湖片-临绍小片,,,豪,K,高,ɑɒ,,
SZ03,嵊州崇仁镇,太湖片-临绍小片,,,豪,K,膏,ɑɒ,,
SZ03,嵊州崇仁镇,太湖片-临绍小片,,,豪,K,篙,ɑɒ,,
SZ03,嵊州崇仁镇,太湖片-临绍小片,,,豪,K,羔,,,
SZ03,嵊州崇仁镇,太湖片-临绍小片,,,豪,K,糕,ɑɒ,,
SZ03,嵊州崇仁镇,太湖片-临绍小片,,,豪,K,稿,ɑɒ,,
SZ03,嵊州崇仁镇,太湖片-临绍小片,,,豪,K,告,ɑɒ,,
SZ03,嵊州崇仁镇,太湖片-临绍小片,,,豪,K,膏,ɑɒ,,
SZ03,嵊州崇仁镇,太湖片-临绍小片,,,豪,K,考,ɑɒ,,
SZ03,嵊州崇仁镇,太湖片-临绍小片,,,豪,K,烤,ɑɒ,,
SZ03,嵊州崇仁镇,太湖片-临绍小片,,,豪,K,拷,,,
SZ03,嵊州崇仁镇,太湖片-临绍小片,,,豪,K,靠,ɑɒ,,
SZ03,嵊州崇仁镇,太湖片-临绍小片,,,豪,K,犒,ɑɒ,,
SZ03,嵊州崇仁镇,太湖片-临绍小片,,,豪,K,铐,,,
SZ03,嵊州崇仁镇,太湖片-临绍小片,,,豪,K,㸆,,,
SZ03,嵊州崇仁镇,太湖片-临绍小片,,,豪,K,熬,ɑɒ,,
SZ03,嵊州崇仁镇,太湖片-临绍小片,,,豪,K,敖,,,
SZ03,嵊州崇仁镇,太湖片-临绍小片,,,豪,K,鳌,,,
SZ03,嵊州崇仁镇,太湖片-临绍小片,,,豪,K,傲,ɑɒ,,
SZ03,嵊州崇仁镇,太湖片-临绍小片,,,豪,K,鏊,ɑɒ,,
SZ03,嵊州崇仁镇,太湖片-临绍小片,,,豪,Ø,蒿,ɑɒ,,
SZ03,嵊州崇仁镇,太湖片-临绍小片,,,豪,Ø,薅,ɑɒ,,
SZ03,嵊州崇仁镇,太湖片-临绍小片,,,豪,Ø,好,ɑɒ,,
SZ03,嵊州崇仁镇,太湖片-临绍小片,,,豪,Ø,好,ɑɒ,,
SZ03,嵊州崇仁镇,太湖片-临绍小片,,,豪,Ø,耗,ɑɒ,,
SZ03,嵊州崇仁镇,太湖片-临绍小片,,,豪,Ø,豪,ɑɒ,,
SZ03,嵊州崇仁镇,太湖片-临绍小片,,,豪,Ø,壕,ɑɒ,,
SZ03,嵊州崇仁镇,太湖片-临绍小片,,,豪,Ø,毫,ɑɒ,,
SZ03,嵊州崇仁镇,太湖片-临绍小片,,,豪,Ø,号,ɑɒ,,
SZ03,嵊州崇仁镇,太湖片-临绍小片,,,豪,Ø,蠔,,,
SZ03,嵊州崇仁镇,太湖片-临绍小片,,,豪,Ø,浩,ɑɒ,,
SZ03,嵊州崇仁镇,太湖片-临绍小片,,,豪,Ø,号,ɑɒ,,
SZ03,嵊州崇仁镇,太湖片-临绍小片,,,豪,Ø,爊,ɑɒ,,
SZ03,嵊州崇仁镇,太湖片-临绍小片,,,豪,Ø,袄,,,
SZ03,嵊州崇仁镇,太湖片-临绍小片,,,豪,Ø,懊,ɑɒ,,
SZ03,嵊州崇仁镇,太湖片-临绍小片,,,豪,Ø,奥,ɑɒ,,
SZ03,嵊州崇仁镇,太湖片-临绍小片,,,豪,Ø,懊,ɑɒ,,
SZ03,嵊州崇仁镇,太湖片-临绍小片,,,豪,Ø,澳,,,
SZ03,嵊州崇仁镇,太湖片-临绍小片,,,侯,P,剖,,,
SZ03,嵊州崇仁镇,太湖片-临绍小片,,,侯,M,某,,,
SZ03,嵊州崇仁镇,太湖片-临绍小片,,,侯,M,亩,ʏ,,
SZ03,嵊州崇仁镇,太湖片-临绍小片,,,侯,M,牡,ʏ,,
SZ03,嵊州崇仁镇,太湖片-临绍小片,,,侯,M,母,,,
SZ03,嵊州崇仁镇,太湖片-临绍小片,,,侯,M,拇,,,
SZ03,嵊州崇仁镇,太湖片-临绍小片,,,侯,M,戊,ʏ,,
SZ03,嵊州崇仁镇,太湖片-临绍小片,,,侯,M,茂,ʏ,,
SZ03,嵊州崇仁镇,太湖片-临绍小片,,,侯,M,贸,ʏ,,
SZ03,嵊州崇仁镇,太湖片-临绍小片,,,侯,T,兜,ʏ,,
SZ03,嵊州崇仁镇,太湖片-临绍小片,,,侯,T,斗,ʏ,,
SZ03,嵊州崇仁镇,太湖片-临绍小片,,,侯,T,抖,ʏ,,
SZ03,嵊州崇仁镇,太湖片-临绍小片,,,侯,T,陡,ʏ,,
SZ03,嵊州崇仁镇,太湖片-临绍小片,,,侯,T,蚪,,,
SZ03,嵊州崇仁镇,太湖片-临绍小片,,,侯,T,斗,ʏ,,
SZ03,嵊州崇仁镇,太湖片-临绍小片,,,侯,T,偷,ʏ,,
SZ03,嵊州崇仁镇,太湖片-临绍小片,,,侯,T,敨,ʏ,,
SZ03,嵊州崇仁镇,太湖片-临绍小片,,,侯,T,透,ʏ,,
SZ03,嵊州崇仁镇,太湖片-临绍小片,,,侯,T,头,ʏ,,
SZ03,嵊州崇仁镇,太湖片-临绍小片,,,侯,T,投,ʏ,,
SZ03,嵊州崇仁镇,太湖片-临绍小片,,,侯,T,骰,,,
SZ03,嵊州崇仁镇,太湖片-临绍小片,,,侯,T,豆,ʏ,,
SZ03,嵊州崇仁镇,太湖片-临绍小片,,,侯,T,逗,ʏ,,
SZ03,嵊州崇仁镇,太湖片-临绍小片,,,侯,T,痘,,,
SZ03,嵊州崇仁镇,太湖片-临绍小片,,,侯,T,脰,,,
SZ03,嵊州崇仁镇,太湖片-临绍小片,,,侯,L,楼,ʏ,,
SZ03,嵊州崇仁镇,太湖片-临绍小片,,,侯,L,搂,ʏ,,
SZ03,嵊州崇仁镇,太湖片-临绍小片,,,侯,L,耧,ʏ,,
SZ03,嵊州崇仁镇,太湖片-临绍小片,,,侯,L,娄,,,
SZ03,嵊州崇仁镇,太湖片-临绍小片,,,侯,L,搂,ʏ,,
SZ03,嵊州崇仁镇,太湖片-临绍小片,,,侯,L,篓,ʏ,,
SZ03,嵊州崇仁镇,太湖片-临绍小片,,,侯,L,溇,,,
SZ03,嵊州崇仁镇,太湖片-临绍小片,,,侯,L,漏,ʏ,,
SZ03,嵊州崇仁镇,太湖片-临绍小片,,,侯,L,陋,ʏ,,
SZ03,嵊州崇仁镇,太湖片-临绍小片,,,侯,TS,走,ʏ,,
SZ03,嵊州崇仁镇,太湖片-临绍小片,,,侯,TS,奏,ʏ,,
SZ03,嵊州崇仁镇,太湖片-临绍小片,,,侯,TS,凑,ʏ,,
SZ03,嵊州崇仁镇,太湖片-临绍小片,,,侯,TS,叟,ʏ,,
SZ03,嵊州崇仁镇,太湖片-临绍小片,,,侯,TS,嗽,ʏ,,
SZ03,嵊州崇仁镇,太湖片-临绍小片,,,侯,K,勾,ʏ,,
SZ03,嵊州崇仁镇,太湖片-临绍小片,,,侯,K,钩,ʏ,,
SZ03,嵊州崇仁镇,太湖片-临绍小片,,,侯,K,沟,ʏ,,
SZ03,嵊州崇仁镇,太湖片-临绍小片,,,侯,K,狗,ʏ,,
SZ03,嵊州崇仁镇,太湖片-临绍小片,,,侯,K,苟,ʏ,,
SZ03,嵊州崇仁镇,太湖片-临绍小片,,,侯,K,垢,,,
SZ03,嵊州崇仁镇,太湖片-临绍小片,,,侯,K,枸,,,
SZ03,嵊州崇仁镇,太湖片-临绍小片,,,侯,K,彀,ʏ,,
SZ03,嵊州崇仁镇,太湖片-临绍小片,,,侯,K,够,ʏ,,
SZ03,嵊州崇仁镇,太湖片-临绍小片,,,侯,K,构,ʏ,,
SZ03,嵊州崇仁镇,太湖片-临绍小片,,,侯,K,购,ʏ,,
SZ03,嵊州崇仁镇,太湖片-临绍小片,,,侯,K,勾,ʏ,,
SZ03,嵊州崇仁镇,太湖片-临绍小片,,,侯,K,抠,ʏ,,
SZ03,嵊州崇仁镇,太湖片-临绍小片,,,侯,K,眍,ʏ,,
SZ03,嵊州崇仁镇,太湖片-临绍小片,,,侯,K,口,iʏ,,
SZ03,嵊州崇仁镇,太湖片-临绍小片,,,侯,K,叩,ʏ,,
SZ03,嵊州崇仁镇,太湖片-临绍小片,,,侯,K,扣,ʏ,,
SZ03,嵊州崇仁镇,太湖片-临绍小片,,,侯,K,寇,ʏ,,
SZ03,嵊州崇仁镇,太湖片-临绍小片,,,侯,K,藕,ʏ,,
SZ03,嵊州崇仁镇,太湖片-临绍小片,,,侯,K,偶,ʏ,,
SZ03,嵊州崇仁镇,太湖片-临绍小片,,,侯,K,偶,ʏ,,
SZ03,嵊州崇仁镇,太湖片-临绍小片,,,侯,Ø,吼,ʏ,,
SZ03,嵊州崇仁镇,太湖片-临绍小片,,,侯,Ø,侯,ʏ,,
SZ03,嵊州崇仁镇,太湖片-临绍小片,,,侯,Ø,喉,ʏ,,
SZ03,嵊州崇仁镇,太湖片-临绍小片,,,侯,Ø,猴,ʏ,,
SZ03,嵊州崇仁镇,太湖片-临绍小片,,,侯,Ø,瘊,ʏ,,
SZ03,嵊州崇仁镇,太湖片-临绍小片,,,侯,Ø,後,ʏ,,
SZ03,嵊州崇仁镇,太湖片-临绍小片,,,侯,Ø,厚,ʏ,,
SZ03,嵊州崇仁镇,太湖片-临绍小片,,,侯,Ø,后,ʏ,,
SZ03,嵊州崇仁镇,太湖片-临绍小片,,,侯,Ø,候,ʏ,,
SZ03,嵊州崇仁镇,太湖片-临绍小片,,,侯,Ø,鲎,,,
SZ03,嵊州崇仁镇,太湖片-临绍小片,,,侯,Ø,欧,ʏ,,
SZ03,嵊州崇仁镇,太湖片-临绍小片,,,侯,Ø,瓯,ʏ,,
SZ03,嵊州崇仁镇,太湖片-临绍小片,,,侯,Ø,区,,,
SZ03,嵊州崇仁镇,太湖片-临绍小片,,,侯,Ø,鸥,,,
SZ03,嵊州崇仁镇,太湖片-临绍小片,,,侯,Ø,呕,ʏ,,
SZ03,嵊州崇仁镇,太湖片-临绍小片,,,侯,Ø,殴,ʏ,,
SZ03,嵊州崇仁镇,太湖片-临绍小片,,,侯,Ø,沤,ʏ,,
SZ03,嵊州崇仁镇,太湖片-临绍小片,,,侯,Ø,怄,ʏ,,
SZ03,嵊州崇仁镇,太湖片-临绍小片,,,皆,P,拜,a,,
SZ03,嵊州崇仁镇,太湖片-临绍小片,,,皆,P,排,a,,
SZ03,嵊州崇仁镇,太湖片-临绍小片,,,皆,P,�,,,
SZ03,嵊州崇仁镇,太湖片-临绍小片,,,皆,M,埋,,,
SZ03,嵊州崇仁镇,太湖片-临绍小片,,,皆,L,攋,a,,
SZ03,嵊州崇仁镇,太湖片-临绍小片,,,皆,TS*,䍉,,,
SZ03,嵊州崇仁镇,太湖片-临绍小片,,,皆,TS*,箉,,,
SZ03,嵊州崇仁镇,太湖片-临绍小片,,,皆,TS*,斋,a,,
SZ03,嵊州崇仁镇,太湖片-临绍小片,,,皆,TS*,豺,e,,
SZ03,嵊州崇仁镇,太湖片-临绍小片,,,皆,K,皆,a,,
SZ03,嵊州崇仁镇,太湖片-临绍小片,,,皆,K,阶,a,,
SZ03,嵊州崇仁镇,太湖片-临绍小片,,,皆,K,稭,,,
SZ03,嵊州崇仁镇,太湖片-临绍小片,,,皆,K,偕,a,,
SZ03,嵊州崇仁镇,太湖片-临绍小片,,,皆,K,介,a,,
SZ03,嵊州崇仁镇,太湖片-临绍小片,,,皆,K,界,a,,
SZ03,嵊州崇仁镇,太湖片-临绍小片,,,皆,K,芥,a,,
SZ03,嵊州崇仁镇,太湖片-临绍小片,,,皆,K,尬,a,,
SZ03,嵊州崇仁镇,太湖片-临绍小片,,,皆,K,疥,,,
SZ03,嵊州崇仁镇,太湖片-临绍小片,,,皆,K,届,a,,
SZ03,嵊州崇仁镇,太湖片-临绍小片,,,皆,K,戒,a,,
SZ03,嵊州崇仁镇,太湖片-临绍小片,,,皆,K,庎,,,
SZ03,嵊州崇仁镇,太湖片-临绍小片,,,皆,K,揩,a,,
SZ03,嵊州崇仁镇,太湖片-临绍小片,,,皆,K,楷,a,,
SZ03,嵊州崇仁镇,太湖片-临绍小片,,,皆,Ø,谐,,,
SZ03,嵊州崇仁镇,太湖片-临绍小片,,,皆,Ø,骇,,,
SZ03,嵊州崇仁镇,太湖片-临绍小片,,,皆,Ø,械,,,
SZ03,嵊州崇仁镇,太湖片-临绍小片,,,皆,Ø,挨,a,,
SZ03,嵊州崇仁镇,太湖片-临绍小片,,,佳,P,摆,a,,
SZ03,嵊州崇仁镇,太湖片-临绍小片,,,佳,P,派,a,,
SZ03,嵊州崇仁镇,太湖片-临绍小片,,,佳,P,牌,a,,
SZ03,嵊州崇仁镇,太湖片-临绍小片,,,佳,P,簰,a,,
SZ03,嵊州崇仁镇,太湖片-临绍小片,,,佳,P,罢,a,,
SZ03,嵊州崇仁镇,太湖片-临绍小片,,,佳,P,稗,a,,
SZ03,嵊州崇仁镇,太湖片-临绍小片,,,佳,M,买,a,,
SZ03,嵊州崇仁镇,太湖片-临绍小片,,,佳,M,卖,a,,
SZ03,嵊州崇仁镇,太湖片-临绍小片,,,佳,N,奶,a,,
SZ03,嵊州崇仁镇,太湖片-临绍小片,,,佳,TS*,债,a,,
SZ03,嵊州崇仁镇,太湖片-临绍小片,,,佳,TS*,钗,a,,
SZ03,嵊州崇仁镇,太湖片-临绍小片,,,佳,TS*,差,a/ɤ,,
SZ03,嵊州崇仁镇,太湖片-临绍小片,,,佳,TS*,柴,a,,
SZ03,嵊州崇仁镇,太湖片-临绍小片,,,佳,TS*,筛,a,,
SZ03,嵊州崇仁镇,太湖片-临绍小片,,,佳,TS*,洒,a,,
SZ03,嵊州崇仁镇,太湖片-临绍小片,,,佳,TS*,晒,a,,
SZ03,嵊州崇仁镇,太湖片-临绍小片,,,佳,K,佳,,,
SZ03,嵊州崇仁镇,太湖片-临绍小片,,,佳,K,街,,,
SZ03,嵊州崇仁镇,太湖片-临绍小片,,,佳,K,解,a,,
SZ03,嵊州崇仁镇,太湖片-临绍小片,,,佳,K,懈,a,,
SZ03,嵊州崇仁镇,太湖片-临绍小片,,,佳,K,涯,,,
SZ03,嵊州崇仁镇,太湖片-临绍小片,,,佳,K,崖,,,
SZ03,嵊州崇仁镇,太湖片-临绍小片,,,佳,K,捱,a,,
SZ03,嵊州崇仁镇,太湖片-临绍小片,,,佳,Ø,鞋,a,,
SZ03,嵊州崇仁镇,太湖片-临绍小片,,,佳,Ø,解,a,,
SZ03,嵊州崇仁镇,太湖片-临绍小片,,,佳,Ø,解,a,,
SZ03,嵊州崇仁镇,太湖片-临绍小片,,,佳,Ø,蟹,a,,
SZ03,嵊州崇仁镇,太湖片-临绍小片,,,佳,Ø,矮,a,,
SZ03,嵊州崇仁镇,太湖片-临绍小片,,,佳,Ø,隘,a,,