point_id,point_name,subbranch,lat,lon,韵,声组,汉字,读音,note,调查材料
TC01,太仓沙溪,太湖片-苏沪嘉小片,,,歌,T,多,əu,,
TC01,太仓沙溪,太湖片-苏沪嘉小片,,,歌,T,拖,a/əu,～舌头/～粪,
TC01,太仓沙溪,太湖片-苏沪嘉小片,,,歌,T,他,a,其～,
TC01,太仓沙溪,太湖片-苏沪嘉小片,,,歌,T,驼,əu,,
TC01,太仓沙溪,太湖片-苏沪嘉小片,,,歌,T,驮,əu,,
TC01,太仓沙溪,太湖片-苏沪嘉小片,,,歌,T,陀,əu,,
TC01,太仓沙溪,太湖片-苏沪嘉小片,,,歌,T,鸵,əu,,
TC01,太仓沙溪,太湖片-苏沪嘉小片,,,歌,T,沱,əu,,
TC01,太仓沙溪,太湖片-苏沪嘉小片,,,歌,T,舵,əu,,
TC01,太仓沙溪,太湖片-苏沪嘉小片,,,歌,T,大,a/əu,～学、～饼/～葱,
TC01,太仓沙溪,太湖片-苏沪嘉小片,,,歌,T,驮,əu,,
TC01,太仓沙溪,太湖片-苏沪嘉小片,,,歌,N,挪,o,～用,
TC01,太仓沙溪,太湖片-苏沪嘉小片,,,歌,N,哪,,,
TC01,太仓沙溪,太湖片-苏沪嘉小片,,,歌,N,那,,,
TC01,太仓沙溪,太湖片-苏沪嘉小片,,,歌,L,罗,əu,,
TC01,太仓沙溪,太湖片-苏沪嘉小片,,,歌,L,锣,əu,,
TC01,太仓沙溪,太湖片-苏沪嘉小片,,,歌,L,箩,əu,,
TC01,太仓沙溪,太湖片-苏沪嘉小片,,,歌,L,萝,ɔ/əu,～卜,
TC01,太仓沙溪,太湖片-苏沪嘉小片,,,歌,L,逻,əu,,
TC01,太仓沙溪,太湖片-苏沪嘉小片,,,歌,TS,左,i/əu,～面,
TC01,太仓沙溪,太湖片-苏沪嘉小片,,,歌,TS,佐,əu,,
TC01,太仓沙溪,太湖片-苏沪嘉小片,,,歌,TS,搓,o/əu,～麻将/～衣服,
TC01,太仓沙溪,太湖片-苏沪嘉小片,,,歌,TS,娑,u,,
TC01,太仓沙溪,太湖片-苏沪嘉小片,,,歌,K,歌,əu,,
TC01,太仓沙溪,太湖片-苏沪嘉小片,,,歌,K,哥,əu,,
TC01,太仓沙溪,太湖片-苏沪嘉小片,,,歌,K,柯,əu,,
TC01,太仓沙溪,太湖片-苏沪嘉小片,,,歌,K,个,əu,,
TC01,太仓沙溪,太湖片-苏沪嘉小片,,,歌,K,轲,,,
TC01,太仓沙溪,太湖片-苏沪嘉小片,,,歌,K,可,əu,,
TC01,太仓沙溪,太湖片-苏沪嘉小片,,,歌,K,蛾,əu,,
TC01,太仓沙溪,太湖片-苏沪嘉小片,,,歌,K,鹅,əu,,
TC01,太仓沙溪,太湖片-苏沪嘉小片,,,歌,K,俄,əu,,
TC01,太仓沙溪,太湖片-苏沪嘉小片,,,歌,K,娥,əu,,
TC01,太仓沙溪,太湖片-苏沪嘉小片,,,歌,K,我,,,
TC01,太仓沙溪,太湖片-苏沪嘉小片,,,歌,K,饿,əu,,
TC01,太仓沙溪,太湖片-苏沪嘉小片,,,歌,Ø,荷,u,,
TC01,太仓沙溪,太湖片-苏沪嘉小片,,,歌,Ø,河,u,,
TC01,太仓沙溪,太湖片-苏沪嘉小片,,,歌,Ø,何,u,,
TC01,太仓沙溪,太湖片-苏沪嘉小片,,,歌,Ø,荷,u,,
TC01,太仓沙溪,太湖片-苏沪嘉小片,,,歌,Ø,贺,u,,
TC01,太仓沙溪,太湖片-苏沪嘉小片,,,歌,Ø,阿,,,
TC01,太仓沙溪,太湖片-苏沪嘉小片,,,歌,Ø,屙,,,
TC01,太仓沙溪,太湖片-苏沪嘉小片,,,戈,K,茄,a,,
TC01,太仓沙溪,太湖片-苏沪嘉小片,,,戈,P,波,u,,
TC01,太仓沙溪,太湖片-苏沪嘉小片,,,戈,P,菠,u,,
TC01,太仓沙溪,太湖片-苏沪嘉小片,,,戈,P,跛,,,
TC01,太仓沙溪,太湖片-苏沪嘉小片,,,戈,P,簸,u,,
TC01,太仓沙溪,太湖片-苏沪嘉小片,,,戈,P,簸,u,,
TC01,太仓沙溪,太湖片-苏沪嘉小片,,,戈,P,播,u,,
TC01,太仓沙溪,太湖片-苏沪嘉小片,,,戈,P,颇,u,,
TC01,太仓沙溪,太湖片-苏沪嘉小片,,,戈,P,坡,u,,
TC01,太仓沙溪,太湖片-苏沪嘉小片,,,戈,P,玻,u,,
TC01,太仓沙溪,太湖片-苏沪嘉小片,,,戈,P,破,u,,
TC01,太仓沙溪,太湖片-苏沪嘉小片,,,戈,P,婆,u,,
TC01,太仓沙溪,太湖片-苏沪嘉小片,,,戈,P,薄,u,,
TC01,太仓沙溪,太湖片-苏沪嘉小片,,,戈,M,魔,o,,
TC01,太仓沙溪,太湖片-苏沪嘉小片,,,戈,M,磨,o,,
TC01,太仓沙溪,太湖片-苏沪嘉小片,,,戈,M,摩,o,,
TC01,太仓沙溪,太湖片-苏沪嘉小片,,,戈,M,馍,,,
TC01,太仓沙溪,太湖片-苏沪嘉小片,,,戈,M,蘑,o,,
TC01,太仓沙溪,太湖片-苏沪嘉小片,,,戈,M,磨,o,,
TC01,太仓沙溪,太湖片-苏沪嘉小片,,,戈,T,朵,əu,,
TC01,太仓沙溪,太湖片-苏沪嘉小片,,,戈,T,躲,,,
TC01,太仓沙溪,太湖片-苏沪嘉小片,,,戈,T,剁,,,
TC01,太仓沙溪,太湖片-苏沪嘉小片,,,戈,T,妥,əu,,
TC01,太仓沙溪,太湖片-苏沪嘉小片,,,戈,T,椭,əu,,
TC01,太仓沙溪,太湖片-苏沪嘉小片,,,戈,T,唾,əu,,
TC01,太仓沙溪,太湖片-苏沪嘉小片,,,戈,T,砣,,,
TC01,太仓沙溪,太湖片-苏沪嘉小片,,,戈,T,惰,əu,,
TC01,太仓沙溪,太湖片-苏沪嘉小片,,,戈,T,垛,,,
TC01,太仓沙溪,太湖片-苏沪嘉小片,,,戈,T,堕,əu,,
TC01,太仓沙溪,太湖片-苏沪嘉小片,,,戈,N,挼,,,
TC01,太仓沙溪,太湖片-苏沪嘉小片,,,戈,N,糯,əu,,
TC01,太仓沙溪,太湖片-苏沪嘉小片,,,戈,N,懦,əu,,
TC01,太仓沙溪,太湖片-苏沪嘉小片,,,戈,L,骡,əu,,
TC01,太仓沙溪,太湖片-苏沪嘉小片,,,戈,L,螺,əu,,
TC01,太仓沙溪,太湖片-苏沪嘉小片,,,戈,L,脶,əu,,
TC01,太仓沙溪,太湖片-苏沪嘉小片,,,戈,L,啰,əu,,
TC01,太仓沙溪,太湖片-苏沪嘉小片,,,戈,L,裸,əu,,
TC01,太仓沙溪,太湖片-苏沪嘉小片,,,戈,L,瘰,,,
TC01,太仓沙溪,太湖片-苏沪嘉小片,,,戈,L,摞,əu,,
TC01,太仓沙溪,太湖片-苏沪嘉小片,,,戈,TS,锉,əu,,
TC01,太仓沙溪,太湖片-苏沪嘉小片,,,戈,TS,莝,,,
TC01,太仓沙溪,太湖片-苏沪嘉小片,,,戈,TS,矬,,,
TC01,太仓沙溪,太湖片-苏沪嘉小片,,,戈,TS,坐,əu,,
TC01,太仓沙溪,太湖片-苏沪嘉小片,,,戈,TS,座,əu,,
TC01,太仓沙溪,太湖片-苏沪嘉小片,,,戈,TS,蓑,əu,,
TC01,太仓沙溪,太湖片-苏沪嘉小片,,,戈,TS,梭,əu,,
TC01,太仓沙溪,太湖片-苏沪嘉小片,,,戈,TS,唆,əu,,
TC01,太仓沙溪,太湖片-苏沪嘉小片,,,戈,TS,莎,o,,
TC01,太仓沙溪,太湖片-苏沪嘉小片,,,戈,TS,锁,əu,,
TC01,太仓沙溪,太湖片-苏沪嘉小片,,,戈,TS,琐,əu,,
TC01,太仓沙溪,太湖片-苏沪嘉小片,,,戈,TS,唢,əu,,
TC01,太仓沙溪,太湖片-苏沪嘉小片,,,戈,K,过,əu,,
TC01,太仓沙溪,太湖片-苏沪嘉小片,,,戈,K,锅,əu,,
TC01,太仓沙溪,太湖片-苏沪嘉小片,,,戈,K,戈,əu,,
TC01,太仓沙溪,太湖片-苏沪嘉小片,,,戈,K,果,əu,,
TC01,太仓沙溪,太湖片-苏沪嘉小片,,,戈,K,裹,əu,,
TC01,太仓沙溪,太湖片-苏沪嘉小片,,,戈,K,餜,əu,,
TC01,太仓沙溪,太湖片-苏沪嘉小片,,,戈,K,过,əu,,
TC01,太仓沙溪,太湖片-苏沪嘉小片,,,戈,K,科,əu,,
TC01,太仓沙溪,太湖片-苏沪嘉小片,,,戈,K,窠,əu,,
TC01,太仓沙溪,太湖片-苏沪嘉小片,,,戈,K,棵,əu,,
TC01,太仓沙溪,太湖片-苏沪嘉小片,,,戈,K,髁,əu,,
TC01,太仓沙溪,太湖片-苏沪嘉小片,,,戈,K,蝌,əu,,
TC01,太仓沙溪,太湖片-苏沪嘉小片,,,戈,K,颗,əu,,
TC01,太仓沙溪,太湖片-苏沪嘉小片,,,戈,K,课,əu,,
TC01,太仓沙溪,太湖片-苏沪嘉小片,,,戈,K,讹,,,
TC01,太仓沙溪,太湖片-苏沪嘉小片,,,戈,K,卧,əu,,
TC01,太仓沙溪,太湖片-苏沪嘉小片,,,戈,Ø,火,u,,
TC01,太仓沙溪,太湖片-苏沪嘉小片,,,戈,Ø,伙,u,,
TC01,太仓沙溪,太湖片-苏沪嘉小片,,,戈,Ø,货,u,,
TC01,太仓沙溪,太湖片-苏沪嘉小片,,,戈,Ø,和,u,,
TC01,太仓沙溪,太湖片-苏沪嘉小片,,,戈,Ø,禾,u,,
TC01,太仓沙溪,太湖片-苏沪嘉小片,,,戈,Ø,祸,u,,
TC01,太仓沙溪,太湖片-苏沪嘉小片,,,戈,Ø,夥,,,
TC01,太仓沙溪,太湖片-苏沪嘉小片,,,戈,Ø,和,u,,
TC01,太仓沙溪,太湖片-苏沪嘉小片,,,戈,Ø,倭,u,,
TC01,太仓沙溪,太湖片-苏沪嘉小片,,,戈,Ø,踒,,,
TC01,太仓沙溪,太湖片-苏沪嘉小片,,,戈,Ø,窝,u,～藏,
TC01,太仓沙溪,太湖片-苏沪嘉小片,,,戈,Ø,涡,u,,
TC01,太仓沙溪,太湖片-苏沪嘉小片,,,戈,Ø,莴,,,
TC01,太仓沙溪,太湖片-苏沪嘉小片,,,戈,Ø,涴,u,,
TC01,太仓沙溪,太湖片-苏沪嘉小片,,,戈,Ø,瘸,,,
TC01,太仓沙溪,太湖片-苏沪嘉小片,,,戈,Ø,靴,iɔ,,
TC01,太仓沙溪,太湖片-苏沪嘉小片,,,戈,Ø,�,,,
TC01,太仓沙溪,太湖片-苏沪嘉小片,,,麻,P,巴,a/o,～黎/～结,
TC01,太仓沙溪,太湖片-苏沪嘉小片,,,麻,P,芭,a/o,～蕾/～蕉,
TC01,太仓沙溪,太湖片-苏沪嘉小片,,,麻,P,疤,o,,
TC01,太仓沙溪,太湖片-苏沪嘉小片,,,麻,P,笆,o,,
TC01,太仓沙溪,太湖片-苏沪嘉小片,,,麻,P,吧,,,
TC01,太仓沙溪,太湖片-苏沪嘉小片,,,麻,P,把,o,,
TC01,太仓沙溪,太湖片-苏沪嘉小片,,,麻,P,靶,o,,
TC01,太仓沙溪,太湖片-苏沪嘉小片,,,麻,P,霸,o,,
TC01,太仓沙溪,太湖片-苏沪嘉小片,,,麻,P,欛,o,,
TC01,太仓沙溪,太湖片-苏沪嘉小片,,,麻,P,壩,,,
TC01,太仓沙溪,太湖片-苏沪嘉小片,,,麻,P,坝,o,,
TC01,太仓沙溪,太湖片-苏沪嘉小片,,,麻,P,爸,a,,
TC01,太仓沙溪,太湖片-苏沪嘉小片,,,麻,P,怕,o,,
TC01,太仓沙溪,太湖片-苏沪嘉小片,,,麻,P,帕,,,
TC01,太仓沙溪,太湖片-苏沪嘉小片,,,麻,P,爬,,,
TC01,太仓沙溪,太湖片-苏沪嘉小片,,,麻,P,琶,o,,
TC01,太仓沙溪,太湖片-苏沪嘉小片,,,麻,P,杷,o,,
TC01,太仓沙溪,太湖片-苏沪嘉小片,,,麻,P,钯,o,,
TC01,太仓沙溪,太湖片-苏沪嘉小片,,,麻,P,耙,o,,
TC01,太仓沙溪,太湖片-苏沪嘉小片,,,麻,M,麻,o,,
TC01,太仓沙溪,太湖片-苏沪嘉小片,,,麻,M,痲,,,
TC01,太仓沙溪,太湖片-苏沪嘉小片,,,麻,M,蟆,o,,
TC01,太仓沙溪,太湖片-苏沪嘉小片,,,麻,M,妈,a,,
TC01,太仓沙溪,太湖片-苏沪嘉小片,,,麻,M,马,a/o,～虎/～上,
TC01,太仓沙溪,太湖片-苏沪嘉小片,,,麻,M,码,o,,
TC01,太仓沙溪,太湖片-苏沪嘉小片,,,麻,M,玛,o,,
TC01,太仓沙溪,太湖片-苏沪嘉小片,,,麻,M,蚂,o,,
TC01,太仓沙溪,太湖片-苏沪嘉小片,,,麻,M,骂,o,,
TC01,太仓沙溪,太湖片-苏沪嘉小片,,,麻,N,拿,o,,
TC01,太仓沙溪,太湖片-苏沪嘉小片,,,麻,TS,茶,o,,
TC01,太仓沙溪,太湖片-苏沪嘉小片,,,麻,TS,搽,,,
TC01,太仓沙溪,太湖片-苏沪嘉小片,,,麻,TS,䖳,,,
TC01,太仓沙溪,太湖片-苏沪嘉小片,,,麻,TS*,楂,o,,
TC01,太仓沙溪,太湖片-苏沪嘉小片,,,麻,TS*,渣,o,,
TC01,太仓沙溪,太湖片-苏沪嘉小片,,,麻,TS*,诈,o,,
TC01,太仓沙溪,太湖片-苏沪嘉小片,,,麻,TS*,榨,o,,
TC01,太仓沙溪,太湖片-苏沪嘉小片,,,麻,TS*,炸,o,,
TC01,太仓沙溪,太湖片-苏沪嘉小片,,,麻,TS*,叉,o,,
TC01,太仓沙溪,太湖片-苏沪嘉小片,,,麻,TS*,杈,o,,
TC01,太仓沙溪,太湖片-苏沪嘉小片,,,麻,TS*,差,o,,
TC01,太仓沙溪,太湖片-苏沪嘉小片,,,麻,TS*,岔,o,,
TC01,太仓沙溪,太湖片-苏沪嘉小片,,,麻,TS*,差,o,,
TC01,太仓沙溪,太湖片-苏沪嘉小片,,,麻,TS*,茬,,,
TC01,太仓沙溪,太湖片-苏沪嘉小片,,,麻,TS*,查,o,,
TC01,太仓沙溪,太湖片-苏沪嘉小片,,,麻,TS*,乍,o,～浦,
TC01,太仓沙溪,太湖片-苏沪嘉小片,,,麻,TS*,沙,o,,
TC01,太仓沙溪,太湖片-苏沪嘉小片,,,麻,TS*,纱,o,,
TC01,太仓沙溪,太湖片-苏沪嘉小片,,,麻,TS*,痧,o,,
TC01,太仓沙溪,太湖片-苏沪嘉小片,,,麻,TS*,砂,o,,
TC01,太仓沙溪,太湖片-苏沪嘉小片,,,麻,TS*,鲨,o,,
TC01,太仓沙溪,太湖片-苏沪嘉小片,,,麻,TS*,裟,o,,
TC01,太仓沙溪,太湖片-苏沪嘉小片,,,麻,TS*,洒,a,,
TC01,太仓沙溪,太湖片-苏沪嘉小片,,,麻,TS*,厦,a,,
TC01,太仓沙溪,太湖片-苏沪嘉小片,,,麻,K,家,a,,
TC01,太仓沙溪,太湖片-苏沪嘉小片,,,麻,K,傢,a,,
TC01,太仓沙溪,太湖片-苏沪嘉小片,,,麻,K,加,a,,
TC01,太仓沙溪,太湖片-苏沪嘉小片,,,麻,K,痂,a,,
TC01,太仓沙溪,太湖片-苏沪嘉小片,,,麻,K,嘉,a,,
TC01,太仓沙溪,太湖片-苏沪嘉小片,,,麻,K,枷,a,,
TC01,太仓沙溪,太湖片-苏沪嘉小片,,,麻,K,袈,a,,
TC01,太仓沙溪,太湖片-苏沪嘉小片,,,麻,K,假,a,,
TC01,太仓沙溪,太湖片-苏沪嘉小片,,,麻,K,贾,ia,,
TC01,太仓沙溪,太湖片-苏沪嘉小片,,,麻,K,假,a,,
TC01,太仓沙溪,太湖片-苏沪嘉小片,,,麻,K,架,a,,
TC01,太仓沙溪,太湖片-苏沪嘉小片,,,麻,K,驾,ia,,
TC01,太仓沙溪,太湖片-苏沪嘉小片,,,麻,K,嫁,a,,
TC01,太仓沙溪,太湖片-苏沪嘉小片,,,麻,K,稼,ia,,
TC01,太仓沙溪,太湖片-苏沪嘉小片,,,麻,K,价,a,,
TC01,太仓沙溪,太湖片-苏沪嘉小片,,,麻,K,揢,,,
TC01,太仓沙溪,太湖片-苏沪嘉小片,,,麻,K,牙,a,,
TC01,太仓沙溪,太湖片-苏沪嘉小片,,,麻,K,芽,a,,
TC01,太仓沙溪,太湖片-苏沪嘉小片,,,麻,K,衙,a,,
TC01,太仓沙溪,太湖片-苏沪嘉小片,,,麻,K,伢,,,
TC01,太仓沙溪,太湖片-苏沪嘉小片,,,麻,K,蚜,a,,
TC01,太仓沙溪,太湖片-苏沪嘉小片,,,麻,K,雅,ia,,
TC01,太仓沙溪,太湖片-苏沪嘉小片,,,麻,K,砑,,,
TC01,太仓沙溪,太湖片-苏沪嘉小片,,,麻,Ø,虾,o,,
TC01,太仓沙溪,太湖片-苏沪嘉小片,,,麻,Ø,�,,,
TC01,太仓沙溪,太湖片-苏沪嘉小片,,,麻,Ø,嚇,,,
TC01,太仓沙溪,太湖片-苏沪嘉小片,,,麻,Ø,霞,ia,,
TC01,太仓沙溪,太湖片-苏沪嘉小片,,,麻,Ø,瑕,ia,,
TC01,太仓沙溪,太湖片-苏沪嘉小片,,,麻,Ø,遐,,,
TC01,太仓沙溪,太湖片-苏沪嘉小片,,,麻,Ø,蝦,,,
TC01,太仓沙溪,太湖片-苏沪嘉小片,,,麻,Ø,下,o,,
TC01,太仓沙溪,太湖片-苏沪嘉小片,,,麻,Ø,夏,o,,
TC01,太仓沙溪,太湖片-苏沪嘉小片,,,麻,Ø,厦,o,,
TC01,太仓沙溪,太湖片-苏沪嘉小片,,,麻,Ø,下,o,,
TC01,太仓沙溪,太湖片-苏沪嘉小片,,,麻,Ø,夏,o,,
TC01,太仓沙溪,太湖片-苏沪嘉小片,,,麻,Ø,暇,,,
TC01,太仓沙溪,太湖片-苏沪嘉小片,,,麻,Ø,鸦,ia/o,～江村/水老～,
TC01,太仓沙溪,太湖片-苏沪嘉小片,,,麻,Ø,丫,o,,
TC01,太仓沙溪,太湖片-苏沪嘉小片,,,麻,Ø,桠,o,,
TC01,太仓沙溪,太湖片-苏沪嘉小片,,,麻,Ø,哑,o,,
TC01,太仓沙溪,太湖片-苏沪嘉小片,,,麻,Ø,亚,ia,,
TC01,太仓沙溪,太湖片-苏沪嘉小片,,,模,P,补,u,,
TC01,太仓沙溪,太湖片-苏沪嘉小片,,,模,P,谱,u,,
TC01,太仓沙溪,太湖片-苏沪嘉小片,,,模,P,哺,u,,
TC01,太仓沙溪,太湖片-苏沪嘉小片,,,模,P,布,u,,
TC01,太仓沙溪,太湖片-苏沪嘉小片,,,模,P,佈,u,,
TC01,太仓沙溪,太湖片-苏沪嘉小片,,,模,P,铺,u,,
TC01,太仓沙溪,太湖片-苏沪嘉小片,,,模,P,潽,u,,
TC01,太仓沙溪,太湖片-苏沪嘉小片,,,模,P,普,u,,
TC01,太仓沙溪,太湖片-苏沪嘉小片,,,模,P,浦,u,,
TC01,太仓沙溪,太湖片-苏沪嘉小片,,,模,P,铺,u,,
TC01,太仓沙溪,太湖片-苏沪嘉小片,,,模,P,怖,u,,
TC01,太仓沙溪,太湖片-苏沪嘉小片,,,模,P,蒲,u,,
TC01,太仓沙溪,太湖片-苏沪嘉小片,,,模,P,菩,u,,
TC01,太仓沙溪,太湖片-苏沪嘉小片,,,模,P,脯,u,,
TC01,太仓沙溪,太湖片-苏沪嘉小片,,,模,P,葡,u,,
TC01,太仓沙溪,太湖片-苏沪嘉小片,,,模,P,莆,,,
TC01,太仓沙溪,太湖片-苏沪嘉小片,,,模,P,部,u,,
TC01,太仓沙溪,太湖片-苏沪嘉小片,,,模,P,簿,u,,
TC01,太仓沙溪,太湖片-苏沪嘉小片,,,模,P,篰,u,,
TC01,太仓沙溪,太湖片-苏沪嘉小片,,,模,P,步,u,,
TC01,太仓沙溪,太湖片-苏沪嘉小片,,,模,P,捕,u,,
TC01,太仓沙溪,太湖片-苏沪嘉小片,,,模,P,埠,u,,
TC01,太仓沙溪,太湖片-苏沪嘉小片,,,模,M,模,o,,
TC01,太仓沙溪,太湖片-苏沪嘉小片,,,模,M,模,o,,
TC01,太仓沙溪,太湖片-苏沪嘉小片,,,模,M,摹,o,,
TC01,太仓沙溪,太湖片-苏沪嘉小片,,,模,M,姥,ɔ,天～山,
TC01,太仓沙溪,太湖片-苏沪嘉小片,,,模,M,暮,o,,
TC01,太仓沙溪,太湖片-苏沪嘉小片,,,模,M,慕,o,,
TC01,太仓沙溪,太湖片-苏沪嘉小片,,,模,M,墓,o,,
TC01,太仓沙溪,太湖片-苏沪嘉小片,,,模,M,募,o,,
TC01,太仓沙溪,太湖片-苏沪嘉小片,,,模,M,睦,o,,
TC01,太仓沙溪,太湖片-苏沪嘉小片,,,模,T,都,əu,,
TC01,太仓沙溪,太湖片-苏沪嘉小片,,,模,T,都,əu,,
TC01,太仓沙溪,太湖片-苏沪嘉小片,,,模,T,赌,əu,,
TC01,太仓沙溪,太湖片-苏沪嘉小片,,,模,T,堵,əu,,
TC01,太仓沙溪,太湖片-苏沪嘉小片,,,模,T,肚,əu,,
TC01,太仓沙溪,太湖片-苏沪嘉小片,,,模,T,睹,əu,,
TC01,太仓沙溪,太湖片-苏沪嘉小片,,,模,T,妒,əu,,
TC01,太仓沙溪,太湖片-苏沪嘉小片,,,模,T,土,əu,,
TC01,太仓沙溪,太湖片-苏沪嘉小片,,,模,T,吐,əu,,
TC01,太仓沙溪,太湖片-苏沪嘉小片,,,模,T,吐,əu,,
TC01,太仓沙溪,太湖片-苏沪嘉小片,,,模,T,兔,əu,,
TC01,太仓沙溪,太湖片-苏沪嘉小片,,,模,T,徒,əu,,
TC01,太仓沙溪,太湖片-苏沪嘉小片,,,模,T,屠,əu,,
TC01,太仓沙溪,太湖片-苏沪嘉小片,,,模,T,途,əu,,
TC01,太仓沙溪,太湖片-苏沪嘉小片,,,模,T,涂,əu,,
TC01,太仓沙溪,太湖片-苏沪嘉小片,,,模,T,图,əu,,
TC01,太仓沙溪,太湖片-苏沪嘉小片,,,模,T,杜,əu,,
TC01,太仓沙溪,太湖片-苏沪嘉小片,,,模,T,肚,əu,,
TC01,太仓沙溪,太湖片-苏沪嘉小片,,,模,T,度,əu,,
TC01,太仓沙溪,太湖片-苏沪嘉小片,,,模,T,渡,əu,,
TC01,太仓沙溪,太湖片-苏沪嘉小片,,,模,T,镀,əu,,
TC01,太仓沙溪,太湖片-苏沪嘉小片,,,模,N,奴,əu,,
TC01,太仓沙溪,太湖片-苏沪嘉小片,,,模,N,努,əu,,
TC01,太仓沙溪,太湖片-苏沪嘉小片,,,模,N,怒,əu,,
TC01,太仓沙溪,太湖片-苏沪嘉小片,,,模,L,卢,əu,,
TC01,太仓沙溪,太湖片-苏沪嘉小片,,,模,L,炉,əu,,
TC01,太仓沙溪,太湖片-苏沪嘉小片,,,模,L,芦,əu,,
TC01,太仓沙溪,太湖片-苏沪嘉小片,,,模,L,鸬,əu,,
TC01,太仓沙溪,太湖片-苏沪嘉小片,,,模,L,颅,əu,,
TC01,太仓沙溪,太湖片-苏沪嘉小片,,,模,L,鲈,əu,,
TC01,太仓沙溪,太湖片-苏沪嘉小片,,,模,L,鲁,əu,,
TC01,太仓沙溪,太湖片-苏沪嘉小片,,,模,L,橹,əu,,
TC01,太仓沙溪,太湖片-苏沪嘉小片,,,模,L,虏,əu,,
TC01,太仓沙溪,太湖片-苏沪嘉小片,,,模,L,卤,əu,,
TC01,太仓沙溪,太湖片-苏沪嘉小片,,,模,L,路,əu,,
TC01,太仓沙溪,太湖片-苏沪嘉小片,,,模,L,赂,,,
TC01,太仓沙溪,太湖片-苏沪嘉小片,,,模,L,露,əu,,
TC01,太仓沙溪,太湖片-苏沪嘉小片,,,模,L,鹭,əu,,
TC01,太仓沙溪,太湖片-苏沪嘉小片,,,模,TS,租,əu,,
TC01,太仓沙溪,太湖片-苏沪嘉小片,,,模,TS,祖,əu,,
TC01,太仓沙溪,太湖片-苏沪嘉小片,,,模,TS,组,əu,,
TC01,太仓沙溪,太湖片-苏沪嘉小片,,,模,TS,做,əu,,
TC01,太仓沙溪,太湖片-苏沪嘉小片,,,模,TS,粗,əu,,
TC01,太仓沙溪,太湖片-苏沪嘉小片,,,模,TS,醋,əu,,
TC01,太仓沙溪,太湖片-苏沪嘉小片,,,模,TS,措,əu,,
TC01,太仓沙溪,太湖片-苏沪嘉小片,,,模,TS,错,o,～误,
TC01,太仓沙溪,太湖片-苏沪嘉小片,,,模,TS,苏,əu,,
TC01,太仓沙溪,太湖片-苏沪嘉小片,,,模,TS,酥,əu,,
TC01,太仓沙溪,太湖片-苏沪嘉小片,,,模,TS,素,əu,,
TC01,太仓沙溪,太湖片-苏沪嘉小片,,,模,TS,诉,əu,,
TC01,太仓沙溪,太湖片-苏沪嘉小片,,,模,TS,塑,,,
TC01,太仓沙溪,太湖片-苏沪嘉小片,,,模,TS,嗉,,,
TC01,太仓沙溪,太湖片-苏沪嘉小片,,,模,K,姑,əu,,
TC01,太仓沙溪,太湖片-苏沪嘉小片,,,模,K,孤,əu,,
TC01,太仓沙溪,太湖片-苏沪嘉小片,,,模,K,箍,əu,,
TC01,太仓沙溪,太湖片-苏沪嘉小片,,,模,K,辜,əu,,
TC01,太仓沙溪,太湖片-苏沪嘉小片,,,模,K,菇,əu,,
TC01,太仓沙溪,太湖片-苏沪嘉小片,,,模,K,鸪,əu,,
TC01,太仓沙溪,太湖片-苏沪嘉小片,,,模,K,蛄,,,
TC01,太仓沙溪,太湖片-苏沪嘉小片,,,模,K,古,əu,,
TC01,太仓沙溪,太湖片-苏沪嘉小片,,,模,K,估,əu,,
TC01,太仓沙溪,太湖片-苏沪嘉小片,,,模,K,盬,,,
TC01,太仓沙溪,太湖片-苏沪嘉小片,,,模,K,牯,əu,,
TC01,太仓沙溪,太湖片-苏沪嘉小片,,,模,K,股,əu,,
TC01,太仓沙溪,太湖片-苏沪嘉小片,,,模,K,鼓,əu,,
TC01,太仓沙溪,太湖片-苏沪嘉小片,,,模,K,蛊,,,
TC01,太仓沙溪,太湖片-苏沪嘉小片,,,模,K,故,əu,,
TC01,太仓沙溪,太湖片-苏沪嘉小片,,,模,K,固,əu,,
TC01,太仓沙溪,太湖片-苏沪嘉小片,,,模,K,锢,əu,,
TC01,太仓沙溪,太湖片-苏沪嘉小片,,,模,K,雇,əu,,
TC01,太仓沙溪,太湖片-苏沪嘉小片,,,模,K,顾,əu,,
TC01,太仓沙溪,太湖片-苏沪嘉小片,,,模,K,枯,əu,,
TC01,太仓沙溪,太湖片-苏沪嘉小片,,,模,K,苦,əu,,
TC01,太仓沙溪,太湖片-苏沪嘉小片,,,模,K,库,əu,,
TC01,太仓沙溪,太湖片-苏沪嘉小片,,,模,K,裤,əu,,
TC01,太仓沙溪,太湖片-苏沪嘉小片,,,模,K,吴,u,,
TC01,太仓沙溪,太湖片-苏沪嘉小片,,,模,K,蜈,,,
TC01,太仓沙溪,太湖片-苏沪嘉小片,,,模,K,吾,əu,,
TC01,太仓沙溪,太湖片-苏沪嘉小片,,,模,K,梧,əu,,
TC01,太仓沙溪,太湖片-苏沪嘉小片,,,模,K,五,u,,
TC01,太仓沙溪,太湖片-苏沪嘉小片,,,模,K,伍,u,,
TC01,太仓沙溪,太湖片-苏沪嘉小片,,,模,K,午,u,,
TC01,太仓沙溪,太湖片-苏沪嘉小片,,,模,K,忤,u,,
TC01,太仓沙溪,太湖片-苏沪嘉小片,,,模,K,误,əu,,
TC01,太仓沙溪,太湖片-苏沪嘉小片,,,模,K,悟,əu,,
TC01,太仓沙溪,太湖片-苏沪嘉小片,,,模,Ø,呼,u,,
TC01,太仓沙溪,太湖片-苏沪嘉小片,,,模,Ø,虎,u,,
TC01,太仓沙溪,太湖片-苏沪嘉小片,,,模,Ø,浒,u,,
TC01,太仓沙溪,太湖片-苏沪嘉小片,,,模,Ø,琥,,,
TC01,太仓沙溪,太湖片-苏沪嘉小片,,,模,Ø,戽,,,
TC01,太仓沙溪,太湖片-苏沪嘉小片,,,模,Ø,胡,u,,
TC01,太仓沙溪,太湖片-苏沪嘉小片,,,模,Ø,湖,u,,
TC01,太仓沙溪,太湖片-苏沪嘉小片,,,模,Ø,狐,u,,
TC01,太仓沙溪,太湖片-苏沪嘉小片,,,模,Ø,壶,u,,
TC01,太仓沙溪,太湖片-苏沪嘉小片,,,模,Ø,乎,u,,
TC01,太仓沙溪,太湖片-苏沪嘉小片,,,模,Ø,瓠,,,
TC01,太仓沙溪,太湖片-苏沪嘉小片,,,模,Ø,鬍,u,,
TC01,太仓沙溪,太湖片-苏沪嘉小片,,,模,Ø,糊,u,,
TC01,太仓沙溪,太湖片-苏沪嘉小片,,,模,Ø,蝴,u,,
TC01,太仓沙溪,太湖片-苏沪嘉小片,,,模,Ø,瑚,u,,
TC01,太仓沙溪,太湖片-苏沪嘉小片,,,模,Ø,户,u,,
TC01,太仓沙溪,太湖片-苏沪嘉小片,,,模,Ø,沪,u,,
TC01,太仓沙溪,太湖片-苏沪嘉小片,,,模,Ø,互,əu,,
TC01,太仓沙溪,太湖片-苏沪嘉小片,,,模,Ø,护,u,,
TC01,太仓沙溪,太湖片-苏沪嘉小片,,,模,Ø,瓠,,,
TC01,太仓沙溪,太湖片-苏沪嘉小片,,,模,Ø,糊,u,,
TC01,太仓沙溪,太湖片-苏沪嘉小片,,,模,Ø,乌,u,,
TC01,太仓沙溪,太湖片-苏沪嘉小片,,,模,Ø,污,u,,
TC01,太仓沙溪,太湖片-苏沪嘉小片,,,模,Ø,坞,u,,
TC01,太仓沙溪,太湖片-苏沪嘉小片,,,模,Ø,恶,,,
TC01,太仓沙溪,太湖片-苏沪嘉小片,,,豪,P,褒,ɔ,,
TC01,太仓沙溪,太湖片-苏沪嘉小片,,,豪,P,保,ɔ,,
TC01,太仓沙溪,太湖片-苏沪嘉小片,,,豪,P,堡,ɔ,,
TC01,太仓沙溪,太湖片-苏沪嘉小片,,,豪,P,宝,ɔ,,
TC01,太仓沙溪,太湖片-苏沪嘉小片,,,豪,P,报,ɔ,,
TC01,太仓沙溪,太湖片-苏沪嘉小片,,,豪,P,袍,ɔ,,
TC01,太仓沙溪,太湖片-苏沪嘉小片,,,豪,P,抱,ɔ,,
TC01,太仓沙溪,太湖片-苏沪嘉小片,,,豪,P,暴,ɔ,,
TC01,太仓沙溪,太湖片-苏沪嘉小片,,,豪,P,菢,,,
TC01,太仓沙溪,太湖片-苏沪嘉小片,,,豪,M,毛,ɔ,,
TC01,太仓沙溪,太湖片-苏沪嘉小片,,,豪,M,冒,ɔ,,
TC01,太仓沙溪,太湖片-苏沪嘉小片,,,豪,M,帽,ɔ,,
TC01,太仓沙溪,太湖片-苏沪嘉小片,,,豪,M,瑁,ɔ,,
TC01,太仓沙溪,太湖片-苏沪嘉小片,,,豪,T,刀,ɔ,,
TC01,太仓沙溪,太湖片-苏沪嘉小片,,,豪,T,叨,ɔ,,
TC01,太仓沙溪,太湖片-苏沪嘉小片,,,豪,T,祷,,,
TC01,太仓沙溪,太湖片-苏沪嘉小片,,,豪,T,岛,ɔ,,
TC01,太仓沙溪,太湖片-苏沪嘉小片,,,豪,T,倒,ɔ,,
TC01,太仓沙溪,太湖片-苏沪嘉小片,,,豪,T,捣,ɔ,,
TC01,太仓沙溪,太湖片-苏沪嘉小片,,,豪,T,到,ɔ,,
TC01,太仓沙溪,太湖片-苏沪嘉小片,,,豪,T,倒,ɔ,,
TC01,太仓沙溪,太湖片-苏沪嘉小片,,,豪,T,滔,ɔ,,
TC01,太仓沙溪,太湖片-苏沪嘉小片,,,豪,T,掏,,,
TC01,太仓沙溪,太湖片-苏沪嘉小片,,,豪,T,讨,ɔ,,
TC01,太仓沙溪,太湖片-苏沪嘉小片,,,豪,T,套,ɔ,,
TC01,太仓沙溪,太湖片-苏沪嘉小片,,,豪,T,桃,ɔ,,
TC01,太仓沙溪,太湖片-苏沪嘉小片,,,豪,T,逃,ɔ,,
TC01,太仓沙溪,太湖片-苏沪嘉小片,,,豪,T,淘,ɔ,,
TC01,太仓沙溪,太湖片-苏沪嘉小片,,,豪,T,陶,ɔ,,
TC01,太仓沙溪,太湖片-苏沪嘉小片,,,豪,T,萄,ɔ,,
TC01,太仓沙溪,太湖片-苏沪嘉小片,,,豪,T,涛,ɔ,,
TC01,太仓沙溪,太湖片-苏沪嘉小片,,,豪,T,道,ɔ,,
TC01,太仓沙溪,太湖片-苏沪嘉小片,,,豪,T,稻,ɔ,,
TC01,太仓沙溪,太湖片-苏沪嘉小片,,,豪,T,盗,ɔ,,
TC01,太仓沙溪,太湖片-苏沪嘉小片,,,豪,T,导,ɔ,,
TC01,太仓沙溪,太湖片-苏沪嘉小片,,,豪,T,蹈,ɔ,,
TC01,太仓沙溪,太湖片-苏沪嘉小片,,,豪,N,脑,ɔ,,
TC01,太仓沙溪,太湖片-苏沪嘉小片,,,豪,N,恼,ɔ,,
TC01,太仓沙溪,太湖片-苏沪嘉小片,,,豪,L,劳,ɔ,,
TC01,太仓沙溪,太湖片-苏沪嘉小片,,,豪,L,捞,ɔ,,
TC01,太仓沙溪,太湖片-苏沪嘉小片,,,豪,L,唠,ɔ,,
TC01,太仓沙溪,太湖片-苏沪嘉小片,,,豪,L,牢,ɔ,,
TC01,太仓沙溪,太湖片-苏沪嘉小片,,,豪,L,痨,ɔ,,
TC01,太仓沙溪,太湖片-苏沪嘉小片,,,豪,L,老,ɔ,,
TC01,太仓沙溪,太湖片-苏沪嘉小片,,,豪,L,佬,ɔ,,
TC01,太仓沙溪,太湖片-苏沪嘉小片,,,豪,L,涝,ɔ,,
TC01,太仓沙溪,太湖片-苏沪嘉小片,,,豪,TS,遭,ɔ,,
TC01,太仓沙溪,太湖片-苏沪嘉小片,,,豪,TS,糟,ɔ,,
TC01,太仓沙溪,太湖片-苏沪嘉小片,,,豪,TS,早,ɔ,,
TC01,太仓沙溪,太湖片-苏沪嘉小片,,,豪,TS,枣,ɔ,,
TC01,太仓沙溪,太湖片-苏沪嘉小片,,,豪,TS,蚤,ɔ,,
TC01,太仓沙溪,太湖片-苏沪嘉小片,,,豪,TS,澡,ɔ,,
TC01,太仓沙溪,太湖片-苏沪嘉小片,,,豪,TS,藻,ɔ,,
TC01,太仓沙溪,太湖片-苏沪嘉小片,,,豪,TS,躁,ɔ,,
TC01,太仓沙溪,太湖片-苏沪嘉小片,,,豪,TS,灶,ɔ,,
TC01,太仓沙溪,太湖片-苏沪嘉小片,,,豪,TS,操,ɔ,,
TC01,太仓沙溪,太湖片-苏沪嘉小片,,,豪,TS,草,,,
TC01,太仓沙溪,太湖片-苏沪嘉小片,,,豪,TS,騲,,,
TC01,太仓沙溪,太湖片-苏沪嘉小片,,,豪,TS,糙,ɔ,,
TC01,太仓沙溪,太湖片-苏沪嘉小片,,,豪,TS,曹,ɔ,,
TC01,太仓沙溪,太湖片-苏沪嘉小片,,,豪,TS,槽,ɔ,,
TC01,太仓沙溪,太湖片-苏沪嘉小片,,,豪,TS,皂,ɔ,,
TC01,太仓沙溪,太湖片-苏沪嘉小片,,,豪,TS,造,ɔ,,
TC01,太仓沙溪,太湖片-苏沪嘉小片,,,豪,TS,骚,ɔ,,
TC01,太仓沙溪,太湖片-苏沪嘉小片,,,豪,TS,臊,ɔ,,
TC01,太仓沙溪,太湖片-苏沪嘉小片,,,豪,TS,扫,ɔ,,
TC01,太仓沙溪,太湖片-苏沪嘉小片,,,豪,TS,嫂,ɔ,,
TC01,太仓沙溪,太湖片-苏沪嘉小片,,,豪,TS,扫,ɔ,,
TC01,太仓沙溪,太湖片-苏沪嘉小片,,,豪,TS,燥,ɔ,,
TC01,太仓沙溪,太湖片-苏沪嘉小片,,,豪,K,高,ɔ,,
TC01,太仓沙溪,太湖片-苏沪嘉小片,,,豪,K,膏,ɔ,,
TC01,太仓沙溪,太湖片-苏沪嘉小片,,,豪,K,篙,ɔ,,
TC01,太仓沙溪,太湖片-苏沪嘉小片,,,豪,K,羔,ɔ,,
TC01,太仓沙溪,太湖片-苏沪嘉小片,,,豪,K,糕,ɔ,,
TC01,太仓沙溪,太湖片-苏沪嘉小片,,,豪,K,稿,ɔ,,
TC01,太仓沙溪,太湖片-苏沪嘉小片,,,豪,K,告,ɔ,,
TC01,太仓沙溪,太湖片-苏沪嘉小片,,,豪,K,膏,ɔ,,
TC01,太仓沙溪,太湖片-苏沪嘉小片,,,豪,K,考,ɔ,,
TC01,太仓沙溪,太湖片-苏沪嘉小片,,,豪,K,烤,ɔ,,
TC01,太仓沙溪,太湖片-苏沪嘉小片,,,豪,K,拷,ɔ,,
TC01,太仓沙溪,太湖片-苏沪嘉小片,,,豪,K,靠,ɔ,,
TC01,太仓沙溪,太湖片-苏沪嘉小片,,,豪,K,犒,ɔ,,
TC01,太仓沙溪,太湖片-苏沪嘉小片,,,豪,K,铐,ɔ,,
TC01,太仓沙溪,太湖片-苏沪嘉小片,,,豪,K,㸆,ɔ,,
TC01,太仓沙溪,太湖片-苏沪嘉小片,,,豪,K,熬,ɔ,,
TC01,太仓沙溪,太湖片-苏沪嘉小片,,,豪,K,敖,,,
TC01,太仓沙溪,太湖片-苏沪嘉小片,,,豪,K,鳌,ɔ,,
TC01,太仓沙溪,太湖片-苏沪嘉小片,,,豪,K,傲,ɔ,,
TC01,太仓沙溪,太湖片-苏沪嘉小片,,,豪,K,鏊,,,
TC01,太仓沙溪,太湖片-苏沪嘉小片,,,豪,Ø,蒿,ɔ,,
TC01,太仓沙溪,太湖片-苏沪嘉小片,,,豪,Ø,薅,,,
TC01,太仓沙溪,太湖片-苏沪嘉小片,,,豪,Ø,好,ɔ,,
TC01,太仓沙溪,太湖片-苏沪嘉小片,,,豪,Ø,好,ɔ,,
TC01,太仓沙溪,太湖片-苏沪嘉小片,,,豪,Ø,耗,ɔ,,
TC01,太仓沙溪,太湖片-苏沪嘉小片,,,豪,Ø,豪,ɔ,,
TC01,太仓沙溪,太湖片-苏沪嘉小片,,,豪,Ø,壕,ɔ,,
TC01,太仓沙溪,太湖片-苏沪嘉小片,,,豪,Ø,毫,ɔ,,
TC01,太仓沙溪,太湖片-苏沪嘉小片,,,豪,Ø,号,ɔ,,
TC01,太仓沙溪,太湖片-苏沪嘉小片,,,豪,Ø,蠔,,,
TC01,太仓沙溪,太湖片-苏沪嘉小片,,,豪,Ø,浩,ɔ,,
TC01,太仓沙溪,太湖片-苏沪嘉小片,,,豪,Ø,号,ɔ,,
TC01,太仓沙溪,太湖片-苏沪嘉小片,,,豪,Ø,爊,,,
TC01,太仓沙溪,太湖片-苏沪嘉小片,,,豪,Ø,袄,ɔ,,
TC01,太仓沙溪,太湖片-苏沪嘉小片,,,豪,Ø,懊,ɔ,,
TC01,太仓沙溪,太湖片-苏沪嘉小片,,,豪,Ø,奥,ɔ,,
TC01,太仓沙溪,太湖片-苏沪嘉小片,,,豪,Ø,懊,ɔ,,
TC01,太仓沙溪,太湖片-苏沪嘉小片,,,豪,Ø,澳,ɔ,,
TC01,太仓沙溪,太湖片-苏沪嘉小片,,,侯,P,剖,u,～腹产,
TC01,太仓沙溪,太湖片-苏沪嘉小片,,,侯,M,某,ei,,
TC01,太仓沙溪,太湖片-苏沪嘉小片,,,侯,M,亩,ei/m,,
TC01,太仓沙溪,太湖片-苏沪嘉小片,,,侯,M,牡,o,～丹,
TC01,太仓沙溪,太湖片-苏沪嘉小片,,,侯,M,母,o/m,～亲,
TC01,太仓沙溪,太湖片-苏沪嘉小片,,,侯,M,拇,o,,
TC01,太仓沙溪,太湖片-苏沪嘉小片,,,侯,M,戊,u,,
TC01,太仓沙溪,太湖片-苏沪嘉小片,,,侯,M,茂,ɔ,～盛,
TC01,太仓沙溪,太湖片-苏沪嘉小片,,,侯,M,贸,ɔ,～易,
TC01,太仓沙溪,太湖片-苏沪嘉小片,,,侯,T,兜,ei,,
TC01,太仓沙溪,太湖片-苏沪嘉小片,,,侯,T,斗,ei,,
TC01,太仓沙溪,太湖片-苏沪嘉小片,,,侯,T,抖,ei,,
TC01,太仓沙溪,太湖片-苏沪嘉小片,,,侯,T,陡,ei,,
TC01,太仓沙溪,太湖片-苏沪嘉小片,,,侯,T,蚪,ei,,
TC01,太仓沙溪,太湖片-苏沪嘉小片,,,侯,T,斗,ei,,
TC01,太仓沙溪,太湖片-苏沪嘉小片,,,侯,T,偷,ei,,
TC01,太仓沙溪,太湖片-苏沪嘉小片,,,侯,T,敨,ei,,
TC01,太仓沙溪,太湖片-苏沪嘉小片,,,侯,T,透,ei,,
TC01,太仓沙溪,太湖片-苏沪嘉小片,,,侯,T,头,ei,城厢镇为ø,
TC01,太仓沙溪,太湖片-苏沪嘉小片,,,侯,T,投,ei,,
TC01,太仓沙溪,太湖片-苏沪嘉小片,,,侯,T,骰,ei,,
TC01,太仓沙溪,太湖片-苏沪嘉小片,,,侯,T,豆,ei,,
TC01,太仓沙溪,太湖片-苏沪嘉小片,,,侯,T,逗,ei,,
TC01,太仓沙溪,太湖片-苏沪嘉小片,,,侯,T,痘,ei,,
TC01,太仓沙溪,太湖片-苏沪嘉小片,,,侯,T,脰,,,
TC01,太仓沙溪,太湖片-苏沪嘉小片,,,侯,L,楼,ei,,
TC01,太仓沙溪,太湖片-苏沪嘉小片,,,侯,L,搂,ei,,
TC01,太仓沙溪,太湖片-苏沪嘉小片,,,侯,L,耧,,,
TC01,太仓沙溪,太湖片-苏沪嘉小片,,,侯,L,娄,ei,,
TC01,太仓沙溪,太湖片-苏沪嘉小片,,,侯,L,搂,ei,,
TC01,太仓沙溪,太湖片-苏沪嘉小片,,,侯,L,篓,ei,,
TC01,太仓沙溪,太湖片-苏沪嘉小片,,,侯,L,溇,,,
TC01,太仓沙溪,太湖片-苏沪嘉小片,,,侯,L,漏,ei,,
TC01,太仓沙溪,太湖片-苏沪嘉小片,,,侯,L,陋,,,
TC01,太仓沙溪,太湖片-苏沪嘉小片,,,侯,TS,走,ei,,
TC01,太仓沙溪,太湖片-苏沪嘉小片,,,侯,TS,奏,ei,,
TC01,太仓沙溪,太湖片-苏沪嘉小片,,,侯,TS,凑,ei,,
TC01,太仓沙溪,太湖片-苏沪嘉小片,,,侯,TS,叟,ei,,
TC01,太仓沙溪,太湖片-苏沪嘉小片,,,侯,TS,嗽,ei,,
TC01,太仓沙溪,太湖片-苏沪嘉小片,,,侯,K,勾,ei,,
TC01,太仓沙溪,太湖片-苏沪嘉小片,,,侯,K,钩,ei,,
TC01,太仓沙溪,太湖片-苏沪嘉小片,,,侯,K,沟,ei,,
TC01,太仓沙溪,太湖片-苏沪嘉小片,,,侯,K,狗,ei,,
TC01,太仓沙溪,太湖片-苏沪嘉小片,,,侯,K,苟,ei,,
TC01,太仓沙溪,太湖片-苏沪嘉小片,,,侯,K,垢,ei,,
TC01,太仓沙溪,太湖片-苏沪嘉小片,,,侯,K,枸,,,
TC01,太仓沙溪,太湖片-苏沪嘉小片,,,侯,K,彀,ei,,
TC01,太仓沙溪,太湖片-苏沪嘉小片,,,侯,K,够,ei,,
TC01,太仓沙溪,太湖片-苏沪嘉小片,,,侯,K,构,ei,,
TC01,太仓沙溪,太湖片-苏沪嘉小片,,,侯,K,购,ei,,
TC01,太仓沙溪,太湖片-苏沪嘉小片,,,侯,K,勾,ei,,
TC01,太仓沙溪,太湖片-苏沪嘉小片,,,侯,K,抠,ei,,
TC01,太仓沙溪,太湖片-苏沪嘉小片,,,侯,K,眍,ei,,
TC01,太仓沙溪,太湖片-苏沪嘉小片,,,侯,K,口,ei,,
TC01,太仓沙溪,太湖片-苏沪嘉小片,,,侯,K,叩,,,
TC01,太仓沙溪,太湖片-苏沪嘉小片,,,侯,K,扣,,,
TC01,太仓沙溪,太湖片-苏沪嘉小片,,,侯,K,寇,,,
TC01,太仓沙溪,太湖片-苏沪嘉小片,,,侯,K,藕,ei,,
TC01,太仓沙溪,太湖片-苏沪嘉小片,,,侯,K,偶,ei,,
TC01,太仓沙溪,太湖片-苏沪嘉小片,,,侯,K,偶,ei,,
TC01,太仓沙溪,太湖片-苏沪嘉小片,,,侯,Ø,吼,ei,,
TC01,太仓沙溪,太湖片-苏沪嘉小片,,,侯,Ø,侯,ei,,
TC01,太仓沙溪,太湖片-苏沪嘉小片,,,侯,Ø,喉,u/ei,～咙/～结,
TC01,太仓沙溪,太湖片-苏沪嘉小片,,,侯,Ø,猴,,,
TC01,太仓沙溪,太湖片-苏沪嘉小片,,,侯,Ø,瘊,,,
TC01,太仓沙溪,太湖片-苏沪嘉小片,,,侯,Ø,後,ei,,
TC01,太仓沙溪,太湖片-苏沪嘉小片,,,侯,Ø,厚,ei,,
TC01,太仓沙溪,太湖片-苏沪嘉小片,,,侯,Ø,后,ei,,
TC01,太仓沙溪,太湖片-苏沪嘉小片,,,侯,Ø,候,ei,,
TC01,太仓沙溪,太湖片-苏沪嘉小片,,,侯,Ø,鲎,ei,,
TC01,太仓沙溪,太湖片-苏沪嘉小片,,,侯,Ø,欧,ei,,
TC01,太仓沙溪,太湖片-苏沪嘉小片,,,侯,Ø,瓯,ei,,
TC01,太仓沙溪,太湖片-苏沪嘉小片,,,侯,Ø,区,ei,,
TC01,太仓沙溪,太湖片-苏沪嘉小片,,,侯,Ø,鸥,ei,,
TC01,太仓沙溪,太湖片-苏沪嘉小片,,,侯,Ø,呕,ei,,
TC01,太仓沙溪,太湖片-苏沪嘉小片,,,侯,Ø,殴,ei,,
TC01,太仓沙溪,太湖片-苏沪嘉小片,,,侯,Ø,沤,,,
TC01,太仓沙溪,太湖片-苏沪嘉小片,,,侯,Ø,怄,,,
TC01,太仓沙溪,太湖片-苏沪嘉小片,,,皆,P,拜,a,,
TC01,太仓沙溪,太湖片-苏沪嘉小片,,,皆,P,排,a,,
TC01,太仓沙溪,太湖片-苏沪嘉小片,,,皆,P,�,,,
TC01,太仓沙溪,太湖片-苏沪嘉小片,,,皆,M,埋,ɛ,,
TC01,太仓沙溪,太湖片-苏沪嘉小片,,,皆,L,攋,,,
TC01,太仓沙溪,太湖片-苏沪嘉小片,,,皆,TS*,䍉,,,
TC01,太仓沙溪,太湖片-苏沪嘉小片,,,皆,TS*,箉,,,
TC01,太仓沙溪,太湖片-苏沪嘉小片,,,皆,TS*,斋,a,聊～,
TC01,太仓沙溪,太湖片-苏沪嘉小片,,,皆,TS*,豺,a,,
TC01,太仓沙溪,太湖片-苏沪嘉小片,,,皆,K,皆,ia,,
TC01,太仓沙溪,太湖片-苏沪嘉小片,,,皆,K,阶,a,,
TC01,太仓沙溪,太湖片-苏沪嘉小片,,,皆,K,稭,,,
TC01,太仓沙溪,太湖片-苏沪嘉小片,,,皆,K,偕,iɪ,,
TC01,太仓沙溪,太湖片-苏沪嘉小片,,,皆,K,介,ia,,
TC01,太仓沙溪,太湖片-苏沪嘉小片,,,皆,K,界,a,,
TC01,太仓沙溪,太湖片-苏沪嘉小片,,,皆,K,芥,a,,
TC01,太仓沙溪,太湖片-苏沪嘉小片,,,皆,K,尬,a,,
TC01,太仓沙溪,太湖片-苏沪嘉小片,,,皆,K,疥,a,,
TC01,太仓沙溪,太湖片-苏沪嘉小片,,,皆,K,届,ia,,
TC01,太仓沙溪,太湖片-苏沪嘉小片,,,皆,K,戒,a,猪八～,
TC01,太仓沙溪,太湖片-苏沪嘉小片,,,皆,K,庎,,,
TC01,太仓沙溪,太湖片-苏沪嘉小片,,,皆,K,揩,a,,
TC01,太仓沙溪,太湖片-苏沪嘉小片,,,皆,K,楷,a,,
TC01,太仓沙溪,太湖片-苏沪嘉小片,,,皆,Ø,谐,iɪ,,
TC01,太仓沙溪,太湖片-苏沪嘉小片,,,皆,Ø,骇,ɛ,,
TC01,太仓沙溪,太湖片-苏沪嘉小片,,,皆,Ø,械,iɪ,,
TC01,太仓沙溪,太湖片-苏沪嘉小片,,,皆,Ø,挨,a/ɛ,,
TC01,太仓沙溪,太湖片-苏沪嘉小片,,,佳,P,摆,a,,
TC01,太仓沙溪,太湖片-苏沪嘉小片,,,佳,P,派,a,,
TC01,太仓沙溪,太湖片-苏沪嘉小片,,,佳,P,牌,a,,
TC01,太仓沙溪,太湖片-苏沪嘉小片,,,佳,P,簰,a,,
TC01,太仓沙溪,太湖片-苏沪嘉小片,,,佳,P,罢,a,,
TC01,太仓沙溪,太湖片-苏沪嘉小片,,,佳,P,稗,a,,
TC01,太仓沙溪,太湖片-苏沪嘉小片,,,佳,M,买,a,,
TC01,太仓沙溪,太湖片-苏沪嘉小片,,,佳,M,卖,a,,
TC01,太仓沙溪,太湖片-苏沪嘉小片,,,佳,N,奶,a,,
TC01,太仓沙溪,太湖片-苏沪嘉小片,,,佳,TS*,债,a,,
TC01,太仓沙溪,太湖片-苏沪嘉小片,,,佳,TS*,钗,o,,
TC01,太仓沙溪,太湖片-苏沪嘉小片,,,佳,TS*,差,a,,
TC01,太仓沙溪,太湖片-苏沪嘉小片,,,佳,TS*,柴,a,,
TC01,太仓沙溪,太湖片-苏沪嘉小片,,,佳,TS*,筛,a,,
TC01,太仓沙溪,太湖片-苏沪嘉小片,,,佳,TS*,洒,a,,
TC01,太仓沙溪,太湖片-苏沪嘉小片,,,佳,TS*,晒,o,,
TC01,太仓沙溪,太湖片-苏沪嘉小片,,,佳,K,佳,ia,,
TC01,太仓沙溪,太湖片-苏沪嘉小片,,,佳,K,街,a,,
TC01,太仓沙溪,太湖片-苏沪嘉小片,,,佳,K,解,a,,
TC01,太仓沙溪,太湖片-苏沪嘉小片,,,佳,K,懈,iɪ,,
TC01,太仓沙溪,太湖片-苏沪嘉小片,,,佳,K,涯,ia,,
TC01,太仓沙溪,太湖片-苏沪嘉小片,,,佳,K,崖,a,,
TC01,太仓沙溪,太湖片-苏沪嘉小片,,,佳,K,捱,,,
TC01,太仓沙溪,太湖片-苏沪嘉小片,,,佳,Ø,鞋,a,,
TC01,太仓沙溪,太湖片-苏沪嘉小片,,,佳,Ø,解,a,,
TC01,太仓沙溪,太湖片-苏沪嘉小片,,,佳,Ø,解,a,,
TC01,太仓沙溪,太湖片-苏沪嘉小片,,,佳,Ø,蟹,a,,
TC01,太仓沙溪,太湖片-苏沪嘉小片,,,佳,Ø,矮,a,,
TC01,太仓沙溪,太湖片-苏沪嘉小片,,,佳,Ø,隘,ɛ,,