point_id,point_name,subbranch,lat,lon,韵,声组,汉字,读音,note,桐乡方言志2014
TX01,桐乡城区,太湖片-苏沪嘉小片,,,歌,T,多,u,,
TX01,桐乡城区,太湖片-苏沪嘉小片,,,歌,T,拖,u,,
TX01,桐乡城区,太湖片-苏沪嘉小片,,,歌,T,他,a,,
TX01,桐乡城区,太湖片-苏沪嘉小片,,,歌,T,驼,u,,
TX01,桐乡城区,太湖片-苏沪嘉小片,,,歌,T,驮,u,,
TX01,桐乡城区,太湖片-苏沪嘉小片,,,歌,T,陀,,,
TX01,桐乡城区,太湖片-苏沪嘉小片,,,歌,T,鸵,,,
TX01,桐乡城区,太湖片-苏沪嘉小片,,,歌,T,沱,,,
TX01,桐乡城区,太湖片-苏沪嘉小片,,,歌,T,舵,u,,
TX01,桐乡城区,太湖片-苏沪嘉小片,,,歌,T,大,a/u,文读/白读,
TX01,桐乡城区,太湖片-苏沪嘉小片,,,歌,T,驮,,,
TX01,桐乡城区,太湖片-苏沪嘉小片,,,歌,N,挪,o,,
TX01,桐乡城区,太湖片-苏沪嘉小片,,,歌,N,哪,a,文读,
TX01,桐乡城区,太湖片-苏沪嘉小片,,,歌,N,那,a,～么,
TX01,桐乡城区,太湖片-苏沪嘉小片,,,歌,L,罗,u,,
TX01,桐乡城区,太湖片-苏沪嘉小片,,,歌,L,锣,u,,
TX01,桐乡城区,太湖片-苏沪嘉小片,,,歌,L,箩,,,
TX01,桐乡城区,太湖片-苏沪嘉小片,,,歌,L,萝,u,,
TX01,桐乡城区,太湖片-苏沪嘉小片,,,歌,L,逻,,,
TX01,桐乡城区,太湖片-苏沪嘉小片,,,歌,TS,左,u,,
TX01,桐乡城区,太湖片-苏沪嘉小片,,,歌,TS,佐,u,,
TX01,桐乡城区,太湖片-苏沪嘉小片,,,歌,TS,搓,u,,
TX01,桐乡城区,太湖片-苏沪嘉小片,,,歌,TS,娑,,,
TX01,桐乡城区,太湖片-苏沪嘉小片,,,歌,K,歌,u,,
TX01,桐乡城区,太湖片-苏沪嘉小片,,,歌,K,哥,u,,
TX01,桐乡城区,太湖片-苏沪嘉小片,,,歌,K,柯,,,
TX01,桐乡城区,太湖片-苏沪嘉小片,,,歌,K,个,,,
TX01,桐乡城区,太湖片-苏沪嘉小片,,,歌,K,轲,,,
TX01,桐乡城区,太湖片-苏沪嘉小片,,,歌,K,可,o,,
TX01,桐乡城区,太湖片-苏沪嘉小片,,,歌,K,蛾,,,
TX01,桐乡城区,太湖片-苏沪嘉小片,,,歌,K,鹅,,,
TX01,桐乡城区,太湖片-苏沪嘉小片,,,歌,K,俄,,,
TX01,桐乡城区,太湖片-苏沪嘉小片,,,歌,K,娥,,,
TX01,桐乡城区,太湖片-苏沪嘉小片,,,歌,K,我,u,,
TX01,桐乡城区,太湖片-苏沪嘉小片,,,歌,K,饿,u,,
TX01,桐乡城区,太湖片-苏沪嘉小片,,,歌,Ø,荷,,,
TX01,桐乡城区,太湖片-苏沪嘉小片,,,歌,Ø,河,u,,
TX01,桐乡城区,太湖片-苏沪嘉小片,,,歌,Ø,何,u,,
TX01,桐乡城区,太湖片-苏沪嘉小片,,,歌,Ø,荷,,,
TX01,桐乡城区,太湖片-苏沪嘉小片,,,歌,Ø,贺,u,,
TX01,桐乡城区,太湖片-苏沪嘉小片,,,歌,Ø,阿,o,～弥陀佛,
TX01,桐乡城区,太湖片-苏沪嘉小片,,,歌,Ø,屙,,,
TX01,桐乡城区,太湖片-苏沪嘉小片,,,戈,K,茄,a,,
TX01,桐乡城区,太湖片-苏沪嘉小片,,,戈,P,波,u,,
TX01,桐乡城区,太湖片-苏沪嘉小片,,,戈,P,菠,u,,
TX01,桐乡城区,太湖片-苏沪嘉小片,,,戈,P,跛,,,
TX01,桐乡城区,太湖片-苏沪嘉小片,,,戈,P,簸,u,,
TX01,桐乡城区,太湖片-苏沪嘉小片,,,戈,P,簸,u,,
TX01,桐乡城区,太湖片-苏沪嘉小片,,,戈,P,播,u,,
TX01,桐乡城区,太湖片-苏沪嘉小片,,,戈,P,颇,u,,
TX01,桐乡城区,太湖片-苏沪嘉小片,,,戈,P,坡,u,,
TX01,桐乡城区,太湖片-苏沪嘉小片,,,戈,P,玻,u,,
TX01,桐乡城区,太湖片-苏沪嘉小片,,,戈,P,破,u,,
TX01,桐乡城区,太湖片-苏沪嘉小片,,,戈,P,婆,u,,
TX01,桐乡城区,太湖片-苏沪嘉小片,,,戈,P,薄,,,
TX01,桐乡城区,太湖片-苏沪嘉小片,,,戈,M,魔,o,,
TX01,桐乡城区,太湖片-苏沪嘉小片,,,戈,M,磨,o,,
TX01,桐乡城区,太湖片-苏沪嘉小片,,,戈,M,摩,o,,
TX01,桐乡城区,太湖片-苏沪嘉小片,,,戈,M,馍,,,
TX01,桐乡城区,太湖片-苏沪嘉小片,,,戈,M,蘑,,,
TX01,桐乡城区,太湖片-苏沪嘉小片,,,戈,M,磨,o,,
TX01,桐乡城区,太湖片-苏沪嘉小片,,,戈,T,朵,o,,
TX01,桐乡城区,太湖片-苏沪嘉小片,,,戈,T,躲,o,,
TX01,桐乡城区,太湖片-苏沪嘉小片,,,戈,T,剁,,,
TX01,桐乡城区,太湖片-苏沪嘉小片,,,戈,T,妥,u,,
TX01,桐乡城区,太湖片-苏沪嘉小片,,,戈,T,椭,,,
TX01,桐乡城区,太湖片-苏沪嘉小片,,,戈,T,唾,,,
TX01,桐乡城区,太湖片-苏沪嘉小片,,,戈,T,砣,,,
TX01,桐乡城区,太湖片-苏沪嘉小片,,,戈,T,惰,u,,
TX01,桐乡城区,太湖片-苏沪嘉小片,,,戈,T,垛,,,
TX01,桐乡城区,太湖片-苏沪嘉小片,,,戈,T,堕,,,
TX01,桐乡城区,太湖片-苏沪嘉小片,,,戈,N,挼,,,
TX01,桐乡城区,太湖片-苏沪嘉小片,,,戈,N,糯,u,,
TX01,桐乡城区,太湖片-苏沪嘉小片,,,戈,N,懦,,,
TX01,桐乡城区,太湖片-苏沪嘉小片,,,戈,L,骡,u,,
TX01,桐乡城区,太湖片-苏沪嘉小片,,,戈,L,螺,u,,
TX01,桐乡城区,太湖片-苏沪嘉小片,,,戈,L,脶,u,,
TX01,桐乡城区,太湖片-苏沪嘉小片,,,戈,L,啰,u,,
TX01,桐乡城区,太湖片-苏沪嘉小片,,,戈,L,裸,u,,
TX01,桐乡城区,太湖片-苏沪嘉小片,,,戈,L,瘰,,,
TX01,桐乡城区,太湖片-苏沪嘉小片,,,戈,L,摞,,,
TX01,桐乡城区,太湖片-苏沪嘉小片,,,戈,TS,锉,,,
TX01,桐乡城区,太湖片-苏沪嘉小片,,,戈,TS,莝,,,
TX01,桐乡城区,太湖片-苏沪嘉小片,,,戈,TS,矬,,,
TX01,桐乡城区,太湖片-苏沪嘉小片,,,戈,TS,坐,u,,
TX01,桐乡城区,太湖片-苏沪嘉小片,,,戈,TS,座,u,,
TX01,桐乡城区,太湖片-苏沪嘉小片,,,戈,TS,蓑,u,,
TX01,桐乡城区,太湖片-苏沪嘉小片,,,戈,TS,梭,u,,
TX01,桐乡城区,太湖片-苏沪嘉小片,,,戈,TS,唆,,,
TX01,桐乡城区,太湖片-苏沪嘉小片,,,戈,TS,莎,,,
TX01,桐乡城区,太湖片-苏沪嘉小片,,,戈,TS,锁,u,,
TX01,桐乡城区,太湖片-苏沪嘉小片,,,戈,TS,琐,u,,
TX01,桐乡城区,太湖片-苏沪嘉小片,,,戈,TS,唢,,,
TX01,桐乡城区,太湖片-苏沪嘉小片,,,戈,K,过,u,,
TX01,桐乡城区,太湖片-苏沪嘉小片,,,戈,K,锅,u,,
TX01,桐乡城区,太湖片-苏沪嘉小片,,,戈,K,戈,,,
TX01,桐乡城区,太湖片-苏沪嘉小片,,,戈,K,果,,,
TX01,桐乡城区,太湖片-苏沪嘉小片,,,戈,K,裹,u,,
TX01,桐乡城区,太湖片-苏沪嘉小片,,,戈,K,餜,,,
TX01,桐乡城区,太湖片-苏沪嘉小片,,,戈,K,过,u,,
TX01,桐乡城区,太湖片-苏沪嘉小片,,,戈,K,科,u,,
TX01,桐乡城区,太湖片-苏沪嘉小片,,,戈,K,窠,u,,
TX01,桐乡城区,太湖片-苏沪嘉小片,,,戈,K,棵,,,
TX01,桐乡城区,太湖片-苏沪嘉小片,,,戈,K,髁,,,
TX01,桐乡城区,太湖片-苏沪嘉小片,,,戈,K,蝌,,,
TX01,桐乡城区,太湖片-苏沪嘉小片,,,戈,K,颗,,,
TX01,桐乡城区,太湖片-苏沪嘉小片,,,戈,K,课,u,,
TX01,桐乡城区,太湖片-苏沪嘉小片,,,戈,K,讹,,,
TX01,桐乡城区,太湖片-苏沪嘉小片,,,戈,K,卧,u,,
TX01,桐乡城区,太湖片-苏沪嘉小片,,,戈,Ø,火,u,,
TX01,桐乡城区,太湖片-苏沪嘉小片,,,戈,Ø,伙,u,,
TX01,桐乡城区,太湖片-苏沪嘉小片,,,戈,Ø,货,u,,
TX01,桐乡城区,太湖片-苏沪嘉小片,,,戈,Ø,和,u,,
TX01,桐乡城区,太湖片-苏沪嘉小片,,,戈,Ø,禾,,,
TX01,桐乡城区,太湖片-苏沪嘉小片,,,戈,Ø,祸,,,
TX01,桐乡城区,太湖片-苏沪嘉小片,,,戈,Ø,夥,,,
TX01,桐乡城区,太湖片-苏沪嘉小片,,,戈,Ø,和,u,,
TX01,桐乡城区,太湖片-苏沪嘉小片,,,戈,Ø,倭,,,
TX01,桐乡城区,太湖片-苏沪嘉小片,,,戈,Ø,踒,,,
TX01,桐乡城区,太湖片-苏沪嘉小片,,,戈,Ø,窝,u,,
TX01,桐乡城区,太湖片-苏沪嘉小片,,,戈,Ø,涡,,,
TX01,桐乡城区,太湖片-苏沪嘉小片,,,戈,Ø,莴,,,
TX01,桐乡城区,太湖片-苏沪嘉小片,,,戈,Ø,涴,,,
TX01,桐乡城区,太湖片-苏沪嘉小片,,,戈,Ø,瘸,,,
TX01,桐乡城区,太湖片-苏沪嘉小片,,,戈,Ø,靴,,,
TX01,桐乡城区,太湖片-苏沪嘉小片,,,戈,Ø,�,,,
TX01,桐乡城区,太湖片-苏沪嘉小片,,,麻,P,巴,o/a,白读/文读,
TX01,桐乡城区,太湖片-苏沪嘉小片,,,麻,P,芭,o/a,白读/文读,
TX01,桐乡城区,太湖片-苏沪嘉小片,,,麻,P,疤,o/a,白读/文读,
TX01,桐乡城区,太湖片-苏沪嘉小片,,,麻,P,笆,,,
TX01,桐乡城区,太湖片-苏沪嘉小片,,,麻,P,吧,,,
TX01,桐乡城区,太湖片-苏沪嘉小片,,,麻,P,把,o/a,白读/文读,
TX01,桐乡城区,太湖片-苏沪嘉小片,,,麻,P,靶,a,,
TX01,桐乡城区,太湖片-苏沪嘉小片,,,麻,P,霸,o/a,白读/文读,
TX01,桐乡城区,太湖片-苏沪嘉小片,,,麻,P,欛,,,
TX01,桐乡城区,太湖片-苏沪嘉小片,,,麻,P,壩,,,
TX01,桐乡城区,太湖片-苏沪嘉小片,,,麻,P,坝,o/a,白读/文读,
TX01,桐乡城区,太湖片-苏沪嘉小片,,,麻,P,爸,a,,
TX01,桐乡城区,太湖片-苏沪嘉小片,,,麻,P,怕,o/a,白读/文读,
TX01,桐乡城区,太湖片-苏沪嘉小片,,,麻,P,帕,,,
TX01,桐乡城区,太湖片-苏沪嘉小片,,,麻,P,爬,o/a,白读/文读,
TX01,桐乡城区,太湖片-苏沪嘉小片,,,麻,P,琶,o,,
TX01,桐乡城区,太湖片-苏沪嘉小片,,,麻,P,杷,o,,
TX01,桐乡城区,太湖片-苏沪嘉小片,,,麻,P,钯,,,
TX01,桐乡城区,太湖片-苏沪嘉小片,,,麻,P,耙,o/a,白读/文读,
TX01,桐乡城区,太湖片-苏沪嘉小片,,,麻,M,麻,o,,
TX01,桐乡城区,太湖片-苏沪嘉小片,,,麻,M,痲,,,
TX01,桐乡城区,太湖片-苏沪嘉小片,,,麻,M,蟆,,,
TX01,桐乡城区,太湖片-苏沪嘉小片,,,麻,M,妈,a,,
TX01,桐乡城区,太湖片-苏沪嘉小片,,,麻,M,马,o/a,白读/文读,
TX01,桐乡城区,太湖片-苏沪嘉小片,,,麻,M,码,,,
TX01,桐乡城区,太湖片-苏沪嘉小片,,,麻,M,玛,a,,
TX01,桐乡城区,太湖片-苏沪嘉小片,,,麻,M,蚂,,,
TX01,桐乡城区,太湖片-苏沪嘉小片,,,麻,M,骂,o/a,白读/文读,
TX01,桐乡城区,太湖片-苏沪嘉小片,,,麻,N,拿,o/a,白读/加～大,
TX01,桐乡城区,太湖片-苏沪嘉小片,,,麻,TS,茶,o,,
TX01,桐乡城区,太湖片-苏沪嘉小片,,,麻,TS,搽,,,
TX01,桐乡城区,太湖片-苏沪嘉小片,,,麻,TS,䖳,,,
TX01,桐乡城区,太湖片-苏沪嘉小片,,,麻,TS*,楂,,,
TX01,桐乡城区,太湖片-苏沪嘉小片,,,麻,TS*,渣,o/a,白读/文读,
TX01,桐乡城区,太湖片-苏沪嘉小片,,,麻,TS*,诈,o/a,白读/文读,
TX01,桐乡城区,太湖片-苏沪嘉小片,,,麻,TS*,榨,o/a,白读/文读,
TX01,桐乡城区,太湖片-苏沪嘉小片,,,麻,TS*,炸,o/a,白读/文读,
TX01,桐乡城区,太湖片-苏沪嘉小片,,,麻,TS*,叉,o/a,白读/文读,
TX01,桐乡城区,太湖片-苏沪嘉小片,,,麻,TS*,杈,,,
TX01,桐乡城区,太湖片-苏沪嘉小片,,,麻,TS*,差,o,,
TX01,桐乡城区,太湖片-苏沪嘉小片,,,麻,TS*,岔,o,,
TX01,桐乡城区,太湖片-苏沪嘉小片,,,麻,TS*,差,o,,
TX01,桐乡城区,太湖片-苏沪嘉小片,,,麻,TS*,茬,,,
TX01,桐乡城区,太湖片-苏沪嘉小片,,,麻,TS*,查,o,,
TX01,桐乡城区,太湖片-苏沪嘉小片,,,麻,TS*,乍,,,
TX01,桐乡城区,太湖片-苏沪嘉小片,,,麻,TS*,沙,o,,
TX01,桐乡城区,太湖片-苏沪嘉小片,,,麻,TS*,纱,o,,
TX01,桐乡城区,太湖片-苏沪嘉小片,,,麻,TS*,痧,o,,
TX01,桐乡城区,太湖片-苏沪嘉小片,,,麻,TS*,砂,o,,
TX01,桐乡城区,太湖片-苏沪嘉小片,,,麻,TS*,鲨,o,,
TX01,桐乡城区,太湖片-苏沪嘉小片,,,麻,TS*,裟,o,,
TX01,桐乡城区,太湖片-苏沪嘉小片,,,麻,TS*,洒,a,,
TX01,桐乡城区,太湖片-苏沪嘉小片,,,麻,TS*,厦,,,
TX01,桐乡城区,太湖片-苏沪嘉小片,,,麻,K,家,a,文读,
TX01,桐乡城区,太湖片-苏沪嘉小片,,,麻,K,傢,,,
TX01,桐乡城区,太湖片-苏沪嘉小片,,,麻,K,加,a,文读,
TX01,桐乡城区,太湖片-苏沪嘉小片,,,麻,K,痂,,,
TX01,桐乡城区,太湖片-苏沪嘉小片,,,麻,K,嘉,a,文读,
TX01,桐乡城区,太湖片-苏沪嘉小片,,,麻,K,枷,,,
TX01,桐乡城区,太湖片-苏沪嘉小片,,,麻,K,袈,,,
TX01,桐乡城区,太湖片-苏沪嘉小片,,,麻,K,假,a,文读,
TX01,桐乡城区,太湖片-苏沪嘉小片,,,麻,K,贾,ia,,
TX01,桐乡城区,太湖片-苏沪嘉小片,,,麻,K,假,a,文读,
TX01,桐乡城区,太湖片-苏沪嘉小片,,,麻,K,架,a,文读,
TX01,桐乡城区,太湖片-苏沪嘉小片,,,麻,K,驾,ia,,
TX01,桐乡城区,太湖片-苏沪嘉小片,,,麻,K,嫁,a,,
TX01,桐乡城区,太湖片-苏沪嘉小片,,,麻,K,稼,,,
TX01,桐乡城区,太湖片-苏沪嘉小片,,,麻,K,价,a,,
TX01,桐乡城区,太湖片-苏沪嘉小片,,,麻,K,揢,,,
TX01,桐乡城区,太湖片-苏沪嘉小片,,,麻,K,牙,a,,
TX01,桐乡城区,太湖片-苏沪嘉小片,,,麻,K,芽,a,,
TX01,桐乡城区,太湖片-苏沪嘉小片,,,麻,K,衙,a,,
TX01,桐乡城区,太湖片-苏沪嘉小片,,,麻,K,伢,,,
TX01,桐乡城区,太湖片-苏沪嘉小片,,,麻,K,蚜,,,
TX01,桐乡城区,太湖片-苏沪嘉小片,,,麻,K,雅,,,
TX01,桐乡城区,太湖片-苏沪嘉小片,,,麻,K,砑,,,
TX01,桐乡城区,太湖片-苏沪嘉小片,,,麻,Ø,虾,o,,
TX01,桐乡城区,太湖片-苏沪嘉小片,,,麻,Ø,�,,,
TX01,桐乡城区,太湖片-苏沪嘉小片,,,麻,Ø,嚇,,,
TX01,桐乡城区,太湖片-苏沪嘉小片,,,麻,Ø,霞,ia,,
TX01,桐乡城区,太湖片-苏沪嘉小片,,,麻,Ø,瑕,,,
TX01,桐乡城区,太湖片-苏沪嘉小片,,,麻,Ø,遐,,,
TX01,桐乡城区,太湖片-苏沪嘉小片,,,麻,Ø,蝦,,,
TX01,桐乡城区,太湖片-苏沪嘉小片,,,麻,Ø,下,o,,
TX01,桐乡城区,太湖片-苏沪嘉小片,,,麻,Ø,夏,o,,
TX01,桐乡城区,太湖片-苏沪嘉小片,,,麻,Ø,厦,,,
TX01,桐乡城区,太湖片-苏沪嘉小片,,,麻,Ø,下,o,,
TX01,桐乡城区,太湖片-苏沪嘉小片,,,麻,Ø,夏,,,
TX01,桐乡城区,太湖片-苏沪嘉小片,,,麻,Ø,暇,,,
TX01,桐乡城区,太湖片-苏沪嘉小片,,,麻,Ø,鸦,o,,
TX01,桐乡城区,太湖片-苏沪嘉小片,,,麻,Ø,丫,,,
TX01,桐乡城区,太湖片-苏沪嘉小片,,,麻,Ø,桠,,,
TX01,桐乡城区,太湖片-苏沪嘉小片,,,麻,Ø,哑,o,,
TX01,桐乡城区,太湖片-苏沪嘉小片,,,麻,Ø,亚,ia,,
TX01,桐乡城区,太湖片-苏沪嘉小片,,,模,P,补,u,,
TX01,桐乡城区,太湖片-苏沪嘉小片,,,模,P,谱,u,,
TX01,桐乡城区,太湖片-苏沪嘉小片,,,模,P,哺,,,
TX01,桐乡城区,太湖片-苏沪嘉小片,,,模,P,布,u,,
TX01,桐乡城区,太湖片-苏沪嘉小片,,,模,P,佈,,,
TX01,桐乡城区,太湖片-苏沪嘉小片,,,模,P,铺,u,,
TX01,桐乡城区,太湖片-苏沪嘉小片,,,模,P,潽,,,
TX01,桐乡城区,太湖片-苏沪嘉小片,,,模,P,普,u,,
TX01,桐乡城区,太湖片-苏沪嘉小片,,,模,P,浦,u,,
TX01,桐乡城区,太湖片-苏沪嘉小片,,,模,P,铺,u,,
TX01,桐乡城区,太湖片-苏沪嘉小片,,,模,P,怖,,,
TX01,桐乡城区,太湖片-苏沪嘉小片,,,模,P,蒲,u,,
TX01,桐乡城区,太湖片-苏沪嘉小片,,,模,P,菩,u,,
TX01,桐乡城区,太湖片-苏沪嘉小片,,,模,P,脯,u,,
TX01,桐乡城区,太湖片-苏沪嘉小片,,,模,P,葡,,,
TX01,桐乡城区,太湖片-苏沪嘉小片,,,模,P,莆,,,
TX01,桐乡城区,太湖片-苏沪嘉小片,,,模,P,部,u,,
TX01,桐乡城区,太湖片-苏沪嘉小片,,,模,P,簿,u,,
TX01,桐乡城区,太湖片-苏沪嘉小片,,,模,P,篰,,,
TX01,桐乡城区,太湖片-苏沪嘉小片,,,模,P,步,u,,
TX01,桐乡城区,太湖片-苏沪嘉小片,,,模,P,捕,u,,
TX01,桐乡城区,太湖片-苏沪嘉小片,,,模,P,埠,u,,
TX01,桐乡城区,太湖片-苏沪嘉小片,,,模,M,模,o,,
TX01,桐乡城区,太湖片-苏沪嘉小片,,,模,M,模,o,,
TX01,桐乡城区,太湖片-苏沪嘉小片,,,模,M,摹,,,
TX01,桐乡城区,太湖片-苏沪嘉小片,,,模,M,姥,,,
TX01,桐乡城区,太湖片-苏沪嘉小片,,,模,M,暮,o,,
TX01,桐乡城区,太湖片-苏沪嘉小片,,,模,M,慕,o,,
TX01,桐乡城区,太湖片-苏沪嘉小片,,,模,M,墓,,,
TX01,桐乡城区,太湖片-苏沪嘉小片,,,模,M,募,,,
TX01,桐乡城区,太湖片-苏沪嘉小片,,,模,M,睦,,,
TX01,桐乡城区,太湖片-苏沪嘉小片,,,模,T,都,u,,
TX01,桐乡城区,太湖片-苏沪嘉小片,,,模,T,都,u,,
TX01,桐乡城区,太湖片-苏沪嘉小片,,,模,T,赌,u,,
TX01,桐乡城区,太湖片-苏沪嘉小片,,,模,T,堵,u,,
TX01,桐乡城区,太湖片-苏沪嘉小片,,,模,T,肚,,,
TX01,桐乡城区,太湖片-苏沪嘉小片,,,模,T,睹,,,
TX01,桐乡城区,太湖片-苏沪嘉小片,,,模,T,妒,,,
TX01,桐乡城区,太湖片-苏沪嘉小片,,,模,T,土,u,,
TX01,桐乡城区,太湖片-苏沪嘉小片,,,模,T,吐,u,,
TX01,桐乡城区,太湖片-苏沪嘉小片,,,模,T,吐,u,,
TX01,桐乡城区,太湖片-苏沪嘉小片,,,模,T,兔,u,,
TX01,桐乡城区,太湖片-苏沪嘉小片,,,模,T,徒,u,,
TX01,桐乡城区,太湖片-苏沪嘉小片,,,模,T,屠,u,,
TX01,桐乡城区,太湖片-苏沪嘉小片,,,模,T,途,u,,
TX01,桐乡城区,太湖片-苏沪嘉小片,,,模,T,涂,,,
TX01,桐乡城区,太湖片-苏沪嘉小片,,,模,T,图,u,,
TX01,桐乡城区,太湖片-苏沪嘉小片,,,模,T,杜,u,,
TX01,桐乡城区,太湖片-苏沪嘉小片,,,模,T,肚,u,,
TX01,桐乡城区,太湖片-苏沪嘉小片,,,模,T,度,u,,
TX01,桐乡城区,太湖片-苏沪嘉小片,,,模,T,渡,,,
TX01,桐乡城区,太湖片-苏沪嘉小片,,,模,T,镀,u,,
TX01,桐乡城区,太湖片-苏沪嘉小片,,,模,N,奴,u,,
TX01,桐乡城区,太湖片-苏沪嘉小片,,,模,N,努,u,,
TX01,桐乡城区,太湖片-苏沪嘉小片,,,模,N,怒,u,,
TX01,桐乡城区,太湖片-苏沪嘉小片,,,模,L,卢,,,
TX01,桐乡城区,太湖片-苏沪嘉小片,,,模,L,炉,,,
TX01,桐乡城区,太湖片-苏沪嘉小片,,,模,L,芦,,,
TX01,桐乡城区,太湖片-苏沪嘉小片,,,模,L,鸬,,,
TX01,桐乡城区,太湖片-苏沪嘉小片,,,模,L,颅,,,
TX01,桐乡城区,太湖片-苏沪嘉小片,,,模,L,鲈,,,
TX01,桐乡城区,太湖片-苏沪嘉小片,,,模,L,鲁,u,,
TX01,桐乡城区,太湖片-苏沪嘉小片,,,模,L,橹,u,,
TX01,桐乡城区,太湖片-苏沪嘉小片,,,模,L,虏,,,
TX01,桐乡城区,太湖片-苏沪嘉小片,,,模,L,卤,u,,
TX01,桐乡城区,太湖片-苏沪嘉小片,,,模,L,路,u,,
TX01,桐乡城区,太湖片-苏沪嘉小片,,,模,L,赂,,,
TX01,桐乡城区,太湖片-苏沪嘉小片,,,模,L,露,u,,
TX01,桐乡城区,太湖片-苏沪嘉小片,,,模,L,鹭,,,
TX01,桐乡城区,太湖片-苏沪嘉小片,,,模,TS,租,u,,
TX01,桐乡城区,太湖片-苏沪嘉小片,,,模,TS,祖,u,,
TX01,桐乡城区,太湖片-苏沪嘉小片,,,模,TS,组,u,,
TX01,桐乡城区,太湖片-苏沪嘉小片,,,模,TS,做,u,,
TX01,桐乡城区,太湖片-苏沪嘉小片,,,模,TS,粗,u,,
TX01,桐乡城区,太湖片-苏沪嘉小片,,,模,TS,醋,u,,
TX01,桐乡城区,太湖片-苏沪嘉小片,,,模,TS,措,u,,
TX01,桐乡城区,太湖片-苏沪嘉小片,,,模,TS,错,o,,
TX01,桐乡城区,太湖片-苏沪嘉小片,,,模,TS,苏,u,,
TX01,桐乡城区,太湖片-苏沪嘉小片,,,模,TS,酥,u,,
TX01,桐乡城区,太湖片-苏沪嘉小片,,,模,TS,素,u,,
TX01,桐乡城区,太湖片-苏沪嘉小片,,,模,TS,诉,u,,
TX01,桐乡城区,太湖片-苏沪嘉小片,,,模,TS,塑,,,
TX01,桐乡城区,太湖片-苏沪嘉小片,,,模,TS,嗉,,,
TX01,桐乡城区,太湖片-苏沪嘉小片,,,模,K,姑,u,,
TX01,桐乡城区,太湖片-苏沪嘉小片,,,模,K,孤,u,,
TX01,桐乡城区,太湖片-苏沪嘉小片,,,模,K,箍,,,
TX01,桐乡城区,太湖片-苏沪嘉小片,,,模,K,辜,,,
TX01,桐乡城区,太湖片-苏沪嘉小片,,,模,K,菇,,,
TX01,桐乡城区,太湖片-苏沪嘉小片,,,模,K,鸪,,,
TX01,桐乡城区,太湖片-苏沪嘉小片,,,模,K,蛄,,,
TX01,桐乡城区,太湖片-苏沪嘉小片,,,模,K,古,u,,
TX01,桐乡城区,太湖片-苏沪嘉小片,,,模,K,估,,,
TX01,桐乡城区,太湖片-苏沪嘉小片,,,模,K,盬,,,
TX01,桐乡城区,太湖片-苏沪嘉小片,,,模,K,牯,,,
TX01,桐乡城区,太湖片-苏沪嘉小片,,,模,K,股,u,,
TX01,桐乡城区,太湖片-苏沪嘉小片,,,模,K,鼓,u,,
TX01,桐乡城区,太湖片-苏沪嘉小片,,,模,K,蛊,,,
TX01,桐乡城区,太湖片-苏沪嘉小片,,,模,K,故,u,,
TX01,桐乡城区,太湖片-苏沪嘉小片,,,模,K,固,u,,
TX01,桐乡城区,太湖片-苏沪嘉小片,,,模,K,锢,,,
TX01,桐乡城区,太湖片-苏沪嘉小片,,,模,K,雇,u,,
TX01,桐乡城区,太湖片-苏沪嘉小片,,,模,K,顾,u,,
TX01,桐乡城区,太湖片-苏沪嘉小片,,,模,K,枯,u,,
TX01,桐乡城区,太湖片-苏沪嘉小片,,,模,K,苦,u,,
TX01,桐乡城区,太湖片-苏沪嘉小片,,,模,K,库,u,,
TX01,桐乡城区,太湖片-苏沪嘉小片,,,模,K,裤,u,,
TX01,桐乡城区,太湖片-苏沪嘉小片,,,模,K,吴,u,,
TX01,桐乡城区,太湖片-苏沪嘉小片,,,模,K,蜈,,,
TX01,桐乡城区,太湖片-苏沪嘉小片,,,模,K,吾,,,
TX01,桐乡城区,太湖片-苏沪嘉小片,,,模,K,梧,u,,
TX01,桐乡城区,太湖片-苏沪嘉小片,,,模,K,五,,,
TX01,桐乡城区,太湖片-苏沪嘉小片,,,模,K,伍,u,,
TX01,桐乡城区,太湖片-苏沪嘉小片,,,模,K,午,u,,
TX01,桐乡城区,太湖片-苏沪嘉小片,,,模,K,忤,,,
TX01,桐乡城区,太湖片-苏沪嘉小片,,,模,K,误,,,
TX01,桐乡城区,太湖片-苏沪嘉小片,,,模,K,悟,,,
TX01,桐乡城区,太湖片-苏沪嘉小片,,,模,Ø,呼,u,,
TX01,桐乡城区,太湖片-苏沪嘉小片,,,模,Ø,虎,u,,
TX01,桐乡城区,太湖片-苏沪嘉小片,,,模,Ø,浒,,,
TX01,桐乡城区,太湖片-苏沪嘉小片,,,模,Ø,琥,,,
TX01,桐乡城区,太湖片-苏沪嘉小片,,,模,Ø,戽,,,
TX01,桐乡城区,太湖片-苏沪嘉小片,,,模,Ø,胡,u,,
TX01,桐乡城区,太湖片-苏沪嘉小片,,,模,Ø,湖,u,,
TX01,桐乡城区,太湖片-苏沪嘉小片,,,模,Ø,狐,,,
TX01,桐乡城区,太湖片-苏沪嘉小片,,,模,Ø,壶,,,
TX01,桐乡城区,太湖片-苏沪嘉小片,,,模,Ø,乎,,,
TX01,桐乡城区,太湖片-苏沪嘉小片,,,模,Ø,瓠,,,
TX01,桐乡城区,太湖片-苏沪嘉小片,,,模,Ø,鬍,,,
TX01,桐乡城区,太湖片-苏沪嘉小片,,,模,Ø,糊,u,,
TX01,桐乡城区,太湖片-苏沪嘉小片,,,模,Ø,蝴,,,
TX01,桐乡城区,太湖片-苏沪嘉小片,,,模,Ø,瑚,,,
TX01,桐乡城区,太湖片-苏沪嘉小片,,,模,Ø,户,u,,
TX01,桐乡城区,太湖片-苏沪嘉小片,,,模,Ø,沪,,,
TX01,桐乡城区,太湖片-苏沪嘉小片,,,模,Ø,互,,,
TX01,桐乡城区,太湖片-苏沪嘉小片,,,模,Ø,护,u,,
TX01,桐乡城区,太湖片-苏沪嘉小片,,,模,Ø,瓠,,,
TX01,桐乡城区,太湖片-苏沪嘉小片,,,模,Ø,糊,u,,
TX01,桐乡城区,太湖片-苏沪嘉小片,,,模,Ø,乌,u,,
TX01,桐乡城区,太湖片-苏沪嘉小片,,,模,Ø,污,u,,
TX01,桐乡城区,太湖片-苏沪嘉小片,,,模,Ø,坞,,,
TX01,桐乡城区,太湖片-苏沪嘉小片,,,模,Ø,恶,,,
TX01,桐乡城区,太湖片-苏沪嘉小片,,,豪,P,褒,ɔ,,
TX01,桐乡城区,太湖片-苏沪嘉小片,,,豪,P,保,ɔ,,
TX01,桐乡城区,太湖片-苏沪嘉小片,,,豪,P,堡,ɔ,,
TX01,桐乡城区,太湖片-苏沪嘉小片,,,豪,P,宝,ɔ,,
TX01,桐乡城区,太湖片-苏沪嘉小片,,,豪,P,报,ɔ,,
TX01,桐乡城区,太湖片-苏沪嘉小片,,,豪,P,袍,ɔ,,
TX01,桐乡城区,太湖片-苏沪嘉小片,,,豪,P,抱,ɔ,,
TX01,桐乡城区,太湖片-苏沪嘉小片,,,豪,P,暴,ɔ,,
TX01,桐乡城区,太湖片-苏沪嘉小片,,,豪,P,菢,,,
TX01,桐乡城区,太湖片-苏沪嘉小片,,,豪,M,毛,ɔ,,
TX01,桐乡城区,太湖片-苏沪嘉小片,,,豪,M,冒,ɔ,,
TX01,桐乡城区,太湖片-苏沪嘉小片,,,豪,M,帽,ɔ,,
TX01,桐乡城区,太湖片-苏沪嘉小片,,,豪,M,瑁,ɔ,,
TX01,桐乡城区,太湖片-苏沪嘉小片,,,豪,T,刀,ɔ,,
TX01,桐乡城区,太湖片-苏沪嘉小片,,,豪,T,叨,ɔ,,
TX01,桐乡城区,太湖片-苏沪嘉小片,,,豪,T,祷,ɔ,,
TX01,桐乡城区,太湖片-苏沪嘉小片,,,豪,T,岛,ɔ,,
TX01,桐乡城区,太湖片-苏沪嘉小片,,,豪,T,倒,ɔ,,
TX01,桐乡城区,太湖片-苏沪嘉小片,,,豪,T,捣,ɔ,,
TX01,桐乡城区,太湖片-苏沪嘉小片,,,豪,T,到,ɔ,,
TX01,桐乡城区,太湖片-苏沪嘉小片,,,豪,T,倒,ɔ,,
TX01,桐乡城区,太湖片-苏沪嘉小片,,,豪,T,滔,ɔ,,
TX01,桐乡城区,太湖片-苏沪嘉小片,,,豪,T,掏,ɔ,,
TX01,桐乡城区,太湖片-苏沪嘉小片,,,豪,T,讨,ɔ,,
TX01,桐乡城区,太湖片-苏沪嘉小片,,,豪,T,套,ɔ,,
TX01,桐乡城区,太湖片-苏沪嘉小片,,,豪,T,桃,ɔ,,
TX01,桐乡城区,太湖片-苏沪嘉小片,,,豪,T,逃,ɔ,,
TX01,桐乡城区,太湖片-苏沪嘉小片,,,豪,T,淘,ɔ,,
TX01,桐乡城区,太湖片-苏沪嘉小片,,,豪,T,陶,ɔ,,
TX01,桐乡城区,太湖片-苏沪嘉小片,,,豪,T,萄,ɔ,,
TX01,桐乡城区,太湖片-苏沪嘉小片,,,豪,T,涛,ɔ,,
TX01,桐乡城区,太湖片-苏沪嘉小片,,,豪,T,道,ɔ,,
TX01,桐乡城区,太湖片-苏沪嘉小片,,,豪,T,稻,ɔ,,
TX01,桐乡城区,太湖片-苏沪嘉小片,,,豪,T,盗,ɔ,,
TX01,桐乡城区,太湖片-苏沪嘉小片,,,豪,T,导,ɔ,,
TX01,桐乡城区,太湖片-苏沪嘉小片,,,豪,T,蹈,,,
TX01,桐乡城区,太湖片-苏沪嘉小片,,,豪,N,脑,ɔ,,
TX01,桐乡城区,太湖片-苏沪嘉小片,,,豪,N,恼,ɔ,,
TX01,桐乡城区,太湖片-苏沪嘉小片,,,豪,L,劳,ɔ,,
TX01,桐乡城区,太湖片-苏沪嘉小片,,,豪,L,捞,ɔ,,
TX01,桐乡城区,太湖片-苏沪嘉小片,,,豪,L,唠,ɔ,,
TX01,桐乡城区,太湖片-苏沪嘉小片,,,豪,L,牢,ɔ,,
TX01,桐乡城区,太湖片-苏沪嘉小片,,,豪,L,痨,,,
TX01,桐乡城区,太湖片-苏沪嘉小片,,,豪,L,老,ɔ,,
TX01,桐乡城区,太湖片-苏沪嘉小片,,,豪,L,佬,,,
TX01,桐乡城区,太湖片-苏沪嘉小片,,,豪,L,涝,ɔ,,
TX01,桐乡城区,太湖片-苏沪嘉小片,,,豪,TS,遭,ɔ,,
TX01,桐乡城区,太湖片-苏沪嘉小片,,,豪,TS,糟,ɔ,,
TX01,桐乡城区,太湖片-苏沪嘉小片,,,豪,TS,早,ɔ,,
TX01,桐乡城区,太湖片-苏沪嘉小片,,,豪,TS,枣,ɔ,,
TX01,桐乡城区,太湖片-苏沪嘉小片,,,豪,TS,蚤,,,
TX01,桐乡城区,太湖片-苏沪嘉小片,,,豪,TS,澡,ɔ,,
TX01,桐乡城区,太湖片-苏沪嘉小片,,,豪,TS,藻,,,
TX01,桐乡城区,太湖片-苏沪嘉小片,,,豪,TS,躁,ɔ,,
TX01,桐乡城区,太湖片-苏沪嘉小片,,,豪,TS,灶,ɔ,,
TX01,桐乡城区,太湖片-苏沪嘉小片,,,豪,TS,操,ɔ,,
TX01,桐乡城区,太湖片-苏沪嘉小片,,,豪,TS,草,ɔ,,
TX01,桐乡城区,太湖片-苏沪嘉小片,,,豪,TS,騲,,,
TX01,桐乡城区,太湖片-苏沪嘉小片,,,豪,TS,糙,ɔ,,
TX01,桐乡城区,太湖片-苏沪嘉小片,,,豪,TS,曹,ɔ,,
TX01,桐乡城区,太湖片-苏沪嘉小片,,,豪,TS,槽,ɔ,,
TX01,桐乡城区,太湖片-苏沪嘉小片,,,豪,TS,皂,ɔ,,
TX01,桐乡城区,太湖片-苏沪嘉小片,,,豪,TS,造,ɔ,,
TX01,桐乡城区,太湖片-苏沪嘉小片,,,豪,TS,骚,ɔ,,
TX01,桐乡城区,太湖片-苏沪嘉小片,,,豪,TS,臊,ɔ,,
TX01,桐乡城区,太湖片-苏沪嘉小片,,,豪,TS,扫,ɔ,,
TX01,桐乡城区,太湖片-苏沪嘉小片,,,豪,TS,嫂,ɔ,,
TX01,桐乡城区,太湖片-苏沪嘉小片,,,豪,TS,扫,ɔ,,
TX01,桐乡城区,太湖片-苏沪嘉小片,,,豪,TS,燥,,,
TX01,桐乡城区,太湖片-苏沪嘉小片,,,豪,K,高,ɔ,,
TX01,桐乡城区,太湖片-苏沪嘉小片,,,豪,K,膏,ɔ,,
TX01,桐乡城区,太湖片-苏沪嘉小片,,,豪,K,篙,,,
TX01,桐乡城区,太湖片-苏沪嘉小片,,,豪,K,羔,ɔ,,
TX01,桐乡城区,太湖片-苏沪嘉小片,,,豪,K,糕,ɔ,,
TX01,桐乡城区,太湖片-苏沪嘉小片,,,豪,K,稿,ɔ,,
TX01,桐乡城区,太湖片-苏沪嘉小片,,,豪,K,告,ɔ,,
TX01,桐乡城区,太湖片-苏沪嘉小片,,,豪,K,膏,ɔ,,
TX01,桐乡城区,太湖片-苏沪嘉小片,,,豪,K,考,ɔ,,
TX01,桐乡城区,太湖片-苏沪嘉小片,,,豪,K,烤,ɔ,,
TX01,桐乡城区,太湖片-苏沪嘉小片,,,豪,K,拷,ɔ,,
TX01,桐乡城区,太湖片-苏沪嘉小片,,,豪,K,靠,ɔ,,
TX01,桐乡城区,太湖片-苏沪嘉小片,,,豪,K,犒,ɔ,,
TX01,桐乡城区,太湖片-苏沪嘉小片,,,豪,K,铐,,,
TX01,桐乡城区,太湖片-苏沪嘉小片,,,豪,K,㸆,,,
TX01,桐乡城区,太湖片-苏沪嘉小片,,,豪,K,熬,ɔ,,
TX01,桐乡城区,太湖片-苏沪嘉小片,,,豪,K,敖,,,
TX01,桐乡城区,太湖片-苏沪嘉小片,,,豪,K,鳌,,,
TX01,桐乡城区,太湖片-苏沪嘉小片,,,豪,K,傲,ɔ,,
TX01,桐乡城区,太湖片-苏沪嘉小片,,,豪,K,鏊,,,
TX01,桐乡城区,太湖片-苏沪嘉小片,,,豪,Ø,蒿,ɔ,,
TX01,桐乡城区,太湖片-苏沪嘉小片,,,豪,Ø,薅,ɔ,,
TX01,桐乡城区,太湖片-苏沪嘉小片,,,豪,Ø,好,ɔ,,
TX01,桐乡城区,太湖片-苏沪嘉小片,,,豪,Ø,好,ɔ,,
TX01,桐乡城区,太湖片-苏沪嘉小片,,,豪,Ø,耗,ɔ,,
TX01,桐乡城区,太湖片-苏沪嘉小片,,,豪,Ø,豪,ɔ,,
TX01,桐乡城区,太湖片-苏沪嘉小片,,,豪,Ø,壕,,,
TX01,桐乡城区,太湖片-苏沪嘉小片,,,豪,Ø,毫,ɔ,,
TX01,桐乡城区,太湖片-苏沪嘉小片,,,豪,Ø,号,ɔ,,
TX01,桐乡城区,太湖片-苏沪嘉小片,,,豪,Ø,蠔,,,
TX01,桐乡城区,太湖片-苏沪嘉小片,,,豪,Ø,浩,ɔ,,
TX01,桐乡城区,太湖片-苏沪嘉小片,,,豪,Ø,号,ɔ,,
TX01,桐乡城区,太湖片-苏沪嘉小片,,,豪,Ø,爊,,,
TX01,桐乡城区,太湖片-苏沪嘉小片,,,豪,Ø,袄,ɔ,,
TX01,桐乡城区,太湖片-苏沪嘉小片,,,豪,Ø,懊,ɔ,,
TX01,桐乡城区,太湖片-苏沪嘉小片,,,豪,Ø,奥,ɔ,,
TX01,桐乡城区,太湖片-苏沪嘉小片,,,豪,Ø,懊,ɔ,,
TX01,桐乡城区,太湖片-苏沪嘉小片,,,豪,Ø,澳,ɔ,,
TX01,桐乡城区,太湖片-苏沪嘉小片,,,侯,P,剖,u,,
TX01,桐乡城区,太湖片-苏沪嘉小片,,,侯,M,某,əɯ,,
TX01,桐乡城区,太湖片-苏沪嘉小片,,,侯,M,亩,əɯ/m,文读/白读,
TX01,桐乡城区,太湖片-苏沪嘉小片,,,侯,M,牡,,,
TX01,桐乡城区,太湖片-苏沪嘉小片,,,侯,M,母,u,白读,
TX01,桐乡城区,太湖片-苏沪嘉小片,,,侯,M,拇,m,,
TX01,桐乡城区,太湖片-苏沪嘉小片,,,侯,M,戊,,,
TX01,桐乡城区,太湖片-苏沪嘉小片,,,侯,M,茂,,,
TX01,桐乡城区,太湖片-苏沪嘉小片,,,侯,M,贸,ɔ,,
TX01,桐乡城区,太湖片-苏沪嘉小片,,,侯,T,兜,əɯ,,
TX01,桐乡城区,太湖片-苏沪嘉小片,,,侯,T,斗,əɯ,,
TX01,桐乡城区,太湖片-苏沪嘉小片,,,侯,T,抖,əɯ,,
TX01,桐乡城区,太湖片-苏沪嘉小片,,,侯,T,陡,,,
TX01,桐乡城区,太湖片-苏沪嘉小片,,,侯,T,蚪,,,
TX01,桐乡城区,太湖片-苏沪嘉小片,,,侯,T,斗,əɯ,,
TX01,桐乡城区,太湖片-苏沪嘉小片,,,侯,T,偷,əɯ,,
TX01,桐乡城区,太湖片-苏沪嘉小片,,,侯,T,敨,əɯ,,
TX01,桐乡城区,太湖片-苏沪嘉小片,,,侯,T,透,əɯ,,
TX01,桐乡城区,太湖片-苏沪嘉小片,,,侯,T,头,əɯ,,
TX01,桐乡城区,太湖片-苏沪嘉小片,,,侯,T,投,əɯ,,
TX01,桐乡城区,太湖片-苏沪嘉小片,,,侯,T,骰,,,
TX01,桐乡城区,太湖片-苏沪嘉小片,,,侯,T,豆,əɯ,,
TX01,桐乡城区,太湖片-苏沪嘉小片,,,侯,T,逗,,,
TX01,桐乡城区,太湖片-苏沪嘉小片,,,侯,T,痘,əɯ,,
TX01,桐乡城区,太湖片-苏沪嘉小片,,,侯,T,脰,,,
TX01,桐乡城区,太湖片-苏沪嘉小片,,,侯,L,楼,,,
TX01,桐乡城区,太湖片-苏沪嘉小片,,,侯,L,搂,,,
TX01,桐乡城区,太湖片-苏沪嘉小片,,,侯,L,耧,,,
TX01,桐乡城区,太湖片-苏沪嘉小片,,,侯,L,娄,,,
TX01,桐乡城区,太湖片-苏沪嘉小片,,,侯,L,搂,,,
TX01,桐乡城区,太湖片-苏沪嘉小片,,,侯,L,篓,əɯ,,
TX01,桐乡城区,太湖片-苏沪嘉小片,,,侯,L,溇,,,
TX01,桐乡城区,太湖片-苏沪嘉小片,,,侯,L,漏,əɯ,,
TX01,桐乡城区,太湖片-苏沪嘉小片,,,侯,L,陋,,,
TX01,桐乡城区,太湖片-苏沪嘉小片,,,侯,TS,走,əɯ,,
TX01,桐乡城区,太湖片-苏沪嘉小片,,,侯,TS,奏,əɯ,,
TX01,桐乡城区,太湖片-苏沪嘉小片,,,侯,TS,凑,əɯ,,
TX01,桐乡城区,太湖片-苏沪嘉小片,,,侯,TS,叟,,,
TX01,桐乡城区,太湖片-苏沪嘉小片,,,侯,TS,嗽,,,
TX01,桐乡城区,太湖片-苏沪嘉小片,,,侯,K,勾,əɯ,,
TX01,桐乡城区,太湖片-苏沪嘉小片,,,侯,K,钩,əɯ,,
TX01,桐乡城区,太湖片-苏沪嘉小片,,,侯,K,沟,,,
TX01,桐乡城区,太湖片-苏沪嘉小片,,,侯,K,狗,əɯ,,
TX01,桐乡城区,太湖片-苏沪嘉小片,,,侯,K,苟,,,
TX01,桐乡城区,太湖片-苏沪嘉小片,,,侯,K,垢,,,
TX01,桐乡城区,太湖片-苏沪嘉小片,,,侯,K,枸,,,
TX01,桐乡城区,太湖片-苏沪嘉小片,,,侯,K,彀,,,
TX01,桐乡城区,太湖片-苏沪嘉小片,,,侯,K,够,əɯ,,
TX01,桐乡城区,太湖片-苏沪嘉小片,,,侯,K,构,,,
TX01,桐乡城区,太湖片-苏沪嘉小片,,,侯,K,购,,,
TX01,桐乡城区,太湖片-苏沪嘉小片,,,侯,K,勾,əɯ,,
TX01,桐乡城区,太湖片-苏沪嘉小片,,,侯,K,抠,,,
TX01,桐乡城区,太湖片-苏沪嘉小片,,,侯,K,眍,,,
TX01,桐乡城区,太湖片-苏沪嘉小片,,,侯,K,口,əɯ,,
TX01,桐乡城区,太湖片-苏沪嘉小片,,,侯,K,叩,,,
TX01,桐乡城区,太湖片-苏沪嘉小片,,,侯,K,扣,əɯ,,
TX01,桐乡城区,太湖片-苏沪嘉小片,,,侯,K,寇,,,
TX01,桐乡城区,太湖片-苏沪嘉小片,,,侯,K,藕,əɯ,,
TX01,桐乡城区,太湖片-苏沪嘉小片,,,侯,K,偶,əɯ,,
TX01,桐乡城区,太湖片-苏沪嘉小片,,,侯,K,偶,əɯ,,
TX01,桐乡城区,太湖片-苏沪嘉小片,,,侯,Ø,吼,əɯ,,
TX01,桐乡城区,太湖片-苏沪嘉小片,,,侯,Ø,侯,əɯ,,
TX01,桐乡城区,太湖片-苏沪嘉小片,,,侯,Ø,喉,əɯ,,
TX01,桐乡城区,太湖片-苏沪嘉小片,,,侯,Ø,猴,əɯ,,
TX01,桐乡城区,太湖片-苏沪嘉小片,,,侯,Ø,瘊,,,
TX01,桐乡城区,太湖片-苏沪嘉小片,,,侯,Ø,後,əɯ,,
TX01,桐乡城区,太湖片-苏沪嘉小片,,,侯,Ø,厚,əɯ,,
TX01,桐乡城区,太湖片-苏沪嘉小片,,,侯,Ø,后,əɯ,,
TX01,桐乡城区,太湖片-苏沪嘉小片,,,侯,Ø,候,əɯ,,
TX01,桐乡城区,太湖片-苏沪嘉小片,,,侯,Ø,鲎,əɯ,,
TX01,桐乡城区,太湖片-苏沪嘉小片,,,侯,Ø,欧,əɯ,,
TX01,桐乡城区,太湖片-苏沪嘉小片,,,侯,Ø,瓯,,,
TX01,桐乡城区,太湖片-苏沪嘉小片,,,侯,Ø,区,,,
TX01,桐乡城区,太湖片-苏沪嘉小片,,,侯,Ø,鸥,,,
TX01,桐乡城区,太湖片-苏沪嘉小片,,,侯,Ø,呕,əɯ,,
TX01,桐乡城区,太湖片-苏沪嘉小片,,,侯,Ø,殴,,,
TX01,桐乡城区,太湖片-苏沪嘉小片,,,侯,Ø,沤,,,
TX01,桐乡城区,太湖片-苏沪嘉小片,,,侯,Ø,怄,,,
TX01,桐乡城区,太湖片-苏沪嘉小片,,,皆,P,拜,a,,
TX01,桐乡城区,太湖片-苏沪嘉小片,,,皆,P,排,a,,
TX01,桐乡城区,太湖片-苏沪嘉小片,,,皆,P,�,,,
TX01,桐乡城区,太湖片-苏沪嘉小片,,,皆,M,埋,a,,
TX01,桐乡城区,太湖片-苏沪嘉小片,,,皆,L,攋,a,,
TX01,桐乡城区,太湖片-苏沪嘉小片,,,皆,TS*,䍉,,,
TX01,桐乡城区,太湖片-苏沪嘉小片,,,皆,TS*,箉,,,
TX01,桐乡城区,太湖片-苏沪嘉小片,,,皆,TS*,斋,a,,
TX01,桐乡城区,太湖片-苏沪嘉小片,,,皆,TS*,豺,,,
TX01,桐乡城区,太湖片-苏沪嘉小片,,,皆,K,皆,ia,,
TX01,桐乡城区,太湖片-苏沪嘉小片,,,皆,K,阶,a,文读,
TX01,桐乡城区,太湖片-苏沪嘉小片,,,皆,K,稭,,,
TX01,桐乡城区,太湖片-苏沪嘉小片,,,皆,K,偕,,,
TX01,桐乡城区,太湖片-苏沪嘉小片,,,皆,K,介,ia,,
TX01,桐乡城区,太湖片-苏沪嘉小片,,,皆,K,界,a,,
TX01,桐乡城区,太湖片-苏沪嘉小片,,,皆,K,芥,a,,
TX01,桐乡城区,太湖片-苏沪嘉小片,,,皆,K,尬,a,,
TX01,桐乡城区,太湖片-苏沪嘉小片,,,皆,K,疥,a,,
TX01,桐乡城区,太湖片-苏沪嘉小片,,,皆,K,届,,,
TX01,桐乡城区,太湖片-苏沪嘉小片,,,皆,K,戒,a,文读,
TX01,桐乡城区,太湖片-苏沪嘉小片,,,皆,K,庎,,,
TX01,桐乡城区,太湖片-苏沪嘉小片,,,皆,K,揩,a,,
TX01,桐乡城区,太湖片-苏沪嘉小片,,,皆,K,楷,a,,
TX01,桐乡城区,太湖片-苏沪嘉小片,,,皆,Ø,谐,,,
TX01,桐乡城区,太湖片-苏沪嘉小片,,,皆,Ø,骇,,,
TX01,桐乡城区,太湖片-苏沪嘉小片,,,皆,Ø,械,iɛ,,
TX01,桐乡城区,太湖片-苏沪嘉小片,,,皆,Ø,挨,,,
TX01,桐乡城区,太湖片-苏沪嘉小片,,,佳,P,摆,a,,
TX01,桐乡城区,太湖片-苏沪嘉小片,,,佳,P,派,a,,
TX01,桐乡城区,太湖片-苏沪嘉小片,,,佳,P,牌,a,,
TX01,桐乡城区,太湖片-苏沪嘉小片,,,佳,P,簰,,,
TX01,桐乡城区,太湖片-苏沪嘉小片,,,佳,P,罢,a,,
TX01,桐乡城区,太湖片-苏沪嘉小片,,,佳,P,稗,a,,
TX01,桐乡城区,太湖片-苏沪嘉小片,,,佳,M,买,a,,
TX01,桐乡城区,太湖片-苏沪嘉小片,,,佳,M,卖,a,,
TX01,桐乡城区,太湖片-苏沪嘉小片,,,佳,N,奶,a,,
TX01,桐乡城区,太湖片-苏沪嘉小片,,,佳,TS*,债,a,,
TX01,桐乡城区,太湖片-苏沪嘉小片,,,佳,TS*,钗,a,,
TX01,桐乡城区,太湖片-苏沪嘉小片,,,佳,TS*,差,a,,
TX01,桐乡城区,太湖片-苏沪嘉小片,,,佳,TS*,柴,a,,
TX01,桐乡城区,太湖片-苏沪嘉小片,,,佳,TS*,筛,a,,
TX01,桐乡城区,太湖片-苏沪嘉小片,,,佳,TS*,洒,a,,
TX01,桐乡城区,太湖片-苏沪嘉小片,,,佳,TS*,晒,o,,
TX01,桐乡城区,太湖片-苏沪嘉小片,,,佳,K,佳,ia,,
TX01,桐乡城区,太湖片-苏沪嘉小片,,,佳,K,街,a,,
TX01,桐乡城区,太湖片-苏沪嘉小片,,,佳,K,解,,,
TX01,桐乡城区,太湖片-苏沪嘉小片,,,佳,K,懈,,,
TX01,桐乡城区,太湖片-苏沪嘉小片,,,佳,K,涯,ia,,
TX01,桐乡城区,太湖片-苏沪嘉小片,,,佳,K,崖,ia,,
TX01,桐乡城区,太湖片-苏沪嘉小片,,,佳,K,捱,a,,
TX01,桐乡城区,太湖片-苏沪嘉小片,,,佳,Ø,鞋,a,,
TX01,桐乡城区,太湖片-苏沪嘉小片,,,佳,Ø,解,,,
TX01,桐乡城区,太湖片-苏沪嘉小片,,,佳,Ø,解,,,
TX01,桐乡城区,太湖片-苏沪嘉小片,,,佳,Ø,蟹,a,,
TX01,桐乡城区,太湖片-苏沪嘉小片,,,佳,Ø,矮,a,,
TX01,桐乡城区,太湖片-苏沪嘉小片,,,佳,Ø,隘,ɛ,,