point_id,point_name,subbranch,lat,lon,韵,声组,汉字,读音,note,吴江方言语音研究
WJ02,吴江芦墟,太湖片-苏沪嘉小片,,,歌,T,多,əu,,
WJ02,吴江芦墟,太湖片-苏沪嘉小片,,,歌,T,拖,əu,,
WJ02,吴江芦墟,太湖片-苏沪嘉小片,,,歌,T,他,,,
WJ02,吴江芦墟,太湖片-苏沪嘉小片,,,歌,T,驼,əu,,
WJ02,吴江芦墟,太湖片-苏沪嘉小片,,,歌,T,驮,əu,,
WJ02,吴江芦墟,太湖片-苏沪嘉小片,,,歌,T,陀,,,
WJ02,吴江芦墟,太湖片-苏沪嘉小片,,,歌,T,鸵,,,
WJ02,吴江芦墟,太湖片-苏沪嘉小片,,,歌,T,沱,,,
WJ02,吴江芦墟,太湖片-苏沪嘉小片,,,歌,T,舵,əu,,
WJ02,吴江芦墟,太湖片-苏沪嘉小片,,,歌,T,大,ɔ/əu,文读/白读,
WJ02,吴江芦墟,太湖片-苏沪嘉小片,,,歌,T,驮,əu,,
WJ02,吴江芦墟,太湖片-苏沪嘉小片,,,歌,N,挪,,,
WJ02,吴江芦墟,太湖片-苏沪嘉小片,,,歌,N,哪,,,
WJ02,吴江芦墟,太湖片-苏沪嘉小片,,,歌,N,那,,,
WJ02,吴江芦墟,太湖片-苏沪嘉小片,,,歌,L,罗,əu,,
WJ02,吴江芦墟,太湖片-苏沪嘉小片,,,歌,L,锣,əu,,
WJ02,吴江芦墟,太湖片-苏沪嘉小片,,,歌,L,箩,əu,,
WJ02,吴江芦墟,太湖片-苏沪嘉小片,,,歌,L,萝,,,
WJ02,吴江芦墟,太湖片-苏沪嘉小片,,,歌,L,逻,,,
WJ02,吴江芦墟,太湖片-苏沪嘉小片,,,歌,TS,左,i/əu,,
WJ02,吴江芦墟,太湖片-苏沪嘉小片,,,歌,TS,佐,,,
WJ02,吴江芦墟,太湖片-苏沪嘉小片,,,歌,TS,搓,əu,,
WJ02,吴江芦墟,太湖片-苏沪嘉小片,,,歌,TS,娑,,,
WJ02,吴江芦墟,太湖片-苏沪嘉小片,,,歌,K,歌,əu,,
WJ02,吴江芦墟,太湖片-苏沪嘉小片,,,歌,K,哥,əu,,
WJ02,吴江芦墟,太湖片-苏沪嘉小片,,,歌,K,柯,,,
WJ02,吴江芦墟,太湖片-苏沪嘉小片,,,歌,K,个,əu,,
WJ02,吴江芦墟,太湖片-苏沪嘉小片,,,歌,K,轲,,,
WJ02,吴江芦墟,太湖片-苏沪嘉小片,,,歌,K,可,əu,,
WJ02,吴江芦墟,太湖片-苏沪嘉小片,,,歌,K,蛾,əu,,
WJ02,吴江芦墟,太湖片-苏沪嘉小片,,,歌,K,鹅,əu,,
WJ02,吴江芦墟,太湖片-苏沪嘉小片,,,歌,K,俄,əu,,
WJ02,吴江芦墟,太湖片-苏沪嘉小片,,,歌,K,娥,,,
WJ02,吴江芦墟,太湖片-苏沪嘉小片,,,歌,K,我,,,
WJ02,吴江芦墟,太湖片-苏沪嘉小片,,,歌,K,饿,əu,,
WJ02,吴江芦墟,太湖片-苏沪嘉小片,,,歌,Ø,荷,u,,
WJ02,吴江芦墟,太湖片-苏沪嘉小片,,,歌,Ø,河,u,,
WJ02,吴江芦墟,太湖片-苏沪嘉小片,,,歌,Ø,何,u,,
WJ02,吴江芦墟,太湖片-苏沪嘉小片,,,歌,Ø,荷,u,,
WJ02,吴江芦墟,太湖片-苏沪嘉小片,,,歌,Ø,贺,,,
WJ02,吴江芦墟,太湖片-苏沪嘉小片,,,歌,Ø,阿,,,
WJ02,吴江芦墟,太湖片-苏沪嘉小片,,,歌,Ø,屙,,,
WJ02,吴江芦墟,太湖片-苏沪嘉小片,,,戈,K,茄,ɔ,,
WJ02,吴江芦墟,太湖片-苏沪嘉小片,,,戈,P,波,u,,
WJ02,吴江芦墟,太湖片-苏沪嘉小片,,,戈,P,菠,u,,
WJ02,吴江芦墟,太湖片-苏沪嘉小片,,,戈,P,跛,,,
WJ02,吴江芦墟,太湖片-苏沪嘉小片,,,戈,P,簸,o,,
WJ02,吴江芦墟,太湖片-苏沪嘉小片,,,戈,P,簸,o,,
WJ02,吴江芦墟,太湖片-苏沪嘉小片,,,戈,P,播,,,
WJ02,吴江芦墟,太湖片-苏沪嘉小片,,,戈,P,颇,,,
WJ02,吴江芦墟,太湖片-苏沪嘉小片,,,戈,P,坡,u,,
WJ02,吴江芦墟,太湖片-苏沪嘉小片,,,戈,P,玻,,,
WJ02,吴江芦墟,太湖片-苏沪嘉小片,,,戈,P,破,u,,
WJ02,吴江芦墟,太湖片-苏沪嘉小片,,,戈,P,婆,u,,
WJ02,吴江芦墟,太湖片-苏沪嘉小片,,,戈,P,薄,,,
WJ02,吴江芦墟,太湖片-苏沪嘉小片,,,戈,M,魔,o,,
WJ02,吴江芦墟,太湖片-苏沪嘉小片,,,戈,M,磨,əu,,
WJ02,吴江芦墟,太湖片-苏沪嘉小片,,,戈,M,摩,,,
WJ02,吴江芦墟,太湖片-苏沪嘉小片,,,戈,M,馍,,,
WJ02,吴江芦墟,太湖片-苏沪嘉小片,,,戈,M,蘑,,,
WJ02,吴江芦墟,太湖片-苏沪嘉小片,,,戈,M,磨,,,
WJ02,吴江芦墟,太湖片-苏沪嘉小片,,,戈,T,朵,o,,
WJ02,吴江芦墟,太湖片-苏沪嘉小片,,,戈,T,躲,,,
WJ02,吴江芦墟,太湖片-苏沪嘉小片,,,戈,T,剁,,,
WJ02,吴江芦墟,太湖片-苏沪嘉小片,,,戈,T,妥,əu,,
WJ02,吴江芦墟,太湖片-苏沪嘉小片,,,戈,T,椭,əu,,
WJ02,吴江芦墟,太湖片-苏沪嘉小片,,,戈,T,唾,əu,,
WJ02,吴江芦墟,太湖片-苏沪嘉小片,,,戈,T,砣,,,
WJ02,吴江芦墟,太湖片-苏沪嘉小片,,,戈,T,惰,əu,,
WJ02,吴江芦墟,太湖片-苏沪嘉小片,,,戈,T,垛,,,
WJ02,吴江芦墟,太湖片-苏沪嘉小片,,,戈,T,堕,,,
WJ02,吴江芦墟,太湖片-苏沪嘉小片,,,戈,N,挼,,,
WJ02,吴江芦墟,太湖片-苏沪嘉小片,,,戈,N,糯,əu,,
WJ02,吴江芦墟,太湖片-苏沪嘉小片,,,戈,N,懦,,,
WJ02,吴江芦墟,太湖片-苏沪嘉小片,,,戈,L,骡,əu,,
WJ02,吴江芦墟,太湖片-苏沪嘉小片,,,戈,L,螺,əu,,
WJ02,吴江芦墟,太湖片-苏沪嘉小片,,,戈,L,脶,əu,,
WJ02,吴江芦墟,太湖片-苏沪嘉小片,,,戈,L,啰,,,
WJ02,吴江芦墟,太湖片-苏沪嘉小片,,,戈,L,裸,,,
WJ02,吴江芦墟,太湖片-苏沪嘉小片,,,戈,L,瘰,,,
WJ02,吴江芦墟,太湖片-苏沪嘉小片,,,戈,L,摞,,,
WJ02,吴江芦墟,太湖片-苏沪嘉小片,,,戈,TS,锉,,,
WJ02,吴江芦墟,太湖片-苏沪嘉小片,,,戈,TS,莝,,,
WJ02,吴江芦墟,太湖片-苏沪嘉小片,,,戈,TS,矬,,,
WJ02,吴江芦墟,太湖片-苏沪嘉小片,,,戈,TS,坐,əu,,
WJ02,吴江芦墟,太湖片-苏沪嘉小片,,,戈,TS,座,əu,,
WJ02,吴江芦墟,太湖片-苏沪嘉小片,,,戈,TS,蓑,,,
WJ02,吴江芦墟,太湖片-苏沪嘉小片,,,戈,TS,梭,,,
WJ02,吴江芦墟,太湖片-苏沪嘉小片,,,戈,TS,唆,,,
WJ02,吴江芦墟,太湖片-苏沪嘉小片,,,戈,TS,莎,,,
WJ02,吴江芦墟,太湖片-苏沪嘉小片,,,戈,TS,锁,,,
WJ02,吴江芦墟,太湖片-苏沪嘉小片,,,戈,TS,琐,,,
WJ02,吴江芦墟,太湖片-苏沪嘉小片,,,戈,TS,唢,,,
WJ02,吴江芦墟,太湖片-苏沪嘉小片,,,戈,K,过,əu,,
WJ02,吴江芦墟,太湖片-苏沪嘉小片,,,戈,K,锅,əu,,
WJ02,吴江芦墟,太湖片-苏沪嘉小片,,,戈,K,戈,əu,,
WJ02,吴江芦墟,太湖片-苏沪嘉小片,,,戈,K,果,əu,,
WJ02,吴江芦墟,太湖片-苏沪嘉小片,,,戈,K,裹,əu,,
WJ02,吴江芦墟,太湖片-苏沪嘉小片,,,戈,K,餜,,,
WJ02,吴江芦墟,太湖片-苏沪嘉小片,,,戈,K,过,əu,,
WJ02,吴江芦墟,太湖片-苏沪嘉小片,,,戈,K,科,əu,,
WJ02,吴江芦墟,太湖片-苏沪嘉小片,,,戈,K,窠,əu,,
WJ02,吴江芦墟,太湖片-苏沪嘉小片,,,戈,K,棵,əu,,
WJ02,吴江芦墟,太湖片-苏沪嘉小片,,,戈,K,髁,,,
WJ02,吴江芦墟,太湖片-苏沪嘉小片,,,戈,K,蝌,,,
WJ02,吴江芦墟,太湖片-苏沪嘉小片,,,戈,K,颗,,,
WJ02,吴江芦墟,太湖片-苏沪嘉小片,,,戈,K,课,əu,,
WJ02,吴江芦墟,太湖片-苏沪嘉小片,,,戈,K,讹,əu,,
WJ02,吴江芦墟,太湖片-苏沪嘉小片,,,戈,K,卧,,,
WJ02,吴江芦墟,太湖片-苏沪嘉小片,,,戈,Ø,火,u,,
WJ02,吴江芦墟,太湖片-苏沪嘉小片,,,戈,Ø,伙,,,
WJ02,吴江芦墟,太湖片-苏沪嘉小片,,,戈,Ø,货,u,,
WJ02,吴江芦墟,太湖片-苏沪嘉小片,,,戈,Ø,和,u,,
WJ02,吴江芦墟,太湖片-苏沪嘉小片,,,戈,Ø,禾,u,,
WJ02,吴江芦墟,太湖片-苏沪嘉小片,,,戈,Ø,祸,,,
WJ02,吴江芦墟,太湖片-苏沪嘉小片,,,戈,Ø,夥,,,
WJ02,吴江芦墟,太湖片-苏沪嘉小片,,,戈,Ø,和,u,,
WJ02,吴江芦墟,太湖片-苏沪嘉小片,,,戈,Ø,倭,,,
WJ02,吴江芦墟,太湖片-苏沪嘉小片,,,戈,Ø,踒,,,
WJ02,吴江芦墟,太湖片-苏沪嘉小片,,,戈,Ø,窝,,,
WJ02,吴江芦墟,太湖片-苏沪嘉小片,,,戈,Ø,涡,,,
WJ02,吴江芦墟,太湖片-苏沪嘉小片,,,戈,Ø,莴,,,
WJ02,吴江芦墟,太湖片-苏沪嘉小片,,,戈,Ø,涴,,,
WJ02,吴江芦墟,太湖片-苏沪嘉小片,,,戈,Ø,瘸,,,
WJ02,吴江芦墟,太湖片-苏沪嘉小片,,,戈,Ø,靴,,,
WJ02,吴江芦墟,太湖片-苏沪嘉小片,,,戈,Ø,�,,,
WJ02,吴江芦墟,太湖片-苏沪嘉小片,,,麻,P,巴,o,,
WJ02,吴江芦墟,太湖片-苏沪嘉小片,,,麻,P,芭,o,,
WJ02,吴江芦墟,太湖片-苏沪嘉小片,,,麻,P,疤,o,,
WJ02,吴江芦墟,太湖片-苏沪嘉小片,,,麻,P,笆,,,
WJ02,吴江芦墟,太湖片-苏沪嘉小片,,,麻,P,吧,,,
WJ02,吴江芦墟,太湖片-苏沪嘉小片,,,麻,P,把,o,,
WJ02,吴江芦墟,太湖片-苏沪嘉小片,,,麻,P,靶,,,
WJ02,吴江芦墟,太湖片-苏沪嘉小片,,,麻,P,霸,,,
WJ02,吴江芦墟,太湖片-苏沪嘉小片,,,麻,P,欛,,,
WJ02,吴江芦墟,太湖片-苏沪嘉小片,,,麻,P,壩,,,
WJ02,吴江芦墟,太湖片-苏沪嘉小片,,,麻,P,坝,,,
WJ02,吴江芦墟,太湖片-苏沪嘉小片,,,麻,P,爸,,,
WJ02,吴江芦墟,太湖片-苏沪嘉小片,,,麻,P,怕,o,,
WJ02,吴江芦墟,太湖片-苏沪嘉小片,,,麻,P,帕,o,,
WJ02,吴江芦墟,太湖片-苏沪嘉小片,,,麻,P,爬,o,,
WJ02,吴江芦墟,太湖片-苏沪嘉小片,,,麻,P,琶,o,,
WJ02,吴江芦墟,太湖片-苏沪嘉小片,,,麻,P,杷,o,,
WJ02,吴江芦墟,太湖片-苏沪嘉小片,,,麻,P,钯,,,
WJ02,吴江芦墟,太湖片-苏沪嘉小片,,,麻,P,耙,,,
WJ02,吴江芦墟,太湖片-苏沪嘉小片,,,麻,M,麻,o,,
WJ02,吴江芦墟,太湖片-苏沪嘉小片,,,麻,M,痲,,,
WJ02,吴江芦墟,太湖片-苏沪嘉小片,,,麻,M,蟆,,,
WJ02,吴江芦墟,太湖片-苏沪嘉小片,,,麻,M,妈,,,
WJ02,吴江芦墟,太湖片-苏沪嘉小片,,,麻,M,马,o,,
WJ02,吴江芦墟,太湖片-苏沪嘉小片,,,麻,M,码,o,,
WJ02,吴江芦墟,太湖片-苏沪嘉小片,,,麻,M,玛,,,
WJ02,吴江芦墟,太湖片-苏沪嘉小片,,,麻,M,蚂,,,
WJ02,吴江芦墟,太湖片-苏沪嘉小片,,,麻,M,骂,o,,
WJ02,吴江芦墟,太湖片-苏沪嘉小片,,,麻,N,拿,o,,
WJ02,吴江芦墟,太湖片-苏沪嘉小片,,,麻,TS,茶,o,,
WJ02,吴江芦墟,太湖片-苏沪嘉小片,,,麻,TS,搽,,,
WJ02,吴江芦墟,太湖片-苏沪嘉小片,,,麻,TS,䖳,,,
WJ02,吴江芦墟,太湖片-苏沪嘉小片,,,麻,TS*,楂,o,,
WJ02,吴江芦墟,太湖片-苏沪嘉小片,,,麻,TS*,渣,o,,
WJ02,吴江芦墟,太湖片-苏沪嘉小片,,,麻,TS*,诈,o,,
WJ02,吴江芦墟,太湖片-苏沪嘉小片,,,麻,TS*,榨,o,,
WJ02,吴江芦墟,太湖片-苏沪嘉小片,,,麻,TS*,炸,o,,
WJ02,吴江芦墟,太湖片-苏沪嘉小片,,,麻,TS*,叉,o,,
WJ02,吴江芦墟,太湖片-苏沪嘉小片,,,麻,TS*,杈,o,,
WJ02,吴江芦墟,太湖片-苏沪嘉小片,,,麻,TS*,差,o,,
WJ02,吴江芦墟,太湖片-苏沪嘉小片,,,麻,TS*,岔,o,,
WJ02,吴江芦墟,太湖片-苏沪嘉小片,,,麻,TS*,差,o,,
WJ02,吴江芦墟,太湖片-苏沪嘉小片,,,麻,TS*,茬,,,
WJ02,吴江芦墟,太湖片-苏沪嘉小片,,,麻,TS*,查,o,,
WJ02,吴江芦墟,太湖片-苏沪嘉小片,,,麻,TS*,乍,,,
WJ02,吴江芦墟,太湖片-苏沪嘉小片,,,麻,TS*,沙,o,,
WJ02,吴江芦墟,太湖片-苏沪嘉小片,,,麻,TS*,纱,o,,
WJ02,吴江芦墟,太湖片-苏沪嘉小片,,,麻,TS*,痧,,,
WJ02,吴江芦墟,太湖片-苏沪嘉小片,,,麻,TS*,砂,,,
WJ02,吴江芦墟,太湖片-苏沪嘉小片,,,麻,TS*,鲨,,,
WJ02,吴江芦墟,太湖片-苏沪嘉小片,,,麻,TS*,裟,,,
WJ02,吴江芦墟,太湖片-苏沪嘉小片,,,麻,TS*,洒,ɔ,,
WJ02,吴江芦墟,太湖片-苏沪嘉小片,,,麻,TS*,厦,,,
WJ02,吴江芦墟,太湖片-苏沪嘉小片,,,麻,K,家,ɔ,,
WJ02,吴江芦墟,太湖片-苏沪嘉小片,,,麻,K,傢,ɔ,,
WJ02,吴江芦墟,太湖片-苏沪嘉小片,,,麻,K,加,ɔ,,
WJ02,吴江芦墟,太湖片-苏沪嘉小片,,,麻,K,痂,,,
WJ02,吴江芦墟,太湖片-苏沪嘉小片,,,麻,K,嘉,ɔ,,
WJ02,吴江芦墟,太湖片-苏沪嘉小片,,,麻,K,枷,,,
WJ02,吴江芦墟,太湖片-苏沪嘉小片,,,麻,K,袈,,,
WJ02,吴江芦墟,太湖片-苏沪嘉小片,,,麻,K,假,ɔ,,
WJ02,吴江芦墟,太湖片-苏沪嘉小片,,,麻,K,贾,,,
WJ02,吴江芦墟,太湖片-苏沪嘉小片,,,麻,K,假,ɔ,,
WJ02,吴江芦墟,太湖片-苏沪嘉小片,,,麻,K,架,ɔ,,
WJ02,吴江芦墟,太湖片-苏沪嘉小片,,,麻,K,驾,,,
WJ02,吴江芦墟,太湖片-苏沪嘉小片,,,麻,K,嫁,ɔ,,
WJ02,吴江芦墟,太湖片-苏沪嘉小片,,,麻,K,稼,,,
WJ02,吴江芦墟,太湖片-苏沪嘉小片,,,麻,K,价,ɔ,,
WJ02,吴江芦墟,太湖片-苏沪嘉小片,,,麻,K,揢,,,
WJ02,吴江芦墟,太湖片-苏沪嘉小片,,,麻,K,牙,ɔ,,
WJ02,吴江芦墟,太湖片-苏沪嘉小片,,,麻,K,芽,ɔ,,
WJ02,吴江芦墟,太湖片-苏沪嘉小片,,,麻,K,衙,,,
WJ02,吴江芦墟,太湖片-苏沪嘉小片,,,麻,K,伢,,,
WJ02,吴江芦墟,太湖片-苏沪嘉小片,,,麻,K,蚜,,,
WJ02,吴江芦墟,太湖片-苏沪嘉小片,,,麻,K,雅,,,
WJ02,吴江芦墟,太湖片-苏沪嘉小片,,,麻,K,砑,,,
WJ02,吴江芦墟,太湖片-苏沪嘉小片,,,麻,Ø,虾,o,,
WJ02,吴江芦墟,太湖片-苏沪嘉小片,,,麻,Ø,�,,,
WJ02,吴江芦墟,太湖片-苏沪嘉小片,,,麻,Ø,嚇,,,
WJ02,吴江芦墟,太湖片-苏沪嘉小片,,,麻,Ø,霞,iɔ,,
WJ02,吴江芦墟,太湖片-苏沪嘉小片,,,麻,Ø,瑕,,,
WJ02,吴江芦墟,太湖片-苏沪嘉小片,,,麻,Ø,遐,,,
WJ02,吴江芦墟,太湖片-苏沪嘉小片,,,麻,Ø,蝦,,,
WJ02,吴江芦墟,太湖片-苏沪嘉小片,,,麻,Ø,下,o,,
WJ02,吴江芦墟,太湖片-苏沪嘉小片,,,麻,Ø,夏,o,,
WJ02,吴江芦墟,太湖片-苏沪嘉小片,,,麻,Ø,厦,,,
WJ02,吴江芦墟,太湖片-苏沪嘉小片,,,麻,Ø,下,o,,
WJ02,吴江芦墟,太湖片-苏沪嘉小片,,,麻,Ø,夏,o,,
WJ02,吴江芦墟,太湖片-苏沪嘉小片,,,麻,Ø,暇,,,
WJ02,吴江芦墟,太湖片-苏沪嘉小片,,,麻,Ø,鸦,o,,
WJ02,吴江芦墟,太湖片-苏沪嘉小片,,,麻,Ø,丫,o,,
WJ02,吴江芦墟,太湖片-苏沪嘉小片,,,麻,Ø,桠,o,,
WJ02,吴江芦墟,太湖片-苏沪嘉小片,,,麻,Ø,哑,o,,
WJ02,吴江芦墟,太湖片-苏沪嘉小片,,,麻,Ø,亚,,,
WJ02,吴江芦墟,太湖片-苏沪嘉小片,,,模,P,补,u,,
WJ02,吴江芦墟,太湖片-苏沪嘉小片,,,模,P,谱,u,,
WJ02,吴江芦墟,太湖片-苏沪嘉小片,,,模,P,哺,,,
WJ02,吴江芦墟,太湖片-苏沪嘉小片,,,模,P,布,u,,
WJ02,吴江芦墟,太湖片-苏沪嘉小片,,,模,P,佈,u,,
WJ02,吴江芦墟,太湖片-苏沪嘉小片,,,模,P,铺,u,,
WJ02,吴江芦墟,太湖片-苏沪嘉小片,,,模,P,潽,,,
WJ02,吴江芦墟,太湖片-苏沪嘉小片,,,模,P,普,,,
WJ02,吴江芦墟,太湖片-苏沪嘉小片,,,模,P,浦,,,
WJ02,吴江芦墟,太湖片-苏沪嘉小片,,,模,P,铺,u,,
WJ02,吴江芦墟,太湖片-苏沪嘉小片,,,模,P,怖,,,
WJ02,吴江芦墟,太湖片-苏沪嘉小片,,,模,P,蒲,u,,
WJ02,吴江芦墟,太湖片-苏沪嘉小片,,,模,P,菩,u,,
WJ02,吴江芦墟,太湖片-苏沪嘉小片,,,模,P,脯,u,,
WJ02,吴江芦墟,太湖片-苏沪嘉小片,,,模,P,葡,,,
WJ02,吴江芦墟,太湖片-苏沪嘉小片,,,模,P,莆,,,
WJ02,吴江芦墟,太湖片-苏沪嘉小片,,,模,P,部,u,,
WJ02,吴江芦墟,太湖片-苏沪嘉小片,,,模,P,簿,u,,
WJ02,吴江芦墟,太湖片-苏沪嘉小片,,,模,P,篰,,,
WJ02,吴江芦墟,太湖片-苏沪嘉小片,,,模,P,步,u,,
WJ02,吴江芦墟,太湖片-苏沪嘉小片,,,模,P,捕,u,,
WJ02,吴江芦墟,太湖片-苏沪嘉小片,,,模,P,埠,u,,
WJ02,吴江芦墟,太湖片-苏沪嘉小片,,,模,M,模,o,,
WJ02,吴江芦墟,太湖片-苏沪嘉小片,,,模,M,模,o,,
WJ02,吴江芦墟,太湖片-苏沪嘉小片,,,模,M,摹,o,,
WJ02,吴江芦墟,太湖片-苏沪嘉小片,,,模,M,姥,,,
WJ02,吴江芦墟,太湖片-苏沪嘉小片,,,模,M,暮,,,
WJ02,吴江芦墟,太湖片-苏沪嘉小片,,,模,M,慕,,,
WJ02,吴江芦墟,太湖片-苏沪嘉小片,,,模,M,墓,əu,,
WJ02,吴江芦墟,太湖片-苏沪嘉小片,,,模,M,募,,,
WJ02,吴江芦墟,太湖片-苏沪嘉小片,,,模,M,睦,,,
WJ02,吴江芦墟,太湖片-苏沪嘉小片,,,模,T,都,əu,,
WJ02,吴江芦墟,太湖片-苏沪嘉小片,,,模,T,都,əu,,
WJ02,吴江芦墟,太湖片-苏沪嘉小片,,,模,T,赌,əu,,
WJ02,吴江芦墟,太湖片-苏沪嘉小片,,,模,T,堵,əu,,
WJ02,吴江芦墟,太湖片-苏沪嘉小片,,,模,T,肚,əu,,
WJ02,吴江芦墟,太湖片-苏沪嘉小片,,,模,T,睹,,,
WJ02,吴江芦墟,太湖片-苏沪嘉小片,,,模,T,妒,,,
WJ02,吴江芦墟,太湖片-苏沪嘉小片,,,模,T,土,əu,,
WJ02,吴江芦墟,太湖片-苏沪嘉小片,,,模,T,吐,əu,,
WJ02,吴江芦墟,太湖片-苏沪嘉小片,,,模,T,吐,əu,,
WJ02,吴江芦墟,太湖片-苏沪嘉小片,,,模,T,兔,əu,,
WJ02,吴江芦墟,太湖片-苏沪嘉小片,,,模,T,徒,əu,,
WJ02,吴江芦墟,太湖片-苏沪嘉小片,,,模,T,屠,əu,,
WJ02,吴江芦墟,太湖片-苏沪嘉小片,,,模,T,途,əu,,
WJ02,吴江芦墟,太湖片-苏沪嘉小片,,,模,T,涂,əu,,
WJ02,吴江芦墟,太湖片-苏沪嘉小片,,,模,T,图,əu,,
WJ02,吴江芦墟,太湖片-苏沪嘉小片,,,模,T,杜,əu,,
WJ02,吴江芦墟,太湖片-苏沪嘉小片,,,模,T,肚,əu,,
WJ02,吴江芦墟,太湖片-苏沪嘉小片,,,模,T,度,əu,,
WJ02,吴江芦墟,太湖片-苏沪嘉小片,,,模,T,渡,əu,,
WJ02,吴江芦墟,太湖片-苏沪嘉小片,,,模,T,镀,əu,,
WJ02,吴江芦墟,太湖片-苏沪嘉小片,,,模,N,奴,əu,,
WJ02,吴江芦墟,太湖片-苏沪嘉小片,,,模,N,努,əu,,
WJ02,吴江芦墟,太湖片-苏沪嘉小片,,,模,N,怒,əu,,
WJ02,吴江芦墟,太湖片-苏沪嘉小片,,,模,L,卢,əu,,
WJ02,吴江芦墟,太湖片-苏沪嘉小片,,,模,L,炉,əu,,
WJ02,吴江芦墟,太湖片-苏沪嘉小片,,,模,L,芦,əu,,
WJ02,吴江芦墟,太湖片-苏沪嘉小片,,,模,L,鸬,,,
WJ02,吴江芦墟,太湖片-苏沪嘉小片,,,模,L,颅,,,
WJ02,吴江芦墟,太湖片-苏沪嘉小片,,,模,L,鲈,,,
WJ02,吴江芦墟,太湖片-苏沪嘉小片,,,模,L,鲁,əu,,
WJ02,吴江芦墟,太湖片-苏沪嘉小片,,,模,L,橹,əu,,
WJ02,吴江芦墟,太湖片-苏沪嘉小片,,,模,L,虏,,,
WJ02,吴江芦墟,太湖片-苏沪嘉小片,,,模,L,卤,əu,,
WJ02,吴江芦墟,太湖片-苏沪嘉小片,,,模,L,路,əu,,
WJ02,吴江芦墟,太湖片-苏沪嘉小片,,,模,L,赂,,,
WJ02,吴江芦墟,太湖片-苏沪嘉小片,,,模,L,露,əu,,
WJ02,吴江芦墟,太湖片-苏沪嘉小片,,,模,L,鹭,,,
WJ02,吴江芦墟,太湖片-苏沪嘉小片,,,模,TS,租,əu,,
WJ02,吴江芦墟,太湖片-苏沪嘉小片,,,模,TS,祖,əu,,
WJ02,吴江芦墟,太湖片-苏沪嘉小片,,,模,TS,组,əu,,
WJ02,吴江芦墟,太湖片-苏沪嘉小片,,,模,TS,做,əu,,
WJ02,吴江芦墟,太湖片-苏沪嘉小片,,,模,TS,粗,əu,,
WJ02,吴江芦墟,太湖片-苏沪嘉小片,,,模,TS,醋,əu,,
WJ02,吴江芦墟,太湖片-苏沪嘉小片,,,模,TS,措,əu,,
WJ02,吴江芦墟,太湖片-苏沪嘉小片,,,模,TS,错,əu,,
WJ02,吴江芦墟,太湖片-苏沪嘉小片,,,模,TS,苏,əu,,
WJ02,吴江芦墟,太湖片-苏沪嘉小片,,,模,TS,酥,əu,,
WJ02,吴江芦墟,太湖片-苏沪嘉小片,,,模,TS,素,əu,,
WJ02,吴江芦墟,太湖片-苏沪嘉小片,,,模,TS,诉,əu,,
WJ02,吴江芦墟,太湖片-苏沪嘉小片,,,模,TS,塑,əu,,
WJ02,吴江芦墟,太湖片-苏沪嘉小片,,,模,TS,嗉,,,
WJ02,吴江芦墟,太湖片-苏沪嘉小片,,,模,K,姑,əu,,
WJ02,吴江芦墟,太湖片-苏沪嘉小片,,,模,K,孤,əu,,
WJ02,吴江芦墟,太湖片-苏沪嘉小片,,,模,K,箍,əu,,
WJ02,吴江芦墟,太湖片-苏沪嘉小片,,,模,K,辜,,,
WJ02,吴江芦墟,太湖片-苏沪嘉小片,,,模,K,菇,,,
WJ02,吴江芦墟,太湖片-苏沪嘉小片,,,模,K,鸪,,,
WJ02,吴江芦墟,太湖片-苏沪嘉小片,,,模,K,蛄,,,
WJ02,吴江芦墟,太湖片-苏沪嘉小片,,,模,K,古,əu,,
WJ02,吴江芦墟,太湖片-苏沪嘉小片,,,模,K,估,əu,,
WJ02,吴江芦墟,太湖片-苏沪嘉小片,,,模,K,盬,,,
WJ02,吴江芦墟,太湖片-苏沪嘉小片,,,模,K,牯,,,
WJ02,吴江芦墟,太湖片-苏沪嘉小片,,,模,K,股,əu,,
WJ02,吴江芦墟,太湖片-苏沪嘉小片,,,模,K,鼓,əu,,
WJ02,吴江芦墟,太湖片-苏沪嘉小片,,,模,K,蛊,,,
WJ02,吴江芦墟,太湖片-苏沪嘉小片,,,模,K,故,əu,,
WJ02,吴江芦墟,太湖片-苏沪嘉小片,,,模,K,固,əu,,
WJ02,吴江芦墟,太湖片-苏沪嘉小片,,,模,K,锢,,,
WJ02,吴江芦墟,太湖片-苏沪嘉小片,,,模,K,雇,əu,,
WJ02,吴江芦墟,太湖片-苏沪嘉小片,,,模,K,顾,əu,,
WJ02,吴江芦墟,太湖片-苏沪嘉小片,,,模,K,枯,əu,,
WJ02,吴江芦墟,太湖片-苏沪嘉小片,,,模,K,苦,əu,,
WJ02,吴江芦墟,太湖片-苏沪嘉小片,,,模,K,库,əu,,
WJ02,吴江芦墟,太湖片-苏沪嘉小片,,,模,K,裤,əu,,
WJ02,吴江芦墟,太湖片-苏沪嘉小片,,,模,K,吴,,,
WJ02,吴江芦墟,太湖片-苏沪嘉小片,,,模,K,蜈,,,
WJ02,吴江芦墟,太湖片-苏沪嘉小片,,,模,K,吾,,,
WJ02,吴江芦墟,太湖片-苏沪嘉小片,,,模,K,梧,,,
WJ02,吴江芦墟,太湖片-苏沪嘉小片,,,模,K,五,,,
WJ02,吴江芦墟,太湖片-苏沪嘉小片,,,模,K,伍,,,
WJ02,吴江芦墟,太湖片-苏沪嘉小片,,,模,K,午,,,
WJ02,吴江芦墟,太湖片-苏沪嘉小片,,,模,K,忤,,,
WJ02,吴江芦墟,太湖片-苏沪嘉小片,,,模,K,误,əu,,
WJ02,吴江芦墟,太湖片-苏沪嘉小片,,,模,K,悟,əu,,
WJ02,吴江芦墟,太湖片-苏沪嘉小片,,,模,Ø,呼,u,,
WJ02,吴江芦墟,太湖片-苏沪嘉小片,,,模,Ø,虎,u,,
WJ02,吴江芦墟,太湖片-苏沪嘉小片,,,模,Ø,浒,u,,
WJ02,吴江芦墟,太湖片-苏沪嘉小片,,,模,Ø,琥,,,
WJ02,吴江芦墟,太湖片-苏沪嘉小片,,,模,Ø,戽,,,
WJ02,吴江芦墟,太湖片-苏沪嘉小片,,,模,Ø,胡,u,,
WJ02,吴江芦墟,太湖片-苏沪嘉小片,,,模,Ø,湖,u,,
WJ02,吴江芦墟,太湖片-苏沪嘉小片,,,模,Ø,狐,u,,
WJ02,吴江芦墟,太湖片-苏沪嘉小片,,,模,Ø,壶,u,,
WJ02,吴江芦墟,太湖片-苏沪嘉小片,,,模,Ø,乎,,,
WJ02,吴江芦墟,太湖片-苏沪嘉小片,,,模,Ø,瓠,,,
WJ02,吴江芦墟,太湖片-苏沪嘉小片,,,模,Ø,鬍,,,
WJ02,吴江芦墟,太湖片-苏沪嘉小片,,,模,Ø,糊,,,
WJ02,吴江芦墟,太湖片-苏沪嘉小片,,,模,Ø,蝴,,,
WJ02,吴江芦墟,太湖片-苏沪嘉小片,,,模,Ø,瑚,,,
WJ02,吴江芦墟,太湖片-苏沪嘉小片,,,模,Ø,户,u,,
WJ02,吴江芦墟,太湖片-苏沪嘉小片,,,模,Ø,沪,,,
WJ02,吴江芦墟,太湖片-苏沪嘉小片,,,模,Ø,互,əu,,
WJ02,吴江芦墟,太湖片-苏沪嘉小片,,,模,Ø,护,,,
WJ02,吴江芦墟,太湖片-苏沪嘉小片,,,模,Ø,瓠,,,
WJ02,吴江芦墟,太湖片-苏沪嘉小片,,,模,Ø,糊,,,
WJ02,吴江芦墟,太湖片-苏沪嘉小片,,,模,Ø,乌,,,
WJ02,吴江芦墟,太湖片-苏沪嘉小片,,,模,Ø,污,,,
WJ02,吴江芦墟,太湖片-苏沪嘉小片,,,模,Ø,坞,,,
WJ02,吴江芦墟,太湖片-苏沪嘉小片,,,模,Ø,恶,,,
WJ02,吴江芦墟,太湖片-苏沪嘉小片,,,豪,P,褒,au,,
WJ02,吴江芦墟,太湖片-苏沪嘉小片,,,豪,P,保,au,,
WJ02,吴江芦墟,太湖片-苏沪嘉小片,,,豪,P,堡,au,,
WJ02,吴江芦墟,太湖片-苏沪嘉小片,,,豪,P,宝,au,,
WJ02,吴江芦墟,太湖片-苏沪嘉小片,,,豪,P,报,au,,
WJ02,吴江芦墟,太湖片-苏沪嘉小片,,,豪,P,袍,au,,
WJ02,吴江芦墟,太湖片-苏沪嘉小片,,,豪,P,抱,au,,
WJ02,吴江芦墟,太湖片-苏沪嘉小片,,,豪,P,暴,au,,
WJ02,吴江芦墟,太湖片-苏沪嘉小片,,,豪,P,菢,,,
WJ02,吴江芦墟,太湖片-苏沪嘉小片,,,豪,M,毛,au,,
WJ02,吴江芦墟,太湖片-苏沪嘉小片,,,豪,M,冒,au,,
WJ02,吴江芦墟,太湖片-苏沪嘉小片,,,豪,M,帽,au,,
WJ02,吴江芦墟,太湖片-苏沪嘉小片,,,豪,M,瑁,,,
WJ02,吴江芦墟,太湖片-苏沪嘉小片,,,豪,T,刀,au,,
WJ02,吴江芦墟,太湖片-苏沪嘉小片,,,豪,T,叨,au,,
WJ02,吴江芦墟,太湖片-苏沪嘉小片,,,豪,T,祷,au,,
WJ02,吴江芦墟,太湖片-苏沪嘉小片,,,豪,T,岛,au,,
WJ02,吴江芦墟,太湖片-苏沪嘉小片,,,豪,T,倒,au,,
WJ02,吴江芦墟,太湖片-苏沪嘉小片,,,豪,T,捣,,,
WJ02,吴江芦墟,太湖片-苏沪嘉小片,,,豪,T,到,au,,
WJ02,吴江芦墟,太湖片-苏沪嘉小片,,,豪,T,倒,au,,
WJ02,吴江芦墟,太湖片-苏沪嘉小片,,,豪,T,滔,au,,
WJ02,吴江芦墟,太湖片-苏沪嘉小片,,,豪,T,掏,au,,
WJ02,吴江芦墟,太湖片-苏沪嘉小片,,,豪,T,讨,au,,
WJ02,吴江芦墟,太湖片-苏沪嘉小片,,,豪,T,套,au,,
WJ02,吴江芦墟,太湖片-苏沪嘉小片,,,豪,T,桃,au,,
WJ02,吴江芦墟,太湖片-苏沪嘉小片,,,豪,T,逃,au,,
WJ02,吴江芦墟,太湖片-苏沪嘉小片,,,豪,T,淘,au,,
WJ02,吴江芦墟,太湖片-苏沪嘉小片,,,豪,T,陶,au,,
WJ02,吴江芦墟,太湖片-苏沪嘉小片,,,豪,T,萄,au,,
WJ02,吴江芦墟,太湖片-苏沪嘉小片,,,豪,T,涛,,,
WJ02,吴江芦墟,太湖片-苏沪嘉小片,,,豪,T,道,au,,
WJ02,吴江芦墟,太湖片-苏沪嘉小片,,,豪,T,稻,au,,
WJ02,吴江芦墟,太湖片-苏沪嘉小片,,,豪,T,盗,au,,
WJ02,吴江芦墟,太湖片-苏沪嘉小片,,,豪,T,导,au,,
WJ02,吴江芦墟,太湖片-苏沪嘉小片,,,豪,T,蹈,,,
WJ02,吴江芦墟,太湖片-苏沪嘉小片,,,豪,N,脑,au,,
WJ02,吴江芦墟,太湖片-苏沪嘉小片,,,豪,N,恼,au,,
WJ02,吴江芦墟,太湖片-苏沪嘉小片,,,豪,L,劳,au,,
WJ02,吴江芦墟,太湖片-苏沪嘉小片,,,豪,L,捞,au,,
WJ02,吴江芦墟,太湖片-苏沪嘉小片,,,豪,L,唠,au,,
WJ02,吴江芦墟,太湖片-苏沪嘉小片,,,豪,L,牢,au,,
WJ02,吴江芦墟,太湖片-苏沪嘉小片,,,豪,L,痨,,,
WJ02,吴江芦墟,太湖片-苏沪嘉小片,,,豪,L,老,au,,
WJ02,吴江芦墟,太湖片-苏沪嘉小片,,,豪,L,佬,,,
WJ02,吴江芦墟,太湖片-苏沪嘉小片,,,豪,L,涝,au,,
WJ02,吴江芦墟,太湖片-苏沪嘉小片,,,豪,TS,遭,au,,
WJ02,吴江芦墟,太湖片-苏沪嘉小片,,,豪,TS,糟,au,,
WJ02,吴江芦墟,太湖片-苏沪嘉小片,,,豪,TS,早,au,,
WJ02,吴江芦墟,太湖片-苏沪嘉小片,,,豪,TS,枣,au,,
WJ02,吴江芦墟,太湖片-苏沪嘉小片,,,豪,TS,蚤,au,,
WJ02,吴江芦墟,太湖片-苏沪嘉小片,,,豪,TS,澡,au,,
WJ02,吴江芦墟,太湖片-苏沪嘉小片,,,豪,TS,藻,,,
WJ02,吴江芦墟,太湖片-苏沪嘉小片,,,豪,TS,躁,,,
WJ02,吴江芦墟,太湖片-苏沪嘉小片,,,豪,TS,灶,,,
WJ02,吴江芦墟,太湖片-苏沪嘉小片,,,豪,TS,操,au,,
WJ02,吴江芦墟,太湖片-苏沪嘉小片,,,豪,TS,草,au,,
WJ02,吴江芦墟,太湖片-苏沪嘉小片,,,豪,TS,騲,,,
WJ02,吴江芦墟,太湖片-苏沪嘉小片,,,豪,TS,糙,au,,
WJ02,吴江芦墟,太湖片-苏沪嘉小片,,,豪,TS,曹,au,,
WJ02,吴江芦墟,太湖片-苏沪嘉小片,,,豪,TS,槽,au,,
WJ02,吴江芦墟,太湖片-苏沪嘉小片,,,豪,TS,皂,au,,
WJ02,吴江芦墟,太湖片-苏沪嘉小片,,,豪,TS,造,au,,
WJ02,吴江芦墟,太湖片-苏沪嘉小片,,,豪,TS,骚,au,,
WJ02,吴江芦墟,太湖片-苏沪嘉小片,,,豪,TS,臊,au,,
WJ02,吴江芦墟,太湖片-苏沪嘉小片,,,豪,TS,扫,au,,
WJ02,吴江芦墟,太湖片-苏沪嘉小片,,,豪,TS,嫂,,,
WJ02,吴江芦墟,太湖片-苏沪嘉小片,,,豪,TS,扫,au,,
WJ02,吴江芦墟,太湖片-苏沪嘉小片,,,豪,TS,燥,,,
WJ02,吴江芦墟,太湖片-苏沪嘉小片,,,豪,K,高,au,,
WJ02,吴江芦墟,太湖片-苏沪嘉小片,,,豪,K,膏,au,,
WJ02,吴江芦墟,太湖片-苏沪嘉小片,,,豪,K,篙,au,,
WJ02,吴江芦墟,太湖片-苏沪嘉小片,,,豪,K,羔,au,,
WJ02,吴江芦墟,太湖片-苏沪嘉小片,,,豪,K,糕,au,,
WJ02,吴江芦墟,太湖片-苏沪嘉小片,,,豪,K,稿,au,,
WJ02,吴江芦墟,太湖片-苏沪嘉小片,,,豪,K,告,au,,
WJ02,吴江芦墟,太湖片-苏沪嘉小片,,,豪,K,膏,au,,
WJ02,吴江芦墟,太湖片-苏沪嘉小片,,,豪,K,考,au,,
WJ02,吴江芦墟,太湖片-苏沪嘉小片,,,豪,K,烤,au,,
WJ02,吴江芦墟,太湖片-苏沪嘉小片,,,豪,K,拷,,,
WJ02,吴江芦墟,太湖片-苏沪嘉小片,,,豪,K,靠,au,,
WJ02,吴江芦墟,太湖片-苏沪嘉小片,,,豪,K,犒,,,
WJ02,吴江芦墟,太湖片-苏沪嘉小片,,,豪,K,铐,,,
WJ02,吴江芦墟,太湖片-苏沪嘉小片,,,豪,K,㸆,,,
WJ02,吴江芦墟,太湖片-苏沪嘉小片,,,豪,K,熬,au,,
WJ02,吴江芦墟,太湖片-苏沪嘉小片,,,豪,K,敖,,,
WJ02,吴江芦墟,太湖片-苏沪嘉小片,,,豪,K,鳌,,,
WJ02,吴江芦墟,太湖片-苏沪嘉小片,,,豪,K,傲,au,,
WJ02,吴江芦墟,太湖片-苏沪嘉小片,,,豪,K,鏊,,,
WJ02,吴江芦墟,太湖片-苏沪嘉小片,,,豪,Ø,蒿,au,,
WJ02,吴江芦墟,太湖片-苏沪嘉小片,,,豪,Ø,薅,,,
WJ02,吴江芦墟,太湖片-苏沪嘉小片,,,豪,Ø,好,au,,
WJ02,吴江芦墟,太湖片-苏沪嘉小片,,,豪,Ø,好,au,,
WJ02,吴江芦墟,太湖片-苏沪嘉小片,,,豪,Ø,耗,au,,
WJ02,吴江芦墟,太湖片-苏沪嘉小片,,,豪,Ø,豪,au,,
WJ02,吴江芦墟,太湖片-苏沪嘉小片,,,豪,Ø,壕,au,,
WJ02,吴江芦墟,太湖片-苏沪嘉小片,,,豪,Ø,毫,au,,
WJ02,吴江芦墟,太湖片-苏沪嘉小片,,,豪,Ø,号,au,,
WJ02,吴江芦墟,太湖片-苏沪嘉小片,,,豪,Ø,蠔,,,
WJ02,吴江芦墟,太湖片-苏沪嘉小片,,,豪,Ø,浩,au,,
WJ02,吴江芦墟,太湖片-苏沪嘉小片,,,豪,Ø,号,au,,
WJ02,吴江芦墟,太湖片-苏沪嘉小片,,,豪,Ø,爊,,,
WJ02,吴江芦墟,太湖片-苏沪嘉小片,,,豪,Ø,袄,,,
WJ02,吴江芦墟,太湖片-苏沪嘉小片,,,豪,Ø,懊,au,,
WJ02,吴江芦墟,太湖片-苏沪嘉小片,,,豪,Ø,奥,au,,
WJ02,吴江芦墟,太湖片-苏沪嘉小片,,,豪,Ø,懊,au,,
WJ02,吴江芦墟,太湖片-苏沪嘉小片,,,豪,Ø,澳,,,
WJ02,吴江芦墟,太湖片-苏沪嘉小片,,,侯,P,剖,u,,
WJ02,吴江芦墟,太湖片-苏沪嘉小片,,,侯,M,某,iəu,,
WJ02,吴江芦墟,太湖片-苏沪嘉小片,,,侯,M,亩,,,
WJ02,吴江芦墟,太湖片-苏沪嘉小片,,,侯,M,牡,au,,
WJ02,吴江芦墟,太湖片-苏沪嘉小片,,,侯,M,母,,,
WJ02,吴江芦墟,太湖片-苏沪嘉小片,,,侯,M,拇,,,
WJ02,吴江芦墟,太湖片-苏沪嘉小片,,,侯,M,戊,,,
WJ02,吴江芦墟,太湖片-苏沪嘉小片,,,侯,M,茂,iəu,,
WJ02,吴江芦墟,太湖片-苏沪嘉小片,,,侯,M,贸,au,,
WJ02,吴江芦墟,太湖片-苏沪嘉小片,,,侯,T,兜,iəu,,
WJ02,吴江芦墟,太湖片-苏沪嘉小片,,,侯,T,斗,iəu,,
WJ02,吴江芦墟,太湖片-苏沪嘉小片,,,侯,T,抖,iəu,,
WJ02,吴江芦墟,太湖片-苏沪嘉小片,,,侯,T,陡,iəu,,
WJ02,吴江芦墟,太湖片-苏沪嘉小片,,,侯,T,蚪,,,
WJ02,吴江芦墟,太湖片-苏沪嘉小片,,,侯,T,斗,iəu,,
WJ02,吴江芦墟,太湖片-苏沪嘉小片,,,侯,T,偷,iəu,,
WJ02,吴江芦墟,太湖片-苏沪嘉小片,,,侯,T,敨,,,
WJ02,吴江芦墟,太湖片-苏沪嘉小片,,,侯,T,透,iəu,,
WJ02,吴江芦墟,太湖片-苏沪嘉小片,,,侯,T,头,iəu,,
WJ02,吴江芦墟,太湖片-苏沪嘉小片,,,侯,T,投,iəu,,
WJ02,吴江芦墟,太湖片-苏沪嘉小片,,,侯,T,骰,,,
WJ02,吴江芦墟,太湖片-苏沪嘉小片,,,侯,T,豆,iəu,,
WJ02,吴江芦墟,太湖片-苏沪嘉小片,,,侯,T,逗,iəu,,
WJ02,吴江芦墟,太湖片-苏沪嘉小片,,,侯,T,痘,,,
WJ02,吴江芦墟,太湖片-苏沪嘉小片,,,侯,T,脰,,,
WJ02,吴江芦墟,太湖片-苏沪嘉小片,,,侯,L,楼,iəu,,
WJ02,吴江芦墟,太湖片-苏沪嘉小片,,,侯,L,搂,,,
WJ02,吴江芦墟,太湖片-苏沪嘉小片,,,侯,L,耧,,,
WJ02,吴江芦墟,太湖片-苏沪嘉小片,,,侯,L,娄,,,
WJ02,吴江芦墟,太湖片-苏沪嘉小片,,,侯,L,搂,,,
WJ02,吴江芦墟,太湖片-苏沪嘉小片,,,侯,L,篓,,,
WJ02,吴江芦墟,太湖片-苏沪嘉小片,,,侯,L,溇,,,
WJ02,吴江芦墟,太湖片-苏沪嘉小片,,,侯,L,漏,iəu,,
WJ02,吴江芦墟,太湖片-苏沪嘉小片,,,侯,L,陋,iəu,,
WJ02,吴江芦墟,太湖片-苏沪嘉小片,,,侯,TS,走,iəu,,
WJ02,吴江芦墟,太湖片-苏沪嘉小片,,,侯,TS,奏,iəu,,
WJ02,吴江芦墟,太湖片-苏沪嘉小片,,,侯,TS,凑,iəu,,
WJ02,吴江芦墟,太湖片-苏沪嘉小片,,,侯,TS,叟,iəu,,
WJ02,吴江芦墟,太湖片-苏沪嘉小片,,,侯,TS,嗽,iəu,,
WJ02,吴江芦墟,太湖片-苏沪嘉小片,,,侯,K,勾,iəu,,
WJ02,吴江芦墟,太湖片-苏沪嘉小片,,,侯,K,钩,,,
WJ02,吴江芦墟,太湖片-苏沪嘉小片,,,侯,K,沟,iəu,,
WJ02,吴江芦墟,太湖片-苏沪嘉小片,,,侯,K,狗,iəu,,
WJ02,吴江芦墟,太湖片-苏沪嘉小片,,,侯,K,苟,iəu,,
WJ02,吴江芦墟,太湖片-苏沪嘉小片,,,侯,K,垢,,,
WJ02,吴江芦墟,太湖片-苏沪嘉小片,,,侯,K,枸,,,
WJ02,吴江芦墟,太湖片-苏沪嘉小片,,,侯,K,彀,,,
WJ02,吴江芦墟,太湖片-苏沪嘉小片,,,侯,K,够,iəu,,
WJ02,吴江芦墟,太湖片-苏沪嘉小片,,,侯,K,构,iəu,,
WJ02,吴江芦墟,太湖片-苏沪嘉小片,,,侯,K,购,iəu,,
WJ02,吴江芦墟,太湖片-苏沪嘉小片,,,侯,K,勾,iəu,,
WJ02,吴江芦墟,太湖片-苏沪嘉小片,,,侯,K,抠,iəu,,
WJ02,吴江芦墟,太湖片-苏沪嘉小片,,,侯,K,眍,iəu,,
WJ02,吴江芦墟,太湖片-苏沪嘉小片,,,侯,K,口,iəu,,
WJ02,吴江芦墟,太湖片-苏沪嘉小片,,,侯,K,叩,iəu,,
WJ02,吴江芦墟,太湖片-苏沪嘉小片,,,侯,K,扣,iəu,,
WJ02,吴江芦墟,太湖片-苏沪嘉小片,,,侯,K,寇,iəu,,
WJ02,吴江芦墟,太湖片-苏沪嘉小片,,,侯,K,藕,iəu,,
WJ02,吴江芦墟,太湖片-苏沪嘉小片,,,侯,K,偶,iəu,,
WJ02,吴江芦墟,太湖片-苏沪嘉小片,,,侯,K,偶,iəu,,
WJ02,吴江芦墟,太湖片-苏沪嘉小片,,,侯,Ø,吼,,,
WJ02,吴江芦墟,太湖片-苏沪嘉小片,,,侯,Ø,侯,iəu,,
WJ02,吴江芦墟,太湖片-苏沪嘉小片,,,侯,Ø,喉,iəu,,
WJ02,吴江芦墟,太湖片-苏沪嘉小片,,,侯,Ø,猴,iəu,,
WJ02,吴江芦墟,太湖片-苏沪嘉小片,,,侯,Ø,瘊,,,
WJ02,吴江芦墟,太湖片-苏沪嘉小片,,,侯,Ø,後,iəu,,
WJ02,吴江芦墟,太湖片-苏沪嘉小片,,,侯,Ø,厚,iəu,,
WJ02,吴江芦墟,太湖片-苏沪嘉小片,,,侯,Ø,后,iəu,,
WJ02,吴江芦墟,太湖片-苏沪嘉小片,,,侯,Ø,候,iəu,,
WJ02,吴江芦墟,太湖片-苏沪嘉小片,,,侯,Ø,鲎,,,
WJ02,吴江芦墟,太湖片-苏沪嘉小片,,,侯,Ø,欧,iəu,,
WJ02,吴江芦墟,太湖片-苏沪嘉小片,,,侯,Ø,瓯,,,
WJ02,吴江芦墟,太湖片-苏沪嘉小片,,,侯,Ø,区,,,
WJ02,吴江芦墟,太湖片-苏沪嘉小片,,,侯,Ø,鸥,,,
WJ02,吴江芦墟,太湖片-苏沪嘉小片,,,侯,Ø,呕,iəu,,
WJ02,吴江芦墟,太湖片-苏沪嘉小片,,,侯,Ø,殴,,,
WJ02,吴江芦墟,太湖片-苏沪嘉小片,,,侯,Ø,沤,,,
WJ02,吴江芦墟,太湖片-苏沪嘉小片,,,侯,Ø,怄,,,
WJ02,吴江芦墟,太湖片-苏沪嘉小片,,,皆,P,拜,ɔ,,
WJ02,吴江芦墟,太湖片-苏沪嘉小片,,,皆,P,排,ɔ,,
WJ02,吴江芦墟,太湖片-苏沪嘉小片,,,皆,P,�,,,
WJ02,吴江芦墟,太湖片-苏沪嘉小片,,,皆,M,埋,ɔ,,
WJ02,吴江芦墟,太湖片-苏沪嘉小片,,,皆,L,攋,,,
WJ02,吴江芦墟,太湖片-苏沪嘉小片,,,皆,TS*,䍉,,,
WJ02,吴江芦墟,太湖片-苏沪嘉小片,,,皆,TS*,箉,,,
WJ02,吴江芦墟,太湖片-苏沪嘉小片,,,皆,TS*,斋,ɔ,,
WJ02,吴江芦墟,太湖片-苏沪嘉小片,,,皆,TS*,豺,,,
WJ02,吴江芦墟,太湖片-苏沪嘉小片,,,皆,K,皆,,,
WJ02,吴江芦墟,太湖片-苏沪嘉小片,,,皆,K,阶,iɔ,,
WJ02,吴江芦墟,太湖片-苏沪嘉小片,,,皆,K,稭,,,
WJ02,吴江芦墟,太湖片-苏沪嘉小片,,,皆,K,偕,,,
WJ02,吴江芦墟,太湖片-苏沪嘉小片,,,皆,K,介,iɔ,,
WJ02,吴江芦墟,太湖片-苏沪嘉小片,,,皆,K,界,ɔ,,
WJ02,吴江芦墟,太湖片-苏沪嘉小片,,,皆,K,芥,,,
WJ02,吴江芦墟,太湖片-苏沪嘉小片,,,皆,K,尬,ɔ,,
WJ02,吴江芦墟,太湖片-苏沪嘉小片,,,皆,K,疥,,,
WJ02,吴江芦墟,太湖片-苏沪嘉小片,,,皆,K,届,,,
WJ02,吴江芦墟,太湖片-苏沪嘉小片,,,皆,K,戒,ɔ,,
WJ02,吴江芦墟,太湖片-苏沪嘉小片,,,皆,K,庎,,,
WJ02,吴江芦墟,太湖片-苏沪嘉小片,,,皆,K,揩,ɔ,,
WJ02,吴江芦墟,太湖片-苏沪嘉小片,,,皆,K,楷,,,
WJ02,吴江芦墟,太湖片-苏沪嘉小片,,,皆,Ø,谐,,,
WJ02,吴江芦墟,太湖片-苏沪嘉小片,,,皆,Ø,骇,,,
WJ02,吴江芦墟,太湖片-苏沪嘉小片,,,皆,Ø,械,,,
WJ02,吴江芦墟,太湖片-苏沪嘉小片,,,皆,Ø,挨,ɔ,,
WJ02,吴江芦墟,太湖片-苏沪嘉小片,,,佳,P,摆,ɔ,,
WJ02,吴江芦墟,太湖片-苏沪嘉小片,,,佳,P,派,ɔ,,
WJ02,吴江芦墟,太湖片-苏沪嘉小片,,,佳,P,牌,ɔ,,
WJ02,吴江芦墟,太湖片-苏沪嘉小片,,,佳,P,簰,,,
WJ02,吴江芦墟,太湖片-苏沪嘉小片,,,佳,P,罢,ɔ,,
WJ02,吴江芦墟,太湖片-苏沪嘉小片,,,佳,P,稗,ɔ,,
WJ02,吴江芦墟,太湖片-苏沪嘉小片,,,佳,M,买,ɔ,,
WJ02,吴江芦墟,太湖片-苏沪嘉小片,,,佳,M,卖,ɔ,,
WJ02,吴江芦墟,太湖片-苏沪嘉小片,,,佳,N,奶,ɔ,,
WJ02,吴江芦墟,太湖片-苏沪嘉小片,,,佳,TS*,债,ɔ,,
WJ02,吴江芦墟,太湖片-苏沪嘉小片,,,佳,TS*,钗,,,
WJ02,吴江芦墟,太湖片-苏沪嘉小片,,,佳,TS*,差,ɔ,,
WJ02,吴江芦墟,太湖片-苏沪嘉小片,,,佳,TS*,柴,ɔ,,
WJ02,吴江芦墟,太湖片-苏沪嘉小片,,,佳,TS*,筛,ɔ,,
WJ02,吴江芦墟,太湖片-苏沪嘉小片,,,佳,TS*,洒,ɔ,,
WJ02,吴江芦墟,太湖片-苏沪嘉小片,,,佳,TS*,晒,,,
WJ02,吴江芦墟,太湖片-苏沪嘉小片,,,佳,K,佳,iɔ,,
WJ02,吴江芦墟,太湖片-苏沪嘉小片,,,佳,K,街,ɔ,,
WJ02,吴江芦墟,太湖片-苏沪嘉小片,,,佳,K,解,iɔ,,
WJ02,吴江芦墟,太湖片-苏沪嘉小片,,,佳,K,懈,,,
WJ02,吴江芦墟,太湖片-苏沪嘉小片,,,佳,K,涯,,,
WJ02,吴江芦墟,太湖片-苏沪嘉小片,,,佳,K,崖,,,
WJ02,吴江芦墟,太湖片-苏沪嘉小片,,,佳,K,捱,,,
WJ02,吴江芦墟,太湖片-苏沪嘉小片,,,佳,Ø,鞋,ɔ,,
WJ02,吴江芦墟,太湖片-苏沪嘉小片,,,佳,Ø,解,iɔ,,
WJ02,吴江芦墟,太湖片-苏沪嘉小片,,,佳,Ø,解,iɔ,,
WJ02,吴江芦墟,太湖片-苏沪嘉小片,,,佳,Ø,蟹,ɔ,,
WJ02,吴江芦墟,太湖片-苏沪嘉小片,,,佳,Ø,矮,ɔ,,
WJ02,吴江芦墟,太湖片-苏沪嘉小片,,,佳,Ø,隘,,,