point_id,point_name,subbranch,lat,lon,韵,声组,汉字,读音,note,象山方言志
XS01,象山丹城,太湖片-甬江小片,,,歌,T,多,o,,
XS01,象山丹城,太湖片-甬江小片,,,歌,T,拖,o,,
XS01,象山丹城,太湖片-甬江小片,,,歌,T,他,a,,
XS01,象山丹城,太湖片-甬江小片,,,歌,T,驼,o,,
XS01,象山丹城,太湖片-甬江小片,,,歌,T,驮,o,,
XS01,象山丹城,太湖片-甬江小片,,,歌,T,陀,,,
XS01,象山丹城,太湖片-甬江小片,,,歌,T,鸵,o,,
XS01,象山丹城,太湖片-甬江小片,,,歌,T,沱,,,
XS01,象山丹城,太湖片-甬江小片,,,歌,T,舵,o,,
XS01,象山丹城,太湖片-甬江小片,,,歌,T,大,a/o,文读/～人,
XS01,象山丹城,太湖片-甬江小片,,,歌,T,驮,o,,
XS01,象山丹城,太湖片-甬江小片,,,歌,N,挪,o,,
XS01,象山丹城,太湖片-甬江小片,,,歌,N,哪,a,,
XS01,象山丹城,太湖片-甬江小片,,,歌,N,那,a,,
XS01,象山丹城,太湖片-甬江小片,,,歌,L,罗,o,,
XS01,象山丹城,太湖片-甬江小片,,,歌,L,锣,o,,
XS01,象山丹城,太湖片-甬江小片,,,歌,L,箩,o,,
XS01,象山丹城,太湖片-甬江小片,,,歌,L,萝,o,,
XS01,象山丹城,太湖片-甬江小片,,,歌,L,逻,o,,
XS01,象山丹城,太湖片-甬江小片,,,歌,TS,左,o,,
XS01,象山丹城,太湖片-甬江小片,,,歌,TS,佐,o,,
XS01,象山丹城,太湖片-甬江小片,,,歌,TS,搓,o,,
XS01,象山丹城,太湖片-甬江小片,,,歌,TS,娑,,,
XS01,象山丹城,太湖片-甬江小片,,,歌,K,歌,u,,
XS01,象山丹城,太湖片-甬江小片,,,歌,K,哥,u,,
XS01,象山丹城,太湖片-甬江小片,,,歌,K,柯,o,,
XS01,象山丹城,太湖片-甬江小片,,,歌,K,个,u,,
XS01,象山丹城,太湖片-甬江小片,,,歌,K,轲,,,
XS01,象山丹城,太湖片-甬江小片,,,歌,K,可,o,,
XS01,象山丹城,太湖片-甬江小片,,,歌,K,蛾,o,,
XS01,象山丹城,太湖片-甬江小片,,,歌,K,鹅,o,,
XS01,象山丹城,太湖片-甬江小片,,,歌,K,俄,,,
XS01,象山丹城,太湖片-甬江小片,,,歌,K,娥,o,,
XS01,象山丹城,太湖片-甬江小片,,,歌,K,我,o,,
XS01,象山丹城,太湖片-甬江小片,,,歌,K,饿,o,,
XS01,象山丹城,太湖片-甬江小片,,,歌,Ø,荷,o,,
XS01,象山丹城,太湖片-甬江小片,,,歌,Ø,河,o,,
XS01,象山丹城,太湖片-甬江小片,,,歌,Ø,何,o,,
XS01,象山丹城,太湖片-甬江小片,,,歌,Ø,荷,o,,
XS01,象山丹城,太湖片-甬江小片,,,歌,Ø,贺,o,,
XS01,象山丹城,太湖片-甬江小片,,,歌,Ø,阿,a,～姆,
XS01,象山丹城,太湖片-甬江小片,,,歌,Ø,屙,,,
XS01,象山丹城,太湖片-甬江小片,,,戈,K,茄,ia,,
XS01,象山丹城,太湖片-甬江小片,,,戈,P,波,o,,
XS01,象山丹城,太湖片-甬江小片,,,戈,P,菠,o,,
XS01,象山丹城,太湖片-甬江小片,,,戈,P,跛,,,
XS01,象山丹城,太湖片-甬江小片,,,戈,P,簸,o,,
XS01,象山丹城,太湖片-甬江小片,,,戈,P,簸,o,,
XS01,象山丹城,太湖片-甬江小片,,,戈,P,播,o,,
XS01,象山丹城,太湖片-甬江小片,,,戈,P,颇,o,,
XS01,象山丹城,太湖片-甬江小片,,,戈,P,坡,o,,
XS01,象山丹城,太湖片-甬江小片,,,戈,P,玻,o,,
XS01,象山丹城,太湖片-甬江小片,,,戈,P,破,o,,
XS01,象山丹城,太湖片-甬江小片,,,戈,P,婆,o,,
XS01,象山丹城,太湖片-甬江小片,,,戈,P,薄,,,
XS01,象山丹城,太湖片-甬江小片,,,戈,M,魔,o,,
XS01,象山丹城,太湖片-甬江小片,,,戈,M,磨,o,,
XS01,象山丹城,太湖片-甬江小片,,,戈,M,摩,o,,
XS01,象山丹城,太湖片-甬江小片,,,戈,M,馍,,,
XS01,象山丹城,太湖片-甬江小片,,,戈,M,蘑,,,
XS01,象山丹城,太湖片-甬江小片,,,戈,M,磨,o,,
XS01,象山丹城,太湖片-甬江小片,,,戈,T,朵,,,
XS01,象山丹城,太湖片-甬江小片,,,戈,T,躲,o,,
XS01,象山丹城,太湖片-甬江小片,,,戈,T,剁,o,,
XS01,象山丹城,太湖片-甬江小片,,,戈,T,妥,o,,
XS01,象山丹城,太湖片-甬江小片,,,戈,T,椭,o,,
XS01,象山丹城,太湖片-甬江小片,,,戈,T,唾,o,,
XS01,象山丹城,太湖片-甬江小片,,,戈,T,砣,,,
XS01,象山丹城,太湖片-甬江小片,,,戈,T,惰,o,,
XS01,象山丹城,太湖片-甬江小片,,,戈,T,垛,,,
XS01,象山丹城,太湖片-甬江小片,,,戈,T,堕,o,,
XS01,象山丹城,太湖片-甬江小片,,,戈,N,挼,o,,
XS01,象山丹城,太湖片-甬江小片,,,戈,N,糯,o,,
XS01,象山丹城,太湖片-甬江小片,,,戈,N,懦,o,,
XS01,象山丹城,太湖片-甬江小片,,,戈,L,骡,,,
XS01,象山丹城,太湖片-甬江小片,,,戈,L,螺,o,,
XS01,象山丹城,太湖片-甬江小片,,,戈,L,脶,o,,
XS01,象山丹城,太湖片-甬江小片,,,戈,L,啰,,,
XS01,象山丹城,太湖片-甬江小片,,,戈,L,裸,u,文读,
XS01,象山丹城,太湖片-甬江小片,,,戈,L,瘰,,,
XS01,象山丹城,太湖片-甬江小片,,,戈,L,摞,o,,
XS01,象山丹城,太湖片-甬江小片,,,戈,TS,锉,o,,
XS01,象山丹城,太湖片-甬江小片,,,戈,TS,莝,,,
XS01,象山丹城,太湖片-甬江小片,,,戈,TS,矬,,,
XS01,象山丹城,太湖片-甬江小片,,,戈,TS,坐,o,,
XS01,象山丹城,太湖片-甬江小片,,,戈,TS,座,o,,
XS01,象山丹城,太湖片-甬江小片,,,戈,TS,蓑,,,
XS01,象山丹城,太湖片-甬江小片,,,戈,TS,梭,o,,
XS01,象山丹城,太湖片-甬江小片,,,戈,TS,唆,o,,
XS01,象山丹城,太湖片-甬江小片,,,戈,TS,莎,,,
XS01,象山丹城,太湖片-甬江小片,,,戈,TS,锁,o,,
XS01,象山丹城,太湖片-甬江小片,,,戈,TS,琐,o,,
XS01,象山丹城,太湖片-甬江小片,,,戈,TS,唢,,,
XS01,象山丹城,太湖片-甬江小片,,,戈,K,过,u,,
XS01,象山丹城,太湖片-甬江小片,,,戈,K,锅,,,
XS01,象山丹城,太湖片-甬江小片,,,戈,K,戈,u,,
XS01,象山丹城,太湖片-甬江小片,,,戈,K,果,u,,
XS01,象山丹城,太湖片-甬江小片,,,戈,K,裹,u,,
XS01,象山丹城,太湖片-甬江小片,,,戈,K,餜,u,,
XS01,象山丹城,太湖片-甬江小片,,,戈,K,过,u,,
XS01,象山丹城,太湖片-甬江小片,,,戈,K,科,o,,
XS01,象山丹城,太湖片-甬江小片,,,戈,K,窠,o,,
XS01,象山丹城,太湖片-甬江小片,,,戈,K,棵,o,,
XS01,象山丹城,太湖片-甬江小片,,,戈,K,髁,,,
XS01,象山丹城,太湖片-甬江小片,,,戈,K,蝌,o,,
XS01,象山丹城,太湖片-甬江小片,,,戈,K,颗,o,,
XS01,象山丹城,太湖片-甬江小片,,,戈,K,课,o,,
XS01,象山丹城,太湖片-甬江小片,,,戈,K,讹,,,
XS01,象山丹城,太湖片-甬江小片,,,戈,K,卧,o,,
XS01,象山丹城,太湖片-甬江小片,,,戈,Ø,火,u,,
XS01,象山丹城,太湖片-甬江小片,,,戈,Ø,伙,u,,
XS01,象山丹城,太湖片-甬江小片,,,戈,Ø,货,o,,
XS01,象山丹城,太湖片-甬江小片,,,戈,Ø,和,o,,
XS01,象山丹城,太湖片-甬江小片,,,戈,Ø,禾,o,,
XS01,象山丹城,太湖片-甬江小片,,,戈,Ø,祸,,,
XS01,象山丹城,太湖片-甬江小片,,,戈,Ø,夥,,,
XS01,象山丹城,太湖片-甬江小片,,,戈,Ø,和,o,,
XS01,象山丹城,太湖片-甬江小片,,,戈,Ø,倭,o,,
XS01,象山丹城,太湖片-甬江小片,,,戈,Ø,踒,,,
XS01,象山丹城,太湖片-甬江小片,,,戈,Ø,窝,o,,
XS01,象山丹城,太湖片-甬江小片,,,戈,Ø,涡,o,,
XS01,象山丹城,太湖片-甬江小片,,,戈,Ø,莴,,,
XS01,象山丹城,太湖片-甬江小片,,,戈,Ø,涴,,,
XS01,象山丹城,太湖片-甬江小片,,,戈,Ø,瘸,,,
XS01,象山丹城,太湖片-甬江小片,,,戈,Ø,靴,y,,
XS01,象山丹城,太湖片-甬江小片,,,戈,Ø,�,,,
XS01,象山丹城,太湖片-甬江小片,,,麻,P,巴,o,,
XS01,象山丹城,太湖片-甬江小片,,,麻,P,芭,o,,
XS01,象山丹城,太湖片-甬江小片,,,麻,P,疤,o,,
XS01,象山丹城,太湖片-甬江小片,,,麻,P,笆,o,,
XS01,象山丹城,太湖片-甬江小片,,,麻,P,吧,,,
XS01,象山丹城,太湖片-甬江小片,,,麻,P,把,o,,
XS01,象山丹城,太湖片-甬江小片,,,麻,P,靶,,,
XS01,象山丹城,太湖片-甬江小片,,,麻,P,霸,o,,
XS01,象山丹城,太湖片-甬江小片,,,麻,P,欛,,,
XS01,象山丹城,太湖片-甬江小片,,,麻,P,壩,,,
XS01,象山丹城,太湖片-甬江小片,,,麻,P,坝,o,,
XS01,象山丹城,太湖片-甬江小片,,,麻,P,爸,a,,
XS01,象山丹城,太湖片-甬江小片,,,麻,P,怕,o,,
XS01,象山丹城,太湖片-甬江小片,,,麻,P,帕,,,
XS01,象山丹城,太湖片-甬江小片,,,麻,P,爬,o,,
XS01,象山丹城,太湖片-甬江小片,,,麻,P,琶,o,,
XS01,象山丹城,太湖片-甬江小片,,,麻,P,杷,o,,
XS01,象山丹城,太湖片-甬江小片,,,麻,P,钯,,,
XS01,象山丹城,太湖片-甬江小片,,,麻,P,耙,o,,
XS01,象山丹城,太湖片-甬江小片,,,麻,M,麻,o,,
XS01,象山丹城,太湖片-甬江小片,,,麻,M,痲,o,,
XS01,象山丹城,太湖片-甬江小片,,,麻,M,蟆,,,
XS01,象山丹城,太湖片-甬江小片,,,麻,M,妈,a,,
XS01,象山丹城,太湖片-甬江小片,,,麻,M,马,a/o,～虎/白读,
XS01,象山丹城,太湖片-甬江小片,,,麻,M,码,o,,
XS01,象山丹城,太湖片-甬江小片,,,麻,M,玛,,,
XS01,象山丹城,太湖片-甬江小片,,,麻,M,蚂,o,,
XS01,象山丹城,太湖片-甬江小片,,,麻,M,骂,o,,
XS01,象山丹城,太湖片-甬江小片,,,麻,N,拿,a,,
XS01,象山丹城,太湖片-甬江小片,,,麻,TS,茶,o,,
XS01,象山丹城,太湖片-甬江小片,,,麻,TS,搽,o,,
XS01,象山丹城,太湖片-甬江小片,,,麻,TS,䖳,,,
XS01,象山丹城,太湖片-甬江小片,,,麻,TS*,楂,o,,
XS01,象山丹城,太湖片-甬江小片,,,麻,TS*,渣,a/o,文读/白读,
XS01,象山丹城,太湖片-甬江小片,,,麻,TS*,诈,o,,
XS01,象山丹城,太湖片-甬江小片,,,麻,TS*,榨,o,,
XS01,象山丹城,太湖片-甬江小片,,,麻,TS*,炸,a/o,文读/白读,
XS01,象山丹城,太湖片-甬江小片,,,麻,TS*,叉,o,,
XS01,象山丹城,太湖片-甬江小片,,,麻,TS*,杈,o,,
XS01,象山丹城,太湖片-甬江小片,,,麻,TS*,差,a/o,出～/～不多,
XS01,象山丹城,太湖片-甬江小片,,,麻,TS*,岔,o,,
XS01,象山丹城,太湖片-甬江小片,,,麻,TS*,差,a/o,出～/～不多,
XS01,象山丹城,太湖片-甬江小片,,,麻,TS*,茬,,,
XS01,象山丹城,太湖片-甬江小片,,,麻,TS*,查,o,,
XS01,象山丹城,太湖片-甬江小片,,,麻,TS*,乍,,,
XS01,象山丹城,太湖片-甬江小片,,,麻,TS*,沙,o,,
XS01,象山丹城,太湖片-甬江小片,,,麻,TS*,纱,o,,
XS01,象山丹城,太湖片-甬江小片,,,麻,TS*,痧,o,,
XS01,象山丹城,太湖片-甬江小片,,,麻,TS*,砂,o,,
XS01,象山丹城,太湖片-甬江小片,,,麻,TS*,鲨,o,,
XS01,象山丹城,太湖片-甬江小片,,,麻,TS*,裟,o,,
XS01,象山丹城,太湖片-甬江小片,,,麻,TS*,洒,a,,
XS01,象山丹城,太湖片-甬江小片,,,麻,TS*,厦,,,
XS01,象山丹城,太湖片-甬江小片,,,麻,K,家,o,,
XS01,象山丹城,太湖片-甬江小片,,,麻,K,傢,,,
XS01,象山丹城,太湖片-甬江小片,,,麻,K,加,o,,
XS01,象山丹城,太湖片-甬江小片,,,麻,K,痂,,,
XS01,象山丹城,太湖片-甬江小片,,,麻,K,嘉,o,,
XS01,象山丹城,太湖片-甬江小片,,,麻,K,枷,,,
XS01,象山丹城,太湖片-甬江小片,,,麻,K,袈,o,,
XS01,象山丹城,太湖片-甬江小片,,,麻,K,假,o,,
XS01,象山丹城,太湖片-甬江小片,,,麻,K,贾,ia,,
XS01,象山丹城,太湖片-甬江小片,,,麻,K,假,o,,
XS01,象山丹城,太湖片-甬江小片,,,麻,K,架,o,,
XS01,象山丹城,太湖片-甬江小片,,,麻,K,驾,ia,,
XS01,象山丹城,太湖片-甬江小片,,,麻,K,嫁,o,,
XS01,象山丹城,太湖片-甬江小片,,,麻,K,稼,ia,,
XS01,象山丹城,太湖片-甬江小片,,,麻,K,价,ia,文读,
XS01,象山丹城,太湖片-甬江小片,,,麻,K,揢,,,
XS01,象山丹城,太湖片-甬江小片,,,麻,K,牙,o,,
XS01,象山丹城,太湖片-甬江小片,,,麻,K,芽,o,,
XS01,象山丹城,太湖片-甬江小片,,,麻,K,衙,o,,
XS01,象山丹城,太湖片-甬江小片,,,麻,K,伢,,,
XS01,象山丹城,太湖片-甬江小片,,,麻,K,蚜,o,,
XS01,象山丹城,太湖片-甬江小片,,,麻,K,雅,,,
XS01,象山丹城,太湖片-甬江小片,,,麻,K,砑,o,,
XS01,象山丹城,太湖片-甬江小片,,,麻,Ø,虾,o,,
XS01,象山丹城,太湖片-甬江小片,,,麻,Ø,�,,,
XS01,象山丹城,太湖片-甬江小片,,,麻,Ø,嚇,,,
XS01,象山丹城,太湖片-甬江小片,,,麻,Ø,霞,ia,,
XS01,象山丹城,太湖片-甬江小片,,,麻,Ø,瑕,,,
XS01,象山丹城,太湖片-甬江小片,,,麻,Ø,遐,ia,,
XS01,象山丹城,太湖片-甬江小片,,,麻,Ø,蝦,,,
XS01,象山丹城,太湖片-甬江小片,,,麻,Ø,下,,,
XS01,象山丹城,太湖片-甬江小片,,,麻,Ø,夏,o,,
XS01,象山丹城,太湖片-甬江小片,,,麻,Ø,厦,o,,
XS01,象山丹城,太湖片-甬江小片,,,麻,Ø,下,,,
XS01,象山丹城,太湖片-甬江小片,,,麻,Ø,夏,o,,
XS01,象山丹城,太湖片-甬江小片,,,麻,Ø,暇,,,
XS01,象山丹城,太湖片-甬江小片,,,麻,Ø,鸦,a/o,～片/老～,
XS01,象山丹城,太湖片-甬江小片,,,麻,Ø,丫,o,,
XS01,象山丹城,太湖片-甬江小片,,,麻,Ø,桠,o,,
XS01,象山丹城,太湖片-甬江小片,,,麻,Ø,哑,o,,
XS01,象山丹城,太湖片-甬江小片,,,麻,Ø,亚,ia,,
XS01,象山丹城,太湖片-甬江小片,,,模,P,补,u,,
XS01,象山丹城,太湖片-甬江小片,,,模,P,谱,u,,
XS01,象山丹城,太湖片-甬江小片,,,模,P,哺,u,,
XS01,象山丹城,太湖片-甬江小片,,,模,P,布,u,,
XS01,象山丹城,太湖片-甬江小片,,,模,P,佈,u,,
XS01,象山丹城,太湖片-甬江小片,,,模,P,铺,u,,
XS01,象山丹城,太湖片-甬江小片,,,模,P,潽,u,,
XS01,象山丹城,太湖片-甬江小片,,,模,P,普,u,,
XS01,象山丹城,太湖片-甬江小片,,,模,P,浦,u,,
XS01,象山丹城,太湖片-甬江小片,,,模,P,铺,u,,
XS01,象山丹城,太湖片-甬江小片,,,模,P,怖,u,,
XS01,象山丹城,太湖片-甬江小片,,,模,P,蒲,u,,
XS01,象山丹城,太湖片-甬江小片,,,模,P,菩,u,,
XS01,象山丹城,太湖片-甬江小片,,,模,P,脯,u,,
XS01,象山丹城,太湖片-甬江小片,,,模,P,葡,u,,
XS01,象山丹城,太湖片-甬江小片,,,模,P,莆,,,
XS01,象山丹城,太湖片-甬江小片,,,模,P,部,u,,
XS01,象山丹城,太湖片-甬江小片,,,模,P,簿,u,,
XS01,象山丹城,太湖片-甬江小片,,,模,P,篰,u,,
XS01,象山丹城,太湖片-甬江小片,,,模,P,步,u,,
XS01,象山丹城,太湖片-甬江小片,,,模,P,捕,u,,
XS01,象山丹城,太湖片-甬江小片,,,模,P,埠,u,,
XS01,象山丹城,太湖片-甬江小片,,,模,M,模,o,,
XS01,象山丹城,太湖片-甬江小片,,,模,M,模,o,,
XS01,象山丹城,太湖片-甬江小片,,,模,M,摹,o,,
XS01,象山丹城,太湖片-甬江小片,,,模,M,姥,,,
XS01,象山丹城,太湖片-甬江小片,,,模,M,暮,o,,
XS01,象山丹城,太湖片-甬江小片,,,模,M,慕,o,,
XS01,象山丹城,太湖片-甬江小片,,,模,M,墓,o,,
XS01,象山丹城,太湖片-甬江小片,,,模,M,募,o,,
XS01,象山丹城,太湖片-甬江小片,,,模,M,睦,,,
XS01,象山丹城,太湖片-甬江小片,,,模,T,都,u,,
XS01,象山丹城,太湖片-甬江小片,,,模,T,都,u,,
XS01,象山丹城,太湖片-甬江小片,,,模,T,赌,u,,
XS01,象山丹城,太湖片-甬江小片,,,模,T,堵,u,,
XS01,象山丹城,太湖片-甬江小片,,,模,T,肚,u,,
XS01,象山丹城,太湖片-甬江小片,,,模,T,睹,u,,
XS01,象山丹城,太湖片-甬江小片,,,模,T,妒,u,,
XS01,象山丹城,太湖片-甬江小片,,,模,T,土,u,,
XS01,象山丹城,太湖片-甬江小片,,,模,T,吐,u,,
XS01,象山丹城,太湖片-甬江小片,,,模,T,吐,u,,
XS01,象山丹城,太湖片-甬江小片,,,模,T,兔,u,,
XS01,象山丹城,太湖片-甬江小片,,,模,T,徒,u,,
XS01,象山丹城,太湖片-甬江小片,,,模,T,屠,u,,
XS01,象山丹城,太湖片-甬江小片,,,模,T,途,u,,
XS01,象山丹城,太湖片-甬江小片,,,模,T,涂,u,,
XS01,象山丹城,太湖片-甬江小片,,,模,T,图,u,,
XS01,象山丹城,太湖片-甬江小片,,,模,T,杜,u,,
XS01,象山丹城,太湖片-甬江小片,,,模,T,肚,u,,
XS01,象山丹城,太湖片-甬江小片,,,模,T,度,u,,
XS01,象山丹城,太湖片-甬江小片,,,模,T,渡,u,,
XS01,象山丹城,太湖片-甬江小片,,,模,T,镀,,,
XS01,象山丹城,太湖片-甬江小片,,,模,N,奴,u,,
XS01,象山丹城,太湖片-甬江小片,,,模,N,努,u,,
XS01,象山丹城,太湖片-甬江小片,,,模,N,怒,u,,
XS01,象山丹城,太湖片-甬江小片,,,模,L,卢,u,,
XS01,象山丹城,太湖片-甬江小片,,,模,L,炉,u,,
XS01,象山丹城,太湖片-甬江小片,,,模,L,芦,u,,
XS01,象山丹城,太湖片-甬江小片,,,模,L,鸬,u,,
XS01,象山丹城,太湖片-甬江小片,,,模,L,颅,u,,
XS01,象山丹城,太湖片-甬江小片,,,模,L,鲈,u,,
XS01,象山丹城,太湖片-甬江小片,,,模,L,鲁,u,,
XS01,象山丹城,太湖片-甬江小片,,,模,L,橹,u,,
XS01,象山丹城,太湖片-甬江小片,,,模,L,虏,o,,
XS01,象山丹城,太湖片-甬江小片,,,模,L,卤,,,
XS01,象山丹城,太湖片-甬江小片,,,模,L,路,u,,
XS01,象山丹城,太湖片-甬江小片,,,模,L,赂,u,,
XS01,象山丹城,太湖片-甬江小片,,,模,L,露,u,,
XS01,象山丹城,太湖片-甬江小片,,,模,L,鹭,u,,
XS01,象山丹城,太湖片-甬江小片,,,模,TS,租,u,,
XS01,象山丹城,太湖片-甬江小片,,,模,TS,祖,u,,
XS01,象山丹城,太湖片-甬江小片,,,模,TS,组,u,,
XS01,象山丹城,太湖片-甬江小片,,,模,TS,做,o,,
XS01,象山丹城,太湖片-甬江小片,,,模,TS,粗,u,,
XS01,象山丹城,太湖片-甬江小片,,,模,TS,醋,u,,
XS01,象山丹城,太湖片-甬江小片,,,模,TS,措,u,,
XS01,象山丹城,太湖片-甬江小片,,,模,TS,错,o,,
XS01,象山丹城,太湖片-甬江小片,,,模,TS,苏,u,,
XS01,象山丹城,太湖片-甬江小片,,,模,TS,酥,u,,
XS01,象山丹城,太湖片-甬江小片,,,模,TS,素,u,,
XS01,象山丹城,太湖片-甬江小片,,,模,TS,诉,u,,
XS01,象山丹城,太湖片-甬江小片,,,模,TS,塑,u,,
XS01,象山丹城,太湖片-甬江小片,,,模,TS,嗉,,,
XS01,象山丹城,太湖片-甬江小片,,,模,K,姑,u,,
XS01,象山丹城,太湖片-甬江小片,,,模,K,孤,u,,
XS01,象山丹城,太湖片-甬江小片,,,模,K,箍,u,,
XS01,象山丹城,太湖片-甬江小片,,,模,K,辜,u,,
XS01,象山丹城,太湖片-甬江小片,,,模,K,菇,u,,
XS01,象山丹城,太湖片-甬江小片,,,模,K,鸪,u,,
XS01,象山丹城,太湖片-甬江小片,,,模,K,蛄,u,,
XS01,象山丹城,太湖片-甬江小片,,,模,K,古,u,,
XS01,象山丹城,太湖片-甬江小片,,,模,K,估,u,,
XS01,象山丹城,太湖片-甬江小片,,,模,K,盬,,,
XS01,象山丹城,太湖片-甬江小片,,,模,K,牯,u,,
XS01,象山丹城,太湖片-甬江小片,,,模,K,股,,,
XS01,象山丹城,太湖片-甬江小片,,,模,K,鼓,u,,
XS01,象山丹城,太湖片-甬江小片,,,模,K,蛊,u,,
XS01,象山丹城,太湖片-甬江小片,,,模,K,故,u,,
XS01,象山丹城,太湖片-甬江小片,,,模,K,固,u,,
XS01,象山丹城,太湖片-甬江小片,,,模,K,锢,,,
XS01,象山丹城,太湖片-甬江小片,,,模,K,雇,u,,
XS01,象山丹城,太湖片-甬江小片,,,模,K,顾,u,,
XS01,象山丹城,太湖片-甬江小片,,,模,K,枯,u,,
XS01,象山丹城,太湖片-甬江小片,,,模,K,苦,u,,
XS01,象山丹城,太湖片-甬江小片,,,模,K,库,u,,
XS01,象山丹城,太湖片-甬江小片,,,模,K,裤,u,,
XS01,象山丹城,太湖片-甬江小片,,,模,K,吴,u,,
XS01,象山丹城,太湖片-甬江小片,,,模,K,蜈,,,
XS01,象山丹城,太湖片-甬江小片,,,模,K,吾,u,,
XS01,象山丹城,太湖片-甬江小片,,,模,K,梧,u,,
XS01,象山丹城,太湖片-甬江小片,,,模,K,五,,,
XS01,象山丹城,太湖片-甬江小片,,,模,K,伍,u,,
XS01,象山丹城,太湖片-甬江小片,,,模,K,午,u,,
XS01,象山丹城,太湖片-甬江小片,,,模,K,忤,,,
XS01,象山丹城,太湖片-甬江小片,,,模,K,误,u,,
XS01,象山丹城,太湖片-甬江小片,,,模,K,悟,,,
XS01,象山丹城,太湖片-甬江小片,,,模,Ø,呼,u,,
XS01,象山丹城,太湖片-甬江小片,,,模,Ø,虎,u,,
XS01,象山丹城,太湖片-甬江小片,,,模,Ø,浒,u,,
XS01,象山丹城,太湖片-甬江小片,,,模,Ø,琥,u,,
XS01,象山丹城,太湖片-甬江小片,,,模,Ø,戽,u,,
XS01,象山丹城,太湖片-甬江小片,,,模,Ø,胡,u,,
XS01,象山丹城,太湖片-甬江小片,,,模,Ø,湖,u,,
XS01,象山丹城,太湖片-甬江小片,,,模,Ø,狐,u,,
XS01,象山丹城,太湖片-甬江小片,,,模,Ø,壶,u,,
XS01,象山丹城,太湖片-甬江小片,,,模,Ø,乎,,,
XS01,象山丹城,太湖片-甬江小片,,,模,Ø,瓠,,,
XS01,象山丹城,太湖片-甬江小片,,,模,Ø,鬍,u,,
XS01,象山丹城,太湖片-甬江小片,,,模,Ø,糊,u,,
XS01,象山丹城,太湖片-甬江小片,,,模,Ø,蝴,u,,
XS01,象山丹城,太湖片-甬江小片,,,模,Ø,瑚,u,,
XS01,象山丹城,太湖片-甬江小片,,,模,Ø,户,u,,
XS01,象山丹城,太湖片-甬江小片,,,模,Ø,沪,u,,
XS01,象山丹城,太湖片-甬江小片,,,模,Ø,互,u,,
XS01,象山丹城,太湖片-甬江小片,,,模,Ø,护,u,,
XS01,象山丹城,太湖片-甬江小片,,,模,Ø,瓠,,,
XS01,象山丹城,太湖片-甬江小片,,,模,Ø,糊,u,,
XS01,象山丹城,太湖片-甬江小片,,,模,Ø,乌,u,,
XS01,象山丹城,太湖片-甬江小片,,,模,Ø,污,u,,
XS01,象山丹城,太湖片-甬江小片,,,模,Ø,坞,u,,
XS01,象山丹城,太湖片-甬江小片,,,模,Ø,恶,u,,
XS01,象山丹城,太湖片-甬江小片,,,豪,P,褒,ɔ,,
XS01,象山丹城,太湖片-甬江小片,,,豪,P,保,ɔ,,
XS01,象山丹城,太湖片-甬江小片,,,豪,P,堡,ɔ,,
XS01,象山丹城,太湖片-甬江小片,,,豪,P,宝,ɔ,,
XS01,象山丹城,太湖片-甬江小片,,,豪,P,报,ɔ,,
XS01,象山丹城,太湖片-甬江小片,,,豪,P,袍,ɔ,,
XS01,象山丹城,太湖片-甬江小片,,,豪,P,抱,ɔ,,
XS01,象山丹城,太湖片-甬江小片,,,豪,P,暴,ɔ,,
XS01,象山丹城,太湖片-甬江小片,,,豪,P,菢,,,
XS01,象山丹城,太湖片-甬江小片,,,豪,M,毛,,,
XS01,象山丹城,太湖片-甬江小片,,,豪,M,冒,ɔ,,
XS01,象山丹城,太湖片-甬江小片,,,豪,M,帽,ɔ,,
XS01,象山丹城,太湖片-甬江小片,,,豪,M,瑁,,,
XS01,象山丹城,太湖片-甬江小片,,,豪,T,刀,ɔ,,
XS01,象山丹城,太湖片-甬江小片,,,豪,T,叨,,,
XS01,象山丹城,太湖片-甬江小片,,,豪,T,祷,ɔ,,
XS01,象山丹城,太湖片-甬江小片,,,豪,T,岛,ɔ,,
XS01,象山丹城,太湖片-甬江小片,,,豪,T,倒,ɔ,,
XS01,象山丹城,太湖片-甬江小片,,,豪,T,捣,ɔ,,
XS01,象山丹城,太湖片-甬江小片,,,豪,T,到,ɔ,,
XS01,象山丹城,太湖片-甬江小片,,,豪,T,倒,ɔ,,
XS01,象山丹城,太湖片-甬江小片,,,豪,T,滔,ɔ,,
XS01,象山丹城,太湖片-甬江小片,,,豪,T,掏,ɔ,,
XS01,象山丹城,太湖片-甬江小片,,,豪,T,讨,ɔ,,
XS01,象山丹城,太湖片-甬江小片,,,豪,T,套,ɔ,,
XS01,象山丹城,太湖片-甬江小片,,,豪,T,桃,ɔ,,
XS01,象山丹城,太湖片-甬江小片,,,豪,T,逃,ɔ,,
XS01,象山丹城,太湖片-甬江小片,,,豪,T,淘,ɔ,,
XS01,象山丹城,太湖片-甬江小片,,,豪,T,陶,ɔ,,
XS01,象山丹城,太湖片-甬江小片,,,豪,T,萄,ɔ,,
XS01,象山丹城,太湖片-甬江小片,,,豪,T,涛,ɔ,,
XS01,象山丹城,太湖片-甬江小片,,,豪,T,道,ɔ,,
XS01,象山丹城,太湖片-甬江小片,,,豪,T,稻,ɔ,,
XS01,象山丹城,太湖片-甬江小片,,,豪,T,盗,ɔ,,
XS01,象山丹城,太湖片-甬江小片,,,豪,T,导,ɔ,,
XS01,象山丹城,太湖片-甬江小片,,,豪,T,蹈,ɔ,,
XS01,象山丹城,太湖片-甬江小片,,,豪,N,脑,ɔ,,
XS01,象山丹城,太湖片-甬江小片,,,豪,N,恼,ɔ,,
XS01,象山丹城,太湖片-甬江小片,,,豪,L,劳,,,
XS01,象山丹城,太湖片-甬江小片,,,豪,L,捞,ɔ,,
XS01,象山丹城,太湖片-甬江小片,,,豪,L,唠,,,
XS01,象山丹城,太湖片-甬江小片,,,豪,L,牢,ɔ,,
XS01,象山丹城,太湖片-甬江小片,,,豪,L,痨,,,
XS01,象山丹城,太湖片-甬江小片,,,豪,L,老,ɔ,,
XS01,象山丹城,太湖片-甬江小片,,,豪,L,佬,ɔ,,
XS01,象山丹城,太湖片-甬江小片,,,豪,L,涝,ɔ,,
XS01,象山丹城,太湖片-甬江小片,,,豪,TS,遭,ɔ,,
XS01,象山丹城,太湖片-甬江小片,,,豪,TS,糟,ɔ,,
XS01,象山丹城,太湖片-甬江小片,,,豪,TS,早,ɔ,,
XS01,象山丹城,太湖片-甬江小片,,,豪,TS,枣,ɔ,,
XS01,象山丹城,太湖片-甬江小片,,,豪,TS,蚤,ɔ,,
XS01,象山丹城,太湖片-甬江小片,,,豪,TS,澡,ɔ,,
XS01,象山丹城,太湖片-甬江小片,,,豪,TS,藻,,,
XS01,象山丹城,太湖片-甬江小片,,,豪,TS,躁,ɔ,,
XS01,象山丹城,太湖片-甬江小片,,,豪,TS,灶,ɔ,,
XS01,象山丹城,太湖片-甬江小片,,,豪,TS,操,ɔ,,
XS01,象山丹城,太湖片-甬江小片,,,豪,TS,草,ɔ,,
XS01,象山丹城,太湖片-甬江小片,,,豪,TS,騲,,,
XS01,象山丹城,太湖片-甬江小片,,,豪,TS,糙,ɔ,,
XS01,象山丹城,太湖片-甬江小片,,,豪,TS,曹,ɔ,,
XS01,象山丹城,太湖片-甬江小片,,,豪,TS,槽,ɔ,,
XS01,象山丹城,太湖片-甬江小片,,,豪,TS,皂,ɔ,,
XS01,象山丹城,太湖片-甬江小片,,,豪,TS,造,ɔ,,
XS01,象山丹城,太湖片-甬江小片,,,豪,TS,骚,ɔ,,
XS01,象山丹城,太湖片-甬江小片,,,豪,TS,臊,ɔ,,
XS01,象山丹城,太湖片-甬江小片,,,豪,TS,扫,ɔ,,
XS01,象山丹城,太湖片-甬江小片,,,豪,TS,嫂,ɔ,,
XS01,象山丹城,太湖片-甬江小片,,,豪,TS,扫,ɔ,,
XS01,象山丹城,太湖片-甬江小片,,,豪,TS,燥,ɔ,,
XS01,象山丹城,太湖片-甬江小片,,,豪,K,高,ɔ,,
XS01,象山丹城,太湖片-甬江小片,,,豪,K,膏,ɔ,,
XS01,象山丹城,太湖片-甬江小片,,,豪,K,篙,ɔ,,
XS01,象山丹城,太湖片-甬江小片,,,豪,K,羔,ɔ,,
XS01,象山丹城,太湖片-甬江小片,,,豪,K,糕,ɔ,,
XS01,象山丹城,太湖片-甬江小片,,,豪,K,稿,,,
XS01,象山丹城,太湖片-甬江小片,,,豪,K,告,ɔ,,
XS01,象山丹城,太湖片-甬江小片,,,豪,K,膏,ɔ,,
XS01,象山丹城,太湖片-甬江小片,,,豪,K,考,ɔ,,
XS01,象山丹城,太湖片-甬江小片,,,豪,K,烤,ɔ,,
XS01,象山丹城,太湖片-甬江小片,,,豪,K,拷,ɔ,,
XS01,象山丹城,太湖片-甬江小片,,,豪,K,靠,ɔ,,
XS01,象山丹城,太湖片-甬江小片,,,豪,K,犒,ɔ,,
XS01,象山丹城,太湖片-甬江小片,,,豪,K,铐,ɔ,,
XS01,象山丹城,太湖片-甬江小片,,,豪,K,㸆,,,
XS01,象山丹城,太湖片-甬江小片,,,豪,K,熬,ɔ,,
XS01,象山丹城,太湖片-甬江小片,,,豪,K,敖,,,
XS01,象山丹城,太湖片-甬江小片,,,豪,K,鳌,ɔ,,
XS01,象山丹城,太湖片-甬江小片,,,豪,K,傲,ɔ,,
XS01,象山丹城,太湖片-甬江小片,,,豪,K,鏊,,,
XS01,象山丹城,太湖片-甬江小片,,,豪,Ø,蒿,ɔ,,
XS01,象山丹城,太湖片-甬江小片,,,豪,Ø,薅,,,
XS01,象山丹城,太湖片-甬江小片,,,豪,Ø,好,ɔ,,
XS01,象山丹城,太湖片-甬江小片,,,豪,Ø,好,ɔ,,
XS01,象山丹城,太湖片-甬江小片,,,豪,Ø,耗,ɔ,,
XS01,象山丹城,太湖片-甬江小片,,,豪,Ø,豪,ɔ,,
XS01,象山丹城,太湖片-甬江小片,,,豪,Ø,壕,ɔ,,
XS01,象山丹城,太湖片-甬江小片,,,豪,Ø,毫,ɔ,,
XS01,象山丹城,太湖片-甬江小片,,,豪,Ø,号,ɔ,,
XS01,象山丹城,太湖片-甬江小片,,,豪,Ø,蠔,,,
XS01,象山丹城,太湖片-甬江小片,,,豪,Ø,浩,ɔ,,
XS01,象山丹城,太湖片-甬江小片,,,豪,Ø,号,ɔ,,
XS01,象山丹城,太湖片-甬江小片,,,豪,Ø,爊,,,
XS01,象山丹城,太湖片-甬江小片,,,豪,Ø,袄,ɔ,,
XS01,象山丹城,太湖片-甬江小片,,,豪,Ø,懊,ɔ,,
XS01,象山丹城,太湖片-甬江小片,,,豪,Ø,奥,ɔ,,
XS01,象山丹城,太湖片-甬江小片,,,豪,Ø,懊,ɔ,,
XS01,象山丹城,太湖片-甬江小片,,,豪,Ø,澳,ɔ,,
XS01,象山丹城,太湖片-甬江小片,,,侯,P,剖,ø,,
XS01,象山丹城,太湖片-甬江小片,,,侯,M,某,ø,,
XS01,象山丹城,太湖片-甬江小片,,,侯,M,亩,ø,文读,
XS01,象山丹城,太湖片-甬江小片,,,侯,M,牡,ø,,
XS01,象山丹城,太湖片-甬江小片,,,侯,M,母,ø,文读,
XS01,象山丹城,太湖片-甬江小片,,,侯,M,拇,ø,文读,
XS01,象山丹城,太湖片-甬江小片,,,侯,M,戊,u,,
XS01,象山丹城,太湖片-甬江小片,,,侯,M,茂,,,
XS01,象山丹城,太湖片-甬江小片,,,侯,M,贸,ɔ,文读,
XS01,象山丹城,太湖片-甬江小片,,,侯,T,兜,ou,,
XS01,象山丹城,太湖片-甬江小片,,,侯,T,斗,ou,,
XS01,象山丹城,太湖片-甬江小片,,,侯,T,抖,ou,,
XS01,象山丹城,太湖片-甬江小片,,,侯,T,陡,ou,,
XS01,象山丹城,太湖片-甬江小片,,,侯,T,蚪,,,
XS01,象山丹城,太湖片-甬江小片,,,侯,T,斗,ou,,
XS01,象山丹城,太湖片-甬江小片,,,侯,T,偷,ou,,
XS01,象山丹城,太湖片-甬江小片,,,侯,T,敨,ou,,
XS01,象山丹城,太湖片-甬江小片,,,侯,T,透,ou,,
XS01,象山丹城,太湖片-甬江小片,,,侯,T,头,ou,,
XS01,象山丹城,太湖片-甬江小片,,,侯,T,投,ou,,
XS01,象山丹城,太湖片-甬江小片,,,侯,T,骰,,,
XS01,象山丹城,太湖片-甬江小片,,,侯,T,豆,ou,,
XS01,象山丹城,太湖片-甬江小片,,,侯,T,逗,ou,,
XS01,象山丹城,太湖片-甬江小片,,,侯,T,痘,ou,,
XS01,象山丹城,太湖片-甬江小片,,,侯,T,脰,,,
XS01,象山丹城,太湖片-甬江小片,,,侯,L,楼,ou,,
XS01,象山丹城,太湖片-甬江小片,,,侯,L,搂,ou,,
XS01,象山丹城,太湖片-甬江小片,,,侯,L,耧,,,
XS01,象山丹城,太湖片-甬江小片,,,侯,L,娄,,,
XS01,象山丹城,太湖片-甬江小片,,,侯,L,搂,ou,,
XS01,象山丹城,太湖片-甬江小片,,,侯,L,篓,,,
XS01,象山丹城,太湖片-甬江小片,,,侯,L,溇,,,
XS01,象山丹城,太湖片-甬江小片,,,侯,L,漏,ou,,
XS01,象山丹城,太湖片-甬江小片,,,侯,L,陋,ou,,
XS01,象山丹城,太湖片-甬江小片,,,侯,TS,走,ou,,
XS01,象山丹城,太湖片-甬江小片,,,侯,TS,奏,ou,,
XS01,象山丹城,太湖片-甬江小片,,,侯,TS,凑,ou,,
XS01,象山丹城,太湖片-甬江小片,,,侯,TS,叟,ou,,
XS01,象山丹城,太湖片-甬江小片,,,侯,TS,嗽,ou,,
XS01,象山丹城,太湖片-甬江小片,,,侯,K,勾,ou,,
XS01,象山丹城,太湖片-甬江小片,,,侯,K,钩,ou,,
XS01,象山丹城,太湖片-甬江小片,,,侯,K,沟,ou,,
XS01,象山丹城,太湖片-甬江小片,,,侯,K,狗,ou,,
XS01,象山丹城,太湖片-甬江小片,,,侯,K,苟,,,
XS01,象山丹城,太湖片-甬江小片,,,侯,K,垢,ou,,
XS01,象山丹城,太湖片-甬江小片,,,侯,K,枸,ou,,
XS01,象山丹城,太湖片-甬江小片,,,侯,K,彀,,,
XS01,象山丹城,太湖片-甬江小片,,,侯,K,够,ou,,
XS01,象山丹城,太湖片-甬江小片,,,侯,K,构,ou,,
XS01,象山丹城,太湖片-甬江小片,,,侯,K,购,ou,,
XS01,象山丹城,太湖片-甬江小片,,,侯,K,勾,ou,,
XS01,象山丹城,太湖片-甬江小片,,,侯,K,抠,ou,,
XS01,象山丹城,太湖片-甬江小片,,,侯,K,眍,,,
XS01,象山丹城,太湖片-甬江小片,,,侯,K,口,ou,,
XS01,象山丹城,太湖片-甬江小片,,,侯,K,叩,ou,,
XS01,象山丹城,太湖片-甬江小片,,,侯,K,扣,ou,,
XS01,象山丹城,太湖片-甬江小片,,,侯,K,寇,ou,,
XS01,象山丹城,太湖片-甬江小片,,,侯,K,藕,ou,,
XS01,象山丹城,太湖片-甬江小片,,,侯,K,偶,ou,,
XS01,象山丹城,太湖片-甬江小片,,,侯,K,偶,ou,,
XS01,象山丹城,太湖片-甬江小片,,,侯,Ø,吼,ou,,
XS01,象山丹城,太湖片-甬江小片,,,侯,Ø,侯,ou,,
XS01,象山丹城,太湖片-甬江小片,,,侯,Ø,喉,,,
XS01,象山丹城,太湖片-甬江小片,,,侯,Ø,猴,ou,,
XS01,象山丹城,太湖片-甬江小片,,,侯,Ø,瘊,,,
XS01,象山丹城,太湖片-甬江小片,,,侯,Ø,後,ou,,
XS01,象山丹城,太湖片-甬江小片,,,侯,Ø,厚,ou,,
XS01,象山丹城,太湖片-甬江小片,,,侯,Ø,后,ou,,
XS01,象山丹城,太湖片-甬江小片,,,侯,Ø,候,ou,,
XS01,象山丹城,太湖片-甬江小片,,,侯,Ø,鲎,ou,,
XS01,象山丹城,太湖片-甬江小片,,,侯,Ø,欧,ou,,
XS01,象山丹城,太湖片-甬江小片,,,侯,Ø,瓯,,,
XS01,象山丹城,太湖片-甬江小片,,,侯,Ø,区,ou,,
XS01,象山丹城,太湖片-甬江小片,,,侯,Ø,鸥,,,
XS01,象山丹城,太湖片-甬江小片,,,侯,Ø,呕,ou,,
XS01,象山丹城,太湖片-甬江小片,,,侯,Ø,殴,ou,,
XS01,象山丹城,太湖片-甬江小片,,,侯,Ø,沤,ou,,
XS01,象山丹城,太湖片-甬江小片,,,侯,Ø,怄,,,
XS01,象山丹城,太湖片-甬江小片,,,皆,P,拜,a,,
XS01,象山丹城,太湖片-甬江小片,,,皆,P,排,a,,
XS01,象山丹城,太湖片-甬江小片,,,皆,P,�,,,
XS01,象山丹城,太湖片-甬江小片,,,皆,M,埋,a/ɛ,文读～怨/白读,
XS01,象山丹城,太湖片-甬江小片,,,皆,L,攋,a,,
XS01,象山丹城,太湖片-甬江小片,,,皆,TS*,䍉,,,
XS01,象山丹城,太湖片-甬江小片,,,皆,TS*,箉,,,
XS01,象山丹城,太湖片-甬江小片,,,皆,TS*,斋,,,
XS01,象山丹城,太湖片-甬江小片,,,皆,TS*,豺,a,,
XS01,象山丹城,太湖片-甬江小片,,,皆,K,皆,,,
XS01,象山丹城,太湖片-甬江小片,,,皆,K,阶,ia,,
XS01,象山丹城,太湖片-甬江小片,,,皆,K,稭,,,
XS01,象山丹城,太湖片-甬江小片,,,皆,K,偕,,,
XS01,象山丹城,太湖片-甬江小片,,,皆,K,介,a,,
XS01,象山丹城,太湖片-甬江小片,,,皆,K,界,a,,
XS01,象山丹城,太湖片-甬江小片,,,皆,K,芥,a,,
XS01,象山丹城,太湖片-甬江小片,,,皆,K,尬,a,,
XS01,象山丹城,太湖片-甬江小片,,,皆,K,疥,a,,
XS01,象山丹城,太湖片-甬江小片,,,皆,K,届,a,,
XS01,象山丹城,太湖片-甬江小片,,,皆,K,戒,a,,
XS01,象山丹城,太湖片-甬江小片,,,皆,K,庎,a,,
XS01,象山丹城,太湖片-甬江小片,,,皆,K,揩,a,,
XS01,象山丹城,太湖片-甬江小片,,,皆,K,楷,a,,
XS01,象山丹城,太湖片-甬江小片,,,皆,Ø,谐,,,
XS01,象山丹城,太湖片-甬江小片,,,皆,Ø,骇,,,
XS01,象山丹城,太湖片-甬江小片,,,皆,Ø,械,ia,,
XS01,象山丹城,太湖片-甬江小片,,,皆,Ø,挨,a,,
XS01,象山丹城,太湖片-甬江小片,,,佳,P,摆,a,,
XS01,象山丹城,太湖片-甬江小片,,,佳,P,派,a,,
XS01,象山丹城,太湖片-甬江小片,,,佳,P,牌,a,,
XS01,象山丹城,太湖片-甬江小片,,,佳,P,簰,,,
XS01,象山丹城,太湖片-甬江小片,,,佳,P,罢,a,,
XS01,象山丹城,太湖片-甬江小片,,,佳,P,稗,a,,
XS01,象山丹城,太湖片-甬江小片,,,佳,M,买,a,,
XS01,象山丹城,太湖片-甬江小片,,,佳,M,卖,a,,
XS01,象山丹城,太湖片-甬江小片,,,佳,N,奶,a,,
XS01,象山丹城,太湖片-甬江小片,,,佳,TS*,债,a,,
XS01,象山丹城,太湖片-甬江小片,,,佳,TS*,钗,,,
XS01,象山丹城,太湖片-甬江小片,,,佳,TS*,差,a/o,出～/～不多,
XS01,象山丹城,太湖片-甬江小片,,,佳,TS*,柴,a,,
XS01,象山丹城,太湖片-甬江小片,,,佳,TS*,筛,,,
XS01,象山丹城,太湖片-甬江小片,,,佳,TS*,洒,a,,
XS01,象山丹城,太湖片-甬江小片,,,佳,TS*,晒,a/o,/～场,
XS01,象山丹城,太湖片-甬江小片,,,佳,K,佳,,,
XS01,象山丹城,太湖片-甬江小片,,,佳,K,街,a,,
XS01,象山丹城,太湖片-甬江小片,,,佳,K,解,a,,
XS01,象山丹城,太湖片-甬江小片,,,佳,K,懈,a,,
XS01,象山丹城,太湖片-甬江小片,,,佳,K,涯,ia,,
XS01,象山丹城,太湖片-甬江小片,,,佳,K,崖,,,
XS01,象山丹城,太湖片-甬江小片,,,佳,K,捱,a,,
XS01,象山丹城,太湖片-甬江小片,,,佳,Ø,鞋,a,,
XS01,象山丹城,太湖片-甬江小片,,,佳,Ø,解,a,,
XS01,象山丹城,太湖片-甬江小片,,,佳,Ø,解,a,,
XS01,象山丹城,太湖片-甬江小片,,,佳,Ø,蟹,a,,
XS01,象山丹城,太湖片-甬江小片,,,佳,Ø,矮,a,,
XS01,象山丹城,太湖片-甬江小片,,,佳,Ø,隘,,,