point_id,point_name,subbranch,lat,lon,韵,声组,汉字,读音,note,诸暨南部地区方言音韵比较研究
ZJ02,诸暨璜山镇,太湖片-临绍小片,,,歌,T,多,ɤɯ,,
ZJ02,诸暨璜山镇,太湖片-临绍小片,,,歌,T,拖,a,,
ZJ02,诸暨璜山镇,太湖片-临绍小片,,,歌,T,他,a,,
ZJ02,诸暨璜山镇,太湖片-临绍小片,,,歌,T,驼,ɤɯ,,
ZJ02,诸暨璜山镇,太湖片-临绍小片,,,歌,T,驮,ɤɯ,,
ZJ02,诸暨璜山镇,太湖片-临绍小片,,,歌,T,陀,ɤɯ,,
ZJ02,诸暨璜山镇,太湖片-临绍小片,,,歌,T,鸵,ɤɯ,,
ZJ02,诸暨璜山镇,太湖片-临绍小片,,,歌,T,沱,,,
ZJ02,诸暨璜山镇,太湖片-临绍小片,,,歌,T,舵,,,
ZJ02,诸暨璜山镇,太湖片-临绍小片,,,歌,T,大,a,,
ZJ02,诸暨璜山镇,太湖片-临绍小片,,,歌,T,驮,ɤɯ,,
ZJ02,诸暨璜山镇,太湖片-临绍小片,,,歌,N,挪,,,
ZJ02,诸暨璜山镇,太湖片-临绍小片,,,歌,N,哪,,,
ZJ02,诸暨璜山镇,太湖片-临绍小片,,,歌,N,那,,,
ZJ02,诸暨璜山镇,太湖片-临绍小片,,,歌,L,罗,ɤɯ,,
ZJ02,诸暨璜山镇,太湖片-临绍小片,,,歌,L,锣,ɤɯ,,
ZJ02,诸暨璜山镇,太湖片-临绍小片,,,歌,L,箩,ɤɯ,,
ZJ02,诸暨璜山镇,太湖片-临绍小片,,,歌,L,萝,ɤɯ,,
ZJ02,诸暨璜山镇,太湖片-临绍小片,,,歌,L,逻,ɤɯ,,
ZJ02,诸暨璜山镇,太湖片-临绍小片,,,歌,TS,左,ɤɯ,,
ZJ02,诸暨璜山镇,太湖片-临绍小片,,,歌,TS,佐,ɤɯ,,
ZJ02,诸暨璜山镇,太湖片-临绍小片,,,歌,TS,搓,ʊ/ɤɯ,～麻将/～衣服,
ZJ02,诸暨璜山镇,太湖片-临绍小片,,,歌,TS,娑,,,
ZJ02,诸暨璜山镇,太湖片-临绍小片,,,歌,K,歌,ɤɯ,,
ZJ02,诸暨璜山镇,太湖片-临绍小片,,,歌,K,哥,ɤɯ,,
ZJ02,诸暨璜山镇,太湖片-临绍小片,,,歌,K,柯,ɤɯ,,
ZJ02,诸暨璜山镇,太湖片-临绍小片,,,歌,K,个,ɤɯ,,
ZJ02,诸暨璜山镇,太湖片-临绍小片,,,歌,K,轲,ɤɯ,,
ZJ02,诸暨璜山镇,太湖片-临绍小片,,,歌,K,可,ɤɯ,,
ZJ02,诸暨璜山镇,太湖片-临绍小片,,,歌,K,蛾,ɤɯ,,
ZJ02,诸暨璜山镇,太湖片-临绍小片,,,歌,K,鹅,ɤɯ,,
ZJ02,诸暨璜山镇,太湖片-临绍小片,,,歌,K,俄,ɤɯ,,
ZJ02,诸暨璜山镇,太湖片-临绍小片,,,歌,K,娥,ɤɯ,,
ZJ02,诸暨璜山镇,太湖片-临绍小片,,,歌,K,我,ɤɯ,,
ZJ02,诸暨璜山镇,太湖片-临绍小片,,,歌,K,饿,ɤɯ,,
ZJ02,诸暨璜山镇,太湖片-临绍小片,,,歌,Ø,荷,ɤɯ,,
ZJ02,诸暨璜山镇,太湖片-临绍小片,,,歌,Ø,河,ɤɯ,,
ZJ02,诸暨璜山镇,太湖片-临绍小片,,,歌,Ø,何,ɤɯ,,
ZJ02,诸暨璜山镇,太湖片-临绍小片,,,歌,Ø,荷,ɤɯ,,
ZJ02,诸暨璜山镇,太湖片-临绍小片,,,歌,Ø,贺,ɤɯ,,
ZJ02,诸暨璜山镇,太湖片-临绍小片,,,歌,Ø,阿,,,
ZJ02,诸暨璜山镇,太湖片-临绍小片,,,歌,Ø,屙,,,
ZJ02,诸暨璜山镇,太湖片-临绍小片,,,戈,K,茄,ia,,
ZJ02,诸暨璜山镇,太湖片-临绍小片,,,戈,P,波,ɤɯ,,
ZJ02,诸暨璜山镇,太湖片-临绍小片,,,戈,P,菠,ɤɯ,,
ZJ02,诸暨璜山镇,太湖片-临绍小片,,,戈,P,跛,,,
ZJ02,诸暨璜山镇,太湖片-临绍小片,,,戈,P,簸,,,
ZJ02,诸暨璜山镇,太湖片-临绍小片,,,戈,P,簸,,,
ZJ02,诸暨璜山镇,太湖片-临绍小片,,,戈,P,播,ɤɯ,,
ZJ02,诸暨璜山镇,太湖片-临绍小片,,,戈,P,颇,ɤɯ,,
ZJ02,诸暨璜山镇,太湖片-临绍小片,,,戈,P,坡,ɤɯ,,
ZJ02,诸暨璜山镇,太湖片-临绍小片,,,戈,P,玻,ɤɯ,,
ZJ02,诸暨璜山镇,太湖片-临绍小片,,,戈,P,破,ɤɯ,,
ZJ02,诸暨璜山镇,太湖片-临绍小片,,,戈,P,婆,ɤɯ,,
ZJ02,诸暨璜山镇,太湖片-临绍小片,,,戈,P,薄,ɤɯ,,
ZJ02,诸暨璜山镇,太湖片-临绍小片,,,戈,M,魔,ɤɯ,,
ZJ02,诸暨璜山镇,太湖片-临绍小片,,,戈,M,磨,ɤɯ,,
ZJ02,诸暨璜山镇,太湖片-临绍小片,,,戈,M,摩,,,
ZJ02,诸暨璜山镇,太湖片-临绍小片,,,戈,M,馍,,,
ZJ02,诸暨璜山镇,太湖片-临绍小片,,,戈,M,蘑,ɤɯ,,
ZJ02,诸暨璜山镇,太湖片-临绍小片,,,戈,M,磨,ɤɯ,,
ZJ02,诸暨璜山镇,太湖片-临绍小片,,,戈,T,朵,ɤɯ,,
ZJ02,诸暨璜山镇,太湖片-临绍小片,,,戈,T,躲,ɤɯ,,
ZJ02,诸暨璜山镇,太湖片-临绍小片,,,戈,T,剁,,,
ZJ02,诸暨璜山镇,太湖片-临绍小片,,,戈,T,妥,ɤɯ,,
ZJ02,诸暨璜山镇,太湖片-临绍小片,,,戈,T,椭,ɤɯ,,
ZJ02,诸暨璜山镇,太湖片-临绍小片,,,戈,T,唾,,,
ZJ02,诸暨璜山镇,太湖片-临绍小片,,,戈,T,砣,ɤɯ,,
ZJ02,诸暨璜山镇,太湖片-临绍小片,,,戈,T,惰,ɤɯ,,
ZJ02,诸暨璜山镇,太湖片-临绍小片,,,戈,T,垛,,,
ZJ02,诸暨璜山镇,太湖片-临绍小片,,,戈,T,堕,,,
ZJ02,诸暨璜山镇,太湖片-临绍小片,,,戈,N,挼,ɤɯ,,
ZJ02,诸暨璜山镇,太湖片-临绍小片,,,戈,N,糯,ɤɯ,,
ZJ02,诸暨璜山镇,太湖片-临绍小片,,,戈,N,懦,,,
ZJ02,诸暨璜山镇,太湖片-临绍小片,,,戈,L,骡,,,
ZJ02,诸暨璜山镇,太湖片-临绍小片,,,戈,L,螺,,,
ZJ02,诸暨璜山镇,太湖片-临绍小片,,,戈,L,脶,,,
ZJ02,诸暨璜山镇,太湖片-临绍小片,,,戈,L,啰,,,
ZJ02,诸暨璜山镇,太湖片-临绍小片,,,戈,L,裸,,,
ZJ02,诸暨璜山镇,太湖片-临绍小片,,,戈,L,瘰,,,
ZJ02,诸暨璜山镇,太湖片-临绍小片,,,戈,L,摞,,,
ZJ02,诸暨璜山镇,太湖片-临绍小片,,,戈,TS,锉,,,
ZJ02,诸暨璜山镇,太湖片-临绍小片,,,戈,TS,莝,,,
ZJ02,诸暨璜山镇,太湖片-临绍小片,,,戈,TS,矬,,,
ZJ02,诸暨璜山镇,太湖片-临绍小片,,,戈,TS,坐, ɤɯ,,
ZJ02,诸暨璜山镇,太湖片-临绍小片,,,戈,TS,座,ɤɯ,,
ZJ02,诸暨璜山镇,太湖片-临绍小片,,,戈,TS,蓑,,,
ZJ02,诸暨璜山镇,太湖片-临绍小片,,,戈,TS,梭,,,
ZJ02,诸暨璜山镇,太湖片-临绍小片,,,戈,TS,唆,ɤɯ,,
ZJ02,诸暨璜山镇,太湖片-临绍小片,,,戈,TS,莎,,,
ZJ02,诸暨璜山镇,太湖片-临绍小片,,,戈,TS,锁,ɤɯ,,
ZJ02,诸暨璜山镇,太湖片-临绍小片,,,戈,TS,琐,ɤɯ,,
ZJ02,诸暨璜山镇,太湖片-临绍小片,,,戈,TS,唢,,,
ZJ02,诸暨璜山镇,太湖片-临绍小片,,,戈,K,过,ɤɯ,,
ZJ02,诸暨璜山镇,太湖片-临绍小片,,,戈,K,锅,ɤɯ,,
ZJ02,诸暨璜山镇,太湖片-临绍小片,,,戈,K,戈,ɤɯ,,
ZJ02,诸暨璜山镇,太湖片-临绍小片,,,戈,K,果,ɤɯ,,
ZJ02,诸暨璜山镇,太湖片-临绍小片,,,戈,K,裹,ɤɯ,,
ZJ02,诸暨璜山镇,太湖片-临绍小片,,,戈,K,餜,ɤɯ,,
ZJ02,诸暨璜山镇,太湖片-临绍小片,,,戈,K,过,ɤɯ,,
ZJ02,诸暨璜山镇,太湖片-临绍小片,,,戈,K,科,ɤɯ,,
ZJ02,诸暨璜山镇,太湖片-临绍小片,,,戈,K,窠,ɤɯ,,
ZJ02,诸暨璜山镇,太湖片-临绍小片,,,戈,K,棵,ɤɯ,,
ZJ02,诸暨璜山镇,太湖片-临绍小片,,,戈,K,髁,ɤɯ,,
ZJ02,诸暨璜山镇,太湖片-临绍小片,,,戈,K,蝌,ɤɯ,,
ZJ02,诸暨璜山镇,太湖片-临绍小片,,,戈,K,颗,ɤɯ,,
ZJ02,诸暨璜山镇,太湖片-临绍小片,,,戈,K,课,ɤɯ,,
ZJ02,诸暨璜山镇,太湖片-临绍小片,,,戈,K,讹,,,
ZJ02,诸暨璜山镇,太湖片-临绍小片,,,戈,K,卧,,,
ZJ02,诸暨璜山镇,太湖片-临绍小片,,,戈,Ø,火,ɤɯ,,
ZJ02,诸暨璜山镇,太湖片-临绍小片,,,戈,Ø,伙,,,
ZJ02,诸暨璜山镇,太湖片-临绍小片,,,戈,Ø,货,ɤɯ,,
ZJ02,诸暨璜山镇,太湖片-临绍小片,,,戈,Ø,和,ɤɯ,,
ZJ02,诸暨璜山镇,太湖片-临绍小片,,,戈,Ø,禾,ɤɯ,,
ZJ02,诸暨璜山镇,太湖片-临绍小片,,,戈,Ø,祸,ɤɯ,,
ZJ02,诸暨璜山镇,太湖片-临绍小片,,,戈,Ø,夥,,,
ZJ02,诸暨璜山镇,太湖片-临绍小片,,,戈,Ø,和,ɤɯ,,
ZJ02,诸暨璜山镇,太湖片-临绍小片,,,戈,Ø,倭,,,
ZJ02,诸暨璜山镇,太湖片-临绍小片,,,戈,Ø,踒,,,
ZJ02,诸暨璜山镇,太湖片-临绍小片,,,戈,Ø,窝,,,
ZJ02,诸暨璜山镇,太湖片-临绍小片,,,戈,Ø,涡,,,
ZJ02,诸暨璜山镇,太湖片-临绍小片,,,戈,Ø,莴,,,
ZJ02,诸暨璜山镇,太湖片-临绍小片,,,戈,Ø,涴,,,
ZJ02,诸暨璜山镇,太湖片-临绍小片,,,戈,Ø,瘸,,,
ZJ02,诸暨璜山镇,太湖片-临绍小片,,,戈,Ø,靴,y,,
ZJ02,诸暨璜山镇,太湖片-临绍小片,,,戈,Ø,�,,,
ZJ02,诸暨璜山镇,太湖片-临绍小片,,,麻,P,巴,ʊ/a,,
ZJ02,诸暨璜山镇,太湖片-临绍小片,,,麻,P,芭,a,,
ZJ02,诸暨璜山镇,太湖片-临绍小片,,,麻,P,疤,ʊ,,
ZJ02,诸暨璜山镇,太湖片-临绍小片,,,麻,P,笆,,,
ZJ02,诸暨璜山镇,太湖片-临绍小片,,,麻,P,吧,,,
ZJ02,诸暨璜山镇,太湖片-临绍小片,,,麻,P,把,ʊ,,
ZJ02,诸暨璜山镇,太湖片-临绍小片,,,麻,P,靶,ʊ,,
ZJ02,诸暨璜山镇,太湖片-临绍小片,,,麻,P,霸,ʊ/a,,
ZJ02,诸暨璜山镇,太湖片-临绍小片,,,麻,P,欛,,,
ZJ02,诸暨璜山镇,太湖片-临绍小片,,,麻,P,壩,,,
ZJ02,诸暨璜山镇,太湖片-临绍小片,,,麻,P,坝,ʊ,,
ZJ02,诸暨璜山镇,太湖片-临绍小片,,,麻,P,爸,a,,
ZJ02,诸暨璜山镇,太湖片-临绍小片,,,麻,P,怕,ʊ,,
ZJ02,诸暨璜山镇,太湖片-临绍小片,,,麻,P,帕,ʊ,,
ZJ02,诸暨璜山镇,太湖片-临绍小片,,,麻,P,爬,ʊ,,
ZJ02,诸暨璜山镇,太湖片-临绍小片,,,麻,P,琶,ʊ,,
ZJ02,诸暨璜山镇,太湖片-临绍小片,,,麻,P,杷,ʊ,,
ZJ02,诸暨璜山镇,太湖片-临绍小片,,,麻,P,钯,,,
ZJ02,诸暨璜山镇,太湖片-临绍小片,,,麻,P,耙,ʊ,,
ZJ02,诸暨璜山镇,太湖片-临绍小片,,,麻,M,麻,ʊ,,
ZJ02,诸暨璜山镇,太湖片-临绍小片,,,麻,M,痲,,,
ZJ02,诸暨璜山镇,太湖片-临绍小片,,,麻,M,蟆,ʊ,,
ZJ02,诸暨璜山镇,太湖片-临绍小片,,,麻,M,妈,a,,
ZJ02,诸暨璜山镇,太湖片-临绍小片,,,麻,M,马,ʊ/a,,
ZJ02,诸暨璜山镇,太湖片-临绍小片,,,麻,M,码,ʊ,,
ZJ02,诸暨璜山镇,太湖片-临绍小片,,,麻,M,玛,,,
ZJ02,诸暨璜山镇,太湖片-临绍小片,,,麻,M,蚂,,,
ZJ02,诸暨璜山镇,太湖片-临绍小片,,,麻,M,骂,ʊ,,
ZJ02,诸暨璜山镇,太湖片-临绍小片,,,麻,N,拿,ʊ/a,～手戏/～走,
ZJ02,诸暨璜山镇,太湖片-临绍小片,,,麻,TS,茶,ʊ,,
ZJ02,诸暨璜山镇,太湖片-临绍小片,,,麻,TS,搽,ʊ,,
ZJ02,诸暨璜山镇,太湖片-临绍小片,,,麻,TS,䖳,,,
ZJ02,诸暨璜山镇,太湖片-临绍小片,,,麻,TS*,楂,,,
ZJ02,诸暨璜山镇,太湖片-临绍小片,,,麻,TS*,渣,ʊ,,
ZJ02,诸暨璜山镇,太湖片-临绍小片,,,麻,TS*,诈,a,,
ZJ02,诸暨璜山镇,太湖片-临绍小片,,,麻,TS*,榨,ʊ,,
ZJ02,诸暨璜山镇,太湖片-临绍小片,,,麻,TS*,炸,ʊ,,
ZJ02,诸暨璜山镇,太湖片-临绍小片,,,麻,TS*,叉,ʊ,,
ZJ02,诸暨璜山镇,太湖片-临绍小片,,,麻,TS*,杈,ʊ,,
ZJ02,诸暨璜山镇,太湖片-临绍小片,,,麻,TS*,差,ʊ/a,～不多/出～,
ZJ02,诸暨璜山镇,太湖片-临绍小片,,,麻,TS*,岔,ʊ,,
ZJ02,诸暨璜山镇,太湖片-临绍小片,,,麻,TS*,差,ʊ/a,～不多/出～,
ZJ02,诸暨璜山镇,太湖片-临绍小片,,,麻,TS*,茬,,,
ZJ02,诸暨璜山镇,太湖片-临绍小片,,,麻,TS*,查,ʊ,,
ZJ02,诸暨璜山镇,太湖片-临绍小片,,,麻,TS*,乍,,,
ZJ02,诸暨璜山镇,太湖片-临绍小片,,,麻,TS*,沙,ʊ/a,,
ZJ02,诸暨璜山镇,太湖片-临绍小片,,,麻,TS*,纱,ʊ,,
ZJ02,诸暨璜山镇,太湖片-临绍小片,,,麻,TS*,痧,,,
ZJ02,诸暨璜山镇,太湖片-临绍小片,,,麻,TS*,砂,,,
ZJ02,诸暨璜山镇,太湖片-临绍小片,,,麻,TS*,鲨,,,
ZJ02,诸暨璜山镇,太湖片-临绍小片,,,麻,TS*,裟,,,
ZJ02,诸暨璜山镇,太湖片-临绍小片,,,麻,TS*,洒,a,,
ZJ02,诸暨璜山镇,太湖片-临绍小片,,,麻,TS*,厦,,,
ZJ02,诸暨璜山镇,太湖片-临绍小片,,,麻,K,家,ʊ,,
ZJ02,诸暨璜山镇,太湖片-临绍小片,,,麻,K,傢,,,
ZJ02,诸暨璜山镇,太湖片-临绍小片,,,麻,K,加,ʊ,,
ZJ02,诸暨璜山镇,太湖片-临绍小片,,,麻,K,痂,,,
ZJ02,诸暨璜山镇,太湖片-临绍小片,,,麻,K,嘉,ʊ,,
ZJ02,诸暨璜山镇,太湖片-临绍小片,,,麻,K,枷,,,
ZJ02,诸暨璜山镇,太湖片-临绍小片,,,麻,K,袈,,,
ZJ02,诸暨璜山镇,太湖片-临绍小片,,,麻,K,假,ʊ,,
ZJ02,诸暨璜山镇,太湖片-临绍小片,,,麻,K,贾,ʊ,,
ZJ02,诸暨璜山镇,太湖片-临绍小片,,,麻,K,假,ʊ,,
ZJ02,诸暨璜山镇,太湖片-临绍小片,,,麻,K,架,,,
ZJ02,诸暨璜山镇,太湖片-临绍小片,,,麻,K,驾,ʊ,,
ZJ02,诸暨璜山镇,太湖片-临绍小片,,,麻,K,嫁,ʊ,,
ZJ02,诸暨璜山镇,太湖片-临绍小片,,,麻,K,稼,,,
ZJ02,诸暨璜山镇,太湖片-临绍小片,,,麻,K,价,ʊ,,
ZJ02,诸暨璜山镇,太湖片-临绍小片,,,麻,K,揢,ʊ,,
ZJ02,诸暨璜山镇,太湖片-临绍小片,,,麻,K,牙,ʊ,,
ZJ02,诸暨璜山镇,太湖片-临绍小片,,,麻,K,芽,ʊ,,
ZJ02,诸暨璜山镇,太湖片-临绍小片,,,麻,K,衙,ʊ,,
ZJ02,诸暨璜山镇,太湖片-临绍小片,,,麻,K,伢,,,
ZJ02,诸暨璜山镇,太湖片-临绍小片,,,麻,K,蚜,,,
ZJ02,诸暨璜山镇,太湖片-临绍小片,,,麻,K,雅,ia,,
ZJ02,诸暨璜山镇,太湖片-临绍小片,,,麻,K,砑,ʊ,,
ZJ02,诸暨璜山镇,太湖片-临绍小片,,,麻,Ø,虾,,,
ZJ02,诸暨璜山镇,太湖片-临绍小片,,,麻,Ø,�,,,
ZJ02,诸暨璜山镇,太湖片-临绍小片,,,麻,Ø,嚇,,,
ZJ02,诸暨璜山镇,太湖片-临绍小片,,,麻,Ø,霞,iʊ/ia,,
ZJ02,诸暨璜山镇,太湖片-临绍小片,,,麻,Ø,瑕,,,
ZJ02,诸暨璜山镇,太湖片-临绍小片,,,麻,Ø,遐,,,
ZJ02,诸暨璜山镇,太湖片-临绍小片,,,麻,Ø,蝦,,,
ZJ02,诸暨璜山镇,太湖片-临绍小片,,,麻,Ø,下,ʊ,,
ZJ02,诸暨璜山镇,太湖片-临绍小片,,,麻,Ø,夏,ʊ,,
ZJ02,诸暨璜山镇,太湖片-临绍小片,,,麻,Ø,厦,ʊ,,
ZJ02,诸暨璜山镇,太湖片-临绍小片,,,麻,Ø,下,ʊ,,
ZJ02,诸暨璜山镇,太湖片-临绍小片,,,麻,Ø,夏,ʊ,,
ZJ02,诸暨璜山镇,太湖片-临绍小片,,,麻,Ø,暇,,,
ZJ02,诸暨璜山镇,太湖片-临绍小片,,,麻,Ø,鸦,ʊ,,
ZJ02,诸暨璜山镇,太湖片-临绍小片,,,麻,Ø,丫,ʊ,,
ZJ02,诸暨璜山镇,太湖片-临绍小片,,,麻,Ø,桠,,,
ZJ02,诸暨璜山镇,太湖片-临绍小片,,,麻,Ø,哑,ʊ,,
ZJ02,诸暨璜山镇,太湖片-临绍小片,,,麻,Ø,亚,iʊ/ia,,
ZJ02,诸暨璜山镇,太湖片-临绍小片,,,模,P,补,u,,
ZJ02,诸暨璜山镇,太湖片-临绍小片,,,模,P,谱,u,,
ZJ02,诸暨璜山镇,太湖片-临绍小片,,,模,P,哺,,,
ZJ02,诸暨璜山镇,太湖片-临绍小片,,,模,P,布,u,,
ZJ02,诸暨璜山镇,太湖片-临绍小片,,,模,P,佈,u,,
ZJ02,诸暨璜山镇,太湖片-临绍小片,,,模,P,铺,u,,
ZJ02,诸暨璜山镇,太湖片-临绍小片,,,模,P,潽,u,,
ZJ02,诸暨璜山镇,太湖片-临绍小片,,,模,P,普,u,,
ZJ02,诸暨璜山镇,太湖片-临绍小片,,,模,P,浦,u,,
ZJ02,诸暨璜山镇,太湖片-临绍小片,,,模,P,铺,u,,
ZJ02,诸暨璜山镇,太湖片-临绍小片,,,模,P,怖,u,,
ZJ02,诸暨璜山镇,太湖片-临绍小片,,,模,P,蒲,u,,
ZJ02,诸暨璜山镇,太湖片-临绍小片,,,模,P,菩,u,,
ZJ02,诸暨璜山镇,太湖片-临绍小片,,,模,P,脯,u,,
ZJ02,诸暨璜山镇,太湖片-临绍小片,,,模,P,葡,,,
ZJ02,诸暨璜山镇,太湖片-临绍小片,,,模,P,莆,,,
ZJ02,诸暨璜山镇,太湖片-临绍小片,,,模,P,部,u,,
ZJ02,诸暨璜山镇,太湖片-临绍小片,,,模,P,簿,u,,
ZJ02,诸暨璜山镇,太湖片-临绍小片,,,模,P,篰,u,,
ZJ02,诸暨璜山镇,太湖片-临绍小片,,,模,P,步,u,,
ZJ02,诸暨璜山镇,太湖片-临绍小片,,,模,P,捕,u,,
ZJ02,诸暨璜山镇,太湖片-临绍小片,,,模,P,埠,u,,
ZJ02,诸暨璜山镇,太湖片-临绍小片,,,模,M,模,ɤɯ,,
ZJ02,诸暨璜山镇,太湖片-临绍小片,,,模,M,模,ɤɯ,,
ZJ02,诸暨璜山镇,太湖片-临绍小片,,,模,M,摹,ɤɯ,,
ZJ02,诸暨璜山镇,太湖片-临绍小片,,,模,M,姥,,,
ZJ02,诸暨璜山镇,太湖片-临绍小片,,,模,M,暮,ɤɯ,,
ZJ02,诸暨璜山镇,太湖片-临绍小片,,,模,M,慕,ɤɯ,,
ZJ02,诸暨璜山镇,太湖片-临绍小片,,,模,M,墓,ɤɯ,,
ZJ02,诸暨璜山镇,太湖片-临绍小片,,,模,M,募,ɤɯ,,
ZJ02,诸暨璜山镇,太湖片-临绍小片,,,模,M,睦,,,
ZJ02,诸暨璜山镇,太湖片-临绍小片,,,模,T,都,u,,
ZJ02,诸暨璜山镇,太湖片-临绍小片,,,模,T,都,u,,
ZJ02,诸暨璜山镇,太湖片-临绍小片,,,模,T,赌,u,,
ZJ02,诸暨璜山镇,太湖片-临绍小片,,,模,T,堵,u,,
ZJ02,诸暨璜山镇,太湖片-临绍小片,,,模,T,肚,u,,
ZJ02,诸暨璜山镇,太湖片-临绍小片,,,模,T,睹,u,,
ZJ02,诸暨璜山镇,太湖片-临绍小片,,,模,T,妒,u,,
ZJ02,诸暨璜山镇,太湖片-临绍小片,,,模,T,土,u,,
ZJ02,诸暨璜山镇,太湖片-临绍小片,,,模,T,吐,u,,
ZJ02,诸暨璜山镇,太湖片-临绍小片,,,模,T,吐,u,,
ZJ02,诸暨璜山镇,太湖片-临绍小片,,,模,T,兔,u,,
ZJ02,诸暨璜山镇,太湖片-临绍小片,,,模,T,徒,u,,
ZJ02,诸暨璜山镇,太湖片-临绍小片,,,模,T,屠,u,,
ZJ02,诸暨璜山镇,太湖片-临绍小片,,,模,T,途,u,,
ZJ02,诸暨璜山镇,太湖片-临绍小片,,,模,T,涂,u,,
ZJ02,诸暨璜山镇,太湖片-临绍小片,,,模,T,图,u,,
ZJ02,诸暨璜山镇,太湖片-临绍小片,,,模,T,杜,u,,
ZJ02,诸暨璜山镇,太湖片-临绍小片,,,模,T,肚,u,,
ZJ02,诸暨璜山镇,太湖片-临绍小片,,,模,T,度,u,,
ZJ02,诸暨璜山镇,太湖片-临绍小片,,,模,T,渡,u,,
ZJ02,诸暨璜山镇,太湖片-临绍小片,,,模,T,镀,u,,
ZJ02,诸暨璜山镇,太湖片-临绍小片,,,模,N,奴,u,,
ZJ02,诸暨璜山镇,太湖片-临绍小片,,,模,N,努,u,,
ZJ02,诸暨璜山镇,太湖片-临绍小片,,,模,N,怒,u,,
ZJ02,诸暨璜山镇,太湖片-临绍小片,,,模,L,卢,u,,
ZJ02,诸暨璜山镇,太湖片-临绍小片,,,模,L,炉,u,,
ZJ02,诸暨璜山镇,太湖片-临绍小片,,,模,L,芦,u,,
ZJ02,诸暨璜山镇,太湖片-临绍小片,,,模,L,鸬,u,,
ZJ02,诸暨璜山镇,太湖片-临绍小片,,,模,L,颅,,,
ZJ02,诸暨璜山镇,太湖片-临绍小片,,,模,L,鲈,u,,
ZJ02,诸暨璜山镇,太湖片-临绍小片,,,模,L,鲁,u,,
ZJ02,诸暨璜山镇,太湖片-临绍小片,,,模,L,橹,u,,
ZJ02,诸暨璜山镇,太湖片-临绍小片,,,模,L,虏,u,,
ZJ02,诸暨璜山镇,太湖片-临绍小片,,,模,L,卤,u,,
ZJ02,诸暨璜山镇,太湖片-临绍小片,,,模,L,路,u,,
ZJ02,诸暨璜山镇,太湖片-临绍小片,,,模,L,赂,u,,
ZJ02,诸暨璜山镇,太湖片-临绍小片,,,模,L,露,u,,
ZJ02,诸暨璜山镇,太湖片-临绍小片,,,模,L,鹭,u,,
ZJ02,诸暨璜山镇,太湖片-临绍小片,,,模,TS,租,u,,
ZJ02,诸暨璜山镇,太湖片-临绍小片,,,模,TS,祖,u,,
ZJ02,诸暨璜山镇,太湖片-临绍小片,,,模,TS,组,u,,
ZJ02,诸暨璜山镇,太湖片-临绍小片,,,模,TS,做,ɤɯ,,
ZJ02,诸暨璜山镇,太湖片-临绍小片,,,模,TS,粗,u,,
ZJ02,诸暨璜山镇,太湖片-临绍小片,,,模,TS,醋,u,,
ZJ02,诸暨璜山镇,太湖片-临绍小片,,,模,TS,措,u,,
ZJ02,诸暨璜山镇,太湖片-临绍小片,,,模,TS,错,ɤɯ,,
ZJ02,诸暨璜山镇,太湖片-临绍小片,,,模,TS,苏,u,,
ZJ02,诸暨璜山镇,太湖片-临绍小片,,,模,TS,酥,u,,
ZJ02,诸暨璜山镇,太湖片-临绍小片,,,模,TS,素,u,,
ZJ02,诸暨璜山镇,太湖片-临绍小片,,,模,TS,诉,u,,
ZJ02,诸暨璜山镇,太湖片-临绍小片,,,模,TS,塑,u,,
ZJ02,诸暨璜山镇,太湖片-临绍小片,,,模,TS,嗉,,,
ZJ02,诸暨璜山镇,太湖片-临绍小片,,,模,K,姑,u,,
ZJ02,诸暨璜山镇,太湖片-临绍小片,,,模,K,孤,u,,
ZJ02,诸暨璜山镇,太湖片-临绍小片,,,模,K,箍,u,,
ZJ02,诸暨璜山镇,太湖片-临绍小片,,,模,K,辜,,,
ZJ02,诸暨璜山镇,太湖片-临绍小片,,,模,K,菇,u,,
ZJ02,诸暨璜山镇,太湖片-临绍小片,,,模,K,鸪,u,,
ZJ02,诸暨璜山镇,太湖片-临绍小片,,,模,K,蛄,u,,
ZJ02,诸暨璜山镇,太湖片-临绍小片,,,模,K,古,u,,
ZJ02,诸暨璜山镇,太湖片-临绍小片,,,模,K,估,u,,
ZJ02,诸暨璜山镇,太湖片-临绍小片,,,模,K,盬,,,
ZJ02,诸暨璜山镇,太湖片-临绍小片,,,模,K,牯,,,
ZJ02,诸暨璜山镇,太湖片-临绍小片,,,模,K,股,u,,
ZJ02,诸暨璜山镇,太湖片-临绍小片,,,模,K,鼓,u,,
ZJ02,诸暨璜山镇,太湖片-临绍小片,,,模,K,蛊,u,,
ZJ02,诸暨璜山镇,太湖片-临绍小片,,,模,K,故,u,,
ZJ02,诸暨璜山镇,太湖片-临绍小片,,,模,K,固,u,,
ZJ02,诸暨璜山镇,太湖片-临绍小片,,,模,K,锢,u,,
ZJ02,诸暨璜山镇,太湖片-临绍小片,,,模,K,雇,u,,
ZJ02,诸暨璜山镇,太湖片-临绍小片,,,模,K,顾,u,,
ZJ02,诸暨璜山镇,太湖片-临绍小片,,,模,K,枯,u,,
ZJ02,诸暨璜山镇,太湖片-临绍小片,,,模,K,苦,u,,
ZJ02,诸暨璜山镇,太湖片-临绍小片,,,模,K,库,u,,
ZJ02,诸暨璜山镇,太湖片-临绍小片,,,模,K,裤,u,,
ZJ02,诸暨璜山镇,太湖片-临绍小片,,,模,K,吴,u,,
ZJ02,诸暨璜山镇,太湖片-临绍小片,,,模,K,蜈,u,,
ZJ02,诸暨璜山镇,太湖片-临绍小片,,,模,K,吾,u,,
ZJ02,诸暨璜山镇,太湖片-临绍小片,,,模,K,梧,u,,
ZJ02,诸暨璜山镇,太湖片-临绍小片,,,模,K,五,,,
ZJ02,诸暨璜山镇,太湖片-临绍小片,,,模,K,伍,u,,
ZJ02,诸暨璜山镇,太湖片-临绍小片,,,模,K,午,u,,
ZJ02,诸暨璜山镇,太湖片-临绍小片,,,模,K,忤,,,
ZJ02,诸暨璜山镇,太湖片-临绍小片,,,模,K,误,u,,
ZJ02,诸暨璜山镇,太湖片-临绍小片,,,模,K,悟,u,,
ZJ02,诸暨璜山镇,太湖片-临绍小片,,,模,Ø,呼,u,,
ZJ02,诸暨璜山镇,太湖片-临绍小片,,,模,Ø,虎,u,,
ZJ02,诸暨璜山镇,太湖片-临绍小片,,,模,Ø,浒,u,,
ZJ02,诸暨璜山镇,太湖片-临绍小片,,,模,Ø,琥,,,
ZJ02,诸暨璜山镇,太湖片-临绍小片,,,模,Ø,戽,u,,
ZJ02,诸暨璜山镇,太湖片-临绍小片,,,模,Ø,胡,u,,
ZJ02,诸暨璜山镇,太湖片-临绍小片,,,模,Ø,湖,u,,
ZJ02,诸暨璜山镇,太湖片-临绍小片,,,模,Ø,狐,u,,
ZJ02,诸暨璜山镇,太湖片-临绍小片,,,模,Ø,壶,u,,
ZJ02,诸暨璜山镇,太湖片-临绍小片,,,模,Ø,乎,,,
ZJ02,诸暨璜山镇,太湖片-临绍小片,,,模,Ø,瓠,u,,
ZJ02,诸暨璜山镇,太湖片-临绍小片,,,模,Ø,鬍,,,
ZJ02,诸暨璜山镇,太湖片-临绍小片,,,模,Ø,糊,,,
ZJ02,诸暨璜山镇,太湖片-临绍小片,,,模,Ø,蝴,u,,
ZJ02,诸暨璜山镇,太湖片-临绍小片,,,模,Ø,瑚,,,
ZJ02,诸暨璜山镇,太湖片-临绍小片,,,模,Ø,户,u,,
ZJ02,诸暨璜山镇,太湖片-临绍小片,,,模,Ø,沪,u,,
ZJ02,诸暨璜山镇,太湖片-临绍小片,,,模,Ø,互,u,,
ZJ02,诸暨璜山镇,太湖片-临绍小片,,,模,Ø,护,,,
ZJ02,诸暨璜山镇,太湖片-临绍小片,,,模,Ø,瓠,u,,
ZJ02,诸暨璜山镇,太湖片-临绍小片,,,模,Ø,糊,,,
ZJ02,诸暨璜山镇,太湖片-临绍小片,,,模,Ø,乌,u,,
ZJ02,诸暨璜山镇,太湖片-临绍小片,,,模,Ø,污,u,,
ZJ02,诸暨璜山镇,太湖片-临绍小片,,,模,Ø,坞,u,,
ZJ02,诸暨璜山镇,太湖片-临绍小片,,,模,Ø,恶,,,
ZJ02,诸暨璜山镇,太湖片-临绍小片,,,豪,P,褒,ɔ,,
ZJ02,诸暨璜山镇,太湖片-临绍小片,,,豪,P,保,ɔ,,
ZJ02,诸暨璜山镇,太湖片-临绍小片,,,豪,P,堡,ɔ,,
ZJ02,诸暨璜山镇,太湖片-临绍小片,,,豪,P,宝,ɔ,,
ZJ02,诸暨璜山镇,太湖片-临绍小片,,,豪,P,报,ɔ,,
ZJ02,诸暨璜山镇,太湖片-临绍小片,,,豪,P,袍,ɔ,,
ZJ02,诸暨璜山镇,太湖片-临绍小片,,,豪,P,抱,ɔ,,
ZJ02,诸暨璜山镇,太湖片-临绍小片,,,豪,P,暴,ɔ,,
ZJ02,诸暨璜山镇,太湖片-临绍小片,,,豪,P,菢,,,
ZJ02,诸暨璜山镇,太湖片-临绍小片,,,豪,M,毛,ɔ,,
ZJ02,诸暨璜山镇,太湖片-临绍小片,,,豪,M,冒,ɔ,,
ZJ02,诸暨璜山镇,太湖片-临绍小片,,,豪,M,帽,ɔ,,
ZJ02,诸暨璜山镇,太湖片-临绍小片,,,豪,M,瑁,,,
ZJ02,诸暨璜山镇,太湖片-临绍小片,,,豪,T,刀,ɔ,,
ZJ02,诸暨璜山镇,太湖片-临绍小片,,,豪,T,叨,ɔ,,
ZJ02,诸暨璜山镇,太湖片-临绍小片,,,豪,T,祷,ɔ,,
ZJ02,诸暨璜山镇,太湖片-临绍小片,,,豪,T,岛,ɔ,,
ZJ02,诸暨璜山镇,太湖片-临绍小片,,,豪,T,倒,ɔ,,
ZJ02,诸暨璜山镇,太湖片-临绍小片,,,豪,T,捣,,,
ZJ02,诸暨璜山镇,太湖片-临绍小片,,,豪,T,到,ɔ,,
ZJ02,诸暨璜山镇,太湖片-临绍小片,,,豪,T,倒,ɔ,,
ZJ02,诸暨璜山镇,太湖片-临绍小片,,,豪,T,滔,ɔ,,
ZJ02,诸暨璜山镇,太湖片-临绍小片,,,豪,T,掏,ɔ,,
ZJ02,诸暨璜山镇,太湖片-临绍小片,,,豪,T,讨,ɔ,,
ZJ02,诸暨璜山镇,太湖片-临绍小片,,,豪,T,套,ɔ,,
ZJ02,诸暨璜山镇,太湖片-临绍小片,,,豪,T,桃,ɔ,,
ZJ02,诸暨璜山镇,太湖片-临绍小片,,,豪,T,逃,ɔ,,
ZJ02,诸暨璜山镇,太湖片-临绍小片,,,豪,T,淘,ɔ,,
ZJ02,诸暨璜山镇,太湖片-临绍小片,,,豪,T,陶,ɔ,,
ZJ02,诸暨璜山镇,太湖片-临绍小片,,,豪,T,萄,ɔ,,
ZJ02,诸暨璜山镇,太湖片-临绍小片,,,豪,T,涛,ɔ,,
ZJ02,诸暨璜山镇,太湖片-临绍小片,,,豪,T,道,ɔ,,
ZJ02,诸暨璜山镇,太湖片-临绍小片,,,豪,T,稻,ɔ,,
ZJ02,诸暨璜山镇,太湖片-临绍小片,,,豪,T,盗,ɔ,,
ZJ02,诸暨璜山镇,太湖片-临绍小片,,,豪,T,导,ɔ,,
ZJ02,诸暨璜山镇,太湖片-临绍小片,,,豪,T,蹈,,,
ZJ02,诸暨璜山镇,太湖片-临绍小片,,,豪,N,脑,ɔ,,
ZJ02,诸暨璜山镇,太湖片-临绍小片,,,豪,N,恼,ɔ,,
ZJ02,诸暨璜山镇,太湖片-临绍小片,,,豪,L,劳,ɔ,,
ZJ02,诸暨璜山镇,太湖片-临绍小片,,,豪,L,捞,ɔ,,
ZJ02,诸暨璜山镇,太湖片-临绍小片,,,豪,L,唠,ɔ,,
ZJ02,诸暨璜山镇,太湖片-临绍小片,,,豪,L,牢,ɔ,,
ZJ02,诸暨璜山镇,太湖片-临绍小片,,,豪,L,痨,,,
ZJ02,诸暨璜山镇,太湖片-临绍小片,,,豪,L,老,ɔ,,
ZJ02,诸暨璜山镇,太湖片-临绍小片,,,豪,L,佬,ɔ,,
ZJ02,诸暨璜山镇,太湖片-临绍小片,,,豪,L,涝,ɔ,,
ZJ02,诸暨璜山镇,太湖片-临绍小片,,,豪,TS,遭,ɔ,,
ZJ02,诸暨璜山镇,太湖片-临绍小片,,,豪,TS,糟,ɔ,,
ZJ02,诸暨璜山镇,太湖片-临绍小片,,,豪,TS,早,ɔ,,
ZJ02,诸暨璜山镇,太湖片-临绍小片,,,豪,TS,枣,ɔ,,
ZJ02,诸暨璜山镇,太湖片-临绍小片,,,豪,TS,蚤,ɔ,,
ZJ02,诸暨璜山镇,太湖片-临绍小片,,,豪,TS,澡,ɔ,,
ZJ02,诸暨璜山镇,太湖片-临绍小片,,,豪,TS,藻,ɔ,,
ZJ02,诸暨璜山镇,太湖片-临绍小片,,,豪,TS,躁,ɔ,,
ZJ02,诸暨璜山镇,太湖片-临绍小片,,,豪,TS,灶,ɔ,,
ZJ02,诸暨璜山镇,太湖片-临绍小片,,,豪,TS,操,ɔ,,
ZJ02,诸暨璜山镇,太湖片-临绍小片,,,豪,TS,草,ɔ,,
ZJ02,诸暨璜山镇,太湖片-临绍小片,,,豪,TS,騲,,,
ZJ02,诸暨璜山镇,太湖片-临绍小片,,,豪,TS,糙,ɔ,,
ZJ02,诸暨璜山镇,太湖片-临绍小片,,,豪,TS,曹,ɔ,,
ZJ02,诸暨璜山镇,太湖片-临绍小片,,,豪,TS,槽,ɔ,,
ZJ02,诸暨璜山镇,太湖片-临绍小片,,,豪,TS,皂,ɔ,,
ZJ02,诸暨璜山镇,太湖片-临绍小片,,,豪,TS,造,ɔ,,
ZJ02,诸暨璜山镇,太湖片-临绍小片,,,豪,TS,骚,ɔ,,
ZJ02,诸暨璜山镇,太湖片-临绍小片,,,豪,TS,臊,ɔ,,
ZJ02,诸暨璜山镇,太湖片-临绍小片,,,豪,TS,扫,ɔ,,
ZJ02,诸暨璜山镇,太湖片-临绍小片,,,豪,TS,嫂,ɔ,,
ZJ02,诸暨璜山镇,太湖片-临绍小片,,,豪,TS,扫,ɔ,,
ZJ02,诸暨璜山镇,太湖片-临绍小片,,,豪,TS,燥,,,
ZJ02,诸暨璜山镇,太湖片-临绍小片,,,豪,K,高,ɔ,,
ZJ02,诸暨璜山镇,太湖片-临绍小片,,,豪,K,膏,ɔ,,
ZJ02,诸暨璜山镇,太湖片-临绍小片,,,豪,K,篙,ɔ,,
ZJ02,诸暨璜山镇,太湖片-临绍小片,,,豪,K,羔,ɔ,,
ZJ02,诸暨璜山镇,太湖片-临绍小片,,,豪,K,糕,ɔ,,
ZJ02,诸暨璜山镇,太湖片-临绍小片,,,豪,K,稿,ɔ,,
ZJ02,诸暨璜山镇,太湖片-临绍小片,,,豪,K,告,ɔ,,
ZJ02,诸暨璜山镇,太湖片-临绍小片,,,豪,K,膏,ɔ,,
ZJ02,诸暨璜山镇,太湖片-临绍小片,,,豪,K,考,ɔ,,
ZJ02,诸暨璜山镇,太湖片-临绍小片,,,豪,K,烤,ɔ,,
ZJ02,诸暨璜山镇,太湖片-临绍小片,,,豪,K,拷,,,
ZJ02,诸暨璜山镇,太湖片-临绍小片,,,豪,K,靠,ɔ,,
ZJ02,诸暨璜山镇,太湖片-临绍小片,,,豪,K,犒,ɔ,,
ZJ02,诸暨璜山镇,太湖片-临绍小片,,,豪,K,铐,,,
ZJ02,诸暨璜山镇,太湖片-临绍小片,,,豪,K,㸆,,,
ZJ02,诸暨璜山镇,太湖片-临绍小片,,,豪,K,熬,ɔ,,
ZJ02,诸暨璜山镇,太湖片-临绍小片,,,豪,K,敖,,,
ZJ02,诸暨璜山镇,太湖片-临绍小片,,,豪,K,鳌,,,
ZJ02,诸暨璜山镇,太湖片-临绍小片,,,豪,K,傲,ɔ,,
ZJ02,诸暨璜山镇,太湖片-临绍小片,,,豪,K,鏊,,,
ZJ02,诸暨璜山镇,太湖片-临绍小片,,,豪,Ø,蒿,ɔ,,
ZJ02,诸暨璜山镇,太湖片-临绍小片,,,豪,Ø,薅,,,
ZJ02,诸暨璜山镇,太湖片-临绍小片,,,豪,Ø,好,ɔ,,
ZJ02,诸暨璜山镇,太湖片-临绍小片,,,豪,Ø,好,ɔ,,
ZJ02,诸暨璜山镇,太湖片-临绍小片,,,豪,Ø,耗,ɔ,,
ZJ02,诸暨璜山镇,太湖片-临绍小片,,,豪,Ø,豪,ɔ,,
ZJ02,诸暨璜山镇,太湖片-临绍小片,,,豪,Ø,壕,ɔ,,
ZJ02,诸暨璜山镇,太湖片-临绍小片,,,豪,Ø,毫,ɔ,,
ZJ02,诸暨璜山镇,太湖片-临绍小片,,,豪,Ø,号,ɔ,,
ZJ02,诸暨璜山镇,太湖片-临绍小片,,,豪,Ø,蠔,,,
ZJ02,诸暨璜山镇,太湖片-临绍小片,,,豪,Ø,浩,ɔ,,
ZJ02,诸暨璜山镇,太湖片-临绍小片,,,豪,Ø,号,ɔ,,
ZJ02,诸暨璜山镇,太湖片-临绍小片,,,豪,Ø,爊,,,
ZJ02,诸暨璜山镇,太湖片-临绍小片,,,豪,Ø,袄,ɔ,,
ZJ02,诸暨璜山镇,太湖片-临绍小片,,,豪,Ø,懊,ɔ,,
ZJ02,诸暨璜山镇,太湖片-临绍小片,,,豪,Ø,奥,ɔ,,
ZJ02,诸暨璜山镇,太湖片-临绍小片,,,豪,Ø,懊,ɔ,,
ZJ02,诸暨璜山镇,太湖片-临绍小片,,,豪,Ø,澳,ɔ,,
ZJ02,诸暨璜山镇,太湖片-临绍小片,,,侯,P,剖,ɤɯ/uɤ,,
ZJ02,诸暨璜山镇,太湖片-临绍小片,,,侯,M,某,ɤɯ,,
ZJ02,诸暨璜山镇,太湖片-临绍小片,,,侯,M,亩,ɤɯ,,
ZJ02,诸暨璜山镇,太湖片-临绍小片,,,侯,M,牡,ɤɯ,,
ZJ02,诸暨璜山镇,太湖片-临绍小片,,,侯,M,母,ɤɯ,,
ZJ02,诸暨璜山镇,太湖片-临绍小片,,,侯,M,拇,ɤɯ,,
ZJ02,诸暨璜山镇,太湖片-临绍小片,,,侯,M,戊,u,,
ZJ02,诸暨璜山镇,太湖片-临绍小片,,,侯,M,茂,ɤɯ,,
ZJ02,诸暨璜山镇,太湖片-临绍小片,,,侯,M,贸,ɔ/ɤɯ,,
ZJ02,诸暨璜山镇,太湖片-临绍小片,,,侯,T,兜,ɤɯ,,
ZJ02,诸暨璜山镇,太湖片-临绍小片,,,侯,T,斗,ɤɯ,,
ZJ02,诸暨璜山镇,太湖片-临绍小片,,,侯,T,抖,ɤɯ,,
ZJ02,诸暨璜山镇,太湖片-临绍小片,,,侯,T,陡,ɤɯ,,
ZJ02,诸暨璜山镇,太湖片-临绍小片,,,侯,T,蚪,ɤɯ,,
ZJ02,诸暨璜山镇,太湖片-临绍小片,,,侯,T,斗,ɤɯ,,
ZJ02,诸暨璜山镇,太湖片-临绍小片,,,侯,T,偷,ɤɯ,,
ZJ02,诸暨璜山镇,太湖片-临绍小片,,,侯,T,敨,,,
ZJ02,诸暨璜山镇,太湖片-临绍小片,,,侯,T,透,ɤɯ,,
ZJ02,诸暨璜山镇,太湖片-临绍小片,,,侯,T,头,ɤɯ,,
ZJ02,诸暨璜山镇,太湖片-临绍小片,,,侯,T,投,ɤɯ,,
ZJ02,诸暨璜山镇,太湖片-临绍小片,,,侯,T,骰,ɤɯ,,
ZJ02,诸暨璜山镇,太湖片-临绍小片,,,侯,T,豆,ɤɯ,,
ZJ02,诸暨璜山镇,太湖片-临绍小片,,,侯,T,逗,,,
ZJ02,诸暨璜山镇,太湖片-临绍小片,,,侯,T,痘,ɤɯ,,
ZJ02,诸暨璜山镇,太湖片-临绍小片,,,侯,T,脰,,,
ZJ02,诸暨璜山镇,太湖片-临绍小片,,,侯,L,楼,ɤɯ,,
ZJ02,诸暨璜山镇,太湖片-临绍小片,,,侯,L,搂,ɤɯ,,
ZJ02,诸暨璜山镇,太湖片-临绍小片,,,侯,L,耧,,,
ZJ02,诸暨璜山镇,太湖片-临绍小片,,,侯,L,娄,,,
ZJ02,诸暨璜山镇,太湖片-临绍小片,,,侯,L,搂,ɤɯ,,
ZJ02,诸暨璜山镇,太湖片-临绍小片,,,侯,L,篓,ɤɯ,,
ZJ02,诸暨璜山镇,太湖片-临绍小片,,,侯,L,溇,,,
ZJ02,诸暨璜山镇,太湖片-临绍小片,,,侯,L,漏,ʏ/ɤɯ,,
ZJ02,诸暨璜山镇,太湖片-临绍小片,,,侯,L,陋,ɤɯ,,
ZJ02,诸暨璜山镇,太湖片-临绍小片,,,侯,TS,走,ɤɯ,,
ZJ02,诸暨璜山镇,太湖片-临绍小片,,,侯,TS,奏,ɤɯ,,
ZJ02,诸暨璜山镇,太湖片-临绍小片,,,侯,TS,凑,ɤɯ,,
ZJ02,诸暨璜山镇,太湖片-临绍小片,,,侯,TS,叟,,,
ZJ02,诸暨璜山镇,太湖片-临绍小片,,,侯,TS,嗽,ɤɯ,,
ZJ02,诸暨璜山镇,太湖片-临绍小片,,,侯,K,勾,ʏ,,
ZJ02,诸暨璜山镇,太湖片-临绍小片,,,侯,K,钩,,,
ZJ02,诸暨璜山镇,太湖片-临绍小片,,,侯,K,沟,ʏ,,
ZJ02,诸暨璜山镇,太湖片-临绍小片,,,侯,K,狗,ʏ,,
ZJ02,诸暨璜山镇,太湖片-临绍小片,,,侯,K,苟,ʏ,,
ZJ02,诸暨璜山镇,太湖片-临绍小片,,,侯,K,垢,,,
ZJ02,诸暨璜山镇,太湖片-临绍小片,,,侯,K,枸,,,
ZJ02,诸暨璜山镇,太湖片-临绍小片,,,侯,K,彀,,,
ZJ02,诸暨璜山镇,太湖片-临绍小片,,,侯,K,够,ʏ,,
ZJ02,诸暨璜山镇,太湖片-临绍小片,,,侯,K,构,ʏ,,
ZJ02,诸暨璜山镇,太湖片-临绍小片,,,侯,K,购,ʏ,,
ZJ02,诸暨璜山镇,太湖片-临绍小片,,,侯,K,勾,ʏ,,
ZJ02,诸暨璜山镇,太湖片-临绍小片,,,侯,K,抠,,,
ZJ02,诸暨璜山镇,太湖片-临绍小片,,,侯,K,眍,,,
ZJ02,诸暨璜山镇,太湖片-临绍小片,,,侯,K,口,ʏ,,
ZJ02,诸暨璜山镇,太湖片-临绍小片,,,侯,K,叩,ʏ,,
ZJ02,诸暨璜山镇,太湖片-临绍小片,,,侯,K,扣,ʏ,,
ZJ02,诸暨璜山镇,太湖片-临绍小片,,,侯,K,寇,ʏ,,
ZJ02,诸暨璜山镇,太湖片-临绍小片,,,侯,K,藕,ʏ,,
ZJ02,诸暨璜山镇,太湖片-临绍小片,,,侯,K,偶,ʏ,,
ZJ02,诸暨璜山镇,太湖片-临绍小片,,,侯,K,偶,ʏ,,
ZJ02,诸暨璜山镇,太湖片-临绍小片,,,侯,Ø,吼,,,
ZJ02,诸暨璜山镇,太湖片-临绍小片,,,侯,Ø,侯,ʏ,,
ZJ02,诸暨璜山镇,太湖片-临绍小片,,,侯,Ø,喉,ʏ,,
ZJ02,诸暨璜山镇,太湖片-临绍小片,,,侯,Ø,猴,ʏ,,
ZJ02,诸暨璜山镇,太湖片-临绍小片,,,侯,Ø,瘊,,,
ZJ02,诸暨璜山镇,太湖片-临绍小片,,,侯,Ø,後,ʏ,,
ZJ02,诸暨璜山镇,太湖片-临绍小片,,,侯,Ø,厚,ʏ,,
ZJ02,诸暨璜山镇,太湖片-临绍小片,,,侯,Ø,后,ʏ,,
ZJ02,诸暨璜山镇,太湖片-临绍小片,,,侯,Ø,候,ʏ,,
ZJ02,诸暨璜山镇,太湖片-临绍小片,,,侯,Ø,鲎,,,
ZJ02,诸暨璜山镇,太湖片-临绍小片,,,侯,Ø,欧,ʏ/ɤɯ,,
ZJ02,诸暨璜山镇,太湖片-临绍小片,,,侯,Ø,瓯,,,
ZJ02,诸暨璜山镇,太湖片-临绍小片,,,侯,Ø,区,,,
ZJ02,诸暨璜山镇,太湖片-临绍小片,,,侯,Ø,鸥,,,
ZJ02,诸暨璜山镇,太湖片-临绍小片,,,侯,Ø,呕,ɤɯ,,
ZJ02,诸暨璜山镇,太湖片-临绍小片,,,侯,Ø,殴,,,
ZJ02,诸暨璜山镇,太湖片-临绍小片,,,侯,Ø,沤,,,
ZJ02,诸暨璜山镇,太湖片-临绍小片,,,侯,Ø,怄,,,
ZJ02,诸暨璜山镇,太湖片-临绍小片,,,皆,P,拜,a,,
ZJ02,诸暨璜山镇,太湖片-临绍小片,,,皆,P,排,a,,
ZJ02,诸暨璜山镇,太湖片-临绍小片,,,皆,P,�,,,
ZJ02,诸暨璜山镇,太湖片-临绍小片,,,皆,M,埋,,,
ZJ02,诸暨璜山镇,太湖片-临绍小片,,,皆,L,攋,a,,
ZJ02,诸暨璜山镇,太湖片-临绍小片,,,皆,TS*,䍉,,,
ZJ02,诸暨璜山镇,太湖片-临绍小片,,,皆,TS*,箉,,,
ZJ02,诸暨璜山镇,太湖片-临绍小片,,,皆,TS*,斋,a,,
ZJ02,诸暨璜山镇,太湖片-临绍小片,,,皆,TS*,豺,a,,
ZJ02,诸暨璜山镇,太湖片-临绍小片,,,皆,K,皆,,,
ZJ02,诸暨璜山镇,太湖片-临绍小片,,,皆,K,阶,ia,,
ZJ02,诸暨璜山镇,太湖片-临绍小片,,,皆,K,稭,,,
ZJ02,诸暨璜山镇,太湖片-临绍小片,,,皆,K,偕,,,
ZJ02,诸暨璜山镇,太湖片-临绍小片,,,皆,K,介,a,,
ZJ02,诸暨璜山镇,太湖片-临绍小片,,,皆,K,界,a,,
ZJ02,诸暨璜山镇,太湖片-临绍小片,,,皆,K,芥,a,,
ZJ02,诸暨璜山镇,太湖片-临绍小片,,,皆,K,尬,a,,
ZJ02,诸暨璜山镇,太湖片-临绍小片,,,皆,K,疥,,,
ZJ02,诸暨璜山镇,太湖片-临绍小片,,,皆,K,届,ia,,
ZJ02,诸暨璜山镇,太湖片-临绍小片,,,皆,K,戒,a,,
ZJ02,诸暨璜山镇,太湖片-临绍小片,,,皆,K,庎,a,,
ZJ02,诸暨璜山镇,太湖片-临绍小片,,,皆,K,揩,a,,
ZJ02,诸暨璜山镇,太湖片-临绍小片,,,皆,K,楷,a,,
ZJ02,诸暨璜山镇,太湖片-临绍小片,,,皆,Ø,谐,ie,,
ZJ02,诸暨璜山镇,太湖片-临绍小片,,,皆,Ø,骇,,,
ZJ02,诸暨璜山镇,太湖片-临绍小片,,,皆,Ø,械,ia,,
ZJ02,诸暨璜山镇,太湖片-临绍小片,,,皆,Ø,挨,a,,
ZJ02,诸暨璜山镇,太湖片-临绍小片,,,佳,P,摆,a,,
ZJ02,诸暨璜山镇,太湖片-临绍小片,,,佳,P,派,a,,
ZJ02,诸暨璜山镇,太湖片-临绍小片,,,佳,P,牌,a,,
ZJ02,诸暨璜山镇,太湖片-临绍小片,,,佳,P,簰,,,
ZJ02,诸暨璜山镇,太湖片-临绍小片,,,佳,P,罢,a,,
ZJ02,诸暨璜山镇,太湖片-临绍小片,,,佳,P,稗,,,
ZJ02,诸暨璜山镇,太湖片-临绍小片,,,佳,M,买,a,,
ZJ02,诸暨璜山镇,太湖片-临绍小片,,,佳,M,卖,a,,
ZJ02,诸暨璜山镇,太湖片-临绍小片,,,佳,N,奶,a,,
ZJ02,诸暨璜山镇,太湖片-临绍小片,,,佳,TS*,债,a,,
ZJ02,诸暨璜山镇,太湖片-临绍小片,,,佳,TS*,钗,ʊ,,
ZJ02,诸暨璜山镇,太湖片-临绍小片,,,佳,TS*,差,ʊ/a,～不多/出～,
ZJ02,诸暨璜山镇,太湖片-临绍小片,,,佳,TS*,柴,a,,
ZJ02,诸暨璜山镇,太湖片-临绍小片,,,佳,TS*,筛,a,,
ZJ02,诸暨璜山镇,太湖片-临绍小片,,,佳,TS*,洒,a,,
ZJ02,诸暨璜山镇,太湖片-临绍小片,,,佳,TS*,晒,ʊ,,
ZJ02,诸暨璜山镇,太湖片-临绍小片,,,佳,K,佳,iʊ/ia,,
ZJ02,诸暨璜山镇,太湖片-临绍小片,,,佳,K,街,a,,
ZJ02,诸暨璜山镇,太湖片-临绍小片,,,佳,K,解,a,,
ZJ02,诸暨璜山镇,太湖片-临绍小片,,,佳,K,懈,a,,
ZJ02,诸暨璜山镇,太湖片-临绍小片,,,佳,K,涯,ia,,
ZJ02,诸暨璜山镇,太湖片-临绍小片,,,佳,K,崖,ia,,
ZJ02,诸暨璜山镇,太湖片-临绍小片,,,佳,K,捱,,,
ZJ02,诸暨璜山镇,太湖片-临绍小片,,,佳,Ø,鞋,a,,
ZJ02,诸暨璜山镇,太湖片-临绍小片,,,佳,Ø,解,a,,
ZJ02,诸暨璜山镇,太湖片-临绍小片,,,佳,Ø,解,a,,
ZJ02,诸暨璜山镇,太湖片-临绍小片,,,佳,Ø,蟹,a,,
ZJ02,诸暨璜山镇,太湖片-临绍小片,,,佳,Ø,矮,a,,
ZJ02,诸暨璜山镇,太湖片-临绍小片,,,佳,Ø,隘,,,