point_id,point_name,subbranch,lat,lon,韵,声组,汉字,读音,note,诸暨市直埠镇方言语音研究
ZJ03,诸暨直埠镇,太湖片-临绍小片,,,歌,T,多,ou,,
ZJ03,诸暨直埠镇,太湖片-临绍小片,,,歌,T,拖,ou,,
ZJ03,诸暨直埠镇,太湖片-临绍小片,,,歌,T,他,,,
ZJ03,诸暨直埠镇,太湖片-临绍小片,,,歌,T,驼,ou,,
ZJ03,诸暨直埠镇,太湖片-临绍小片,,,歌,T,驮,ou,,
ZJ03,诸暨直埠镇,太湖片-临绍小片,,,歌,T,陀,,,
ZJ03,诸暨直埠镇,太湖片-临绍小片,,,歌,T,鸵,,,
ZJ03,诸暨直埠镇,太湖片-临绍小片,,,歌,T,沱,,,
ZJ03,诸暨直埠镇,太湖片-临绍小片,,,歌,T,舵,,,
ZJ03,诸暨直埠镇,太湖片-临绍小片,,,歌,T,大,ou,,
ZJ03,诸暨直埠镇,太湖片-临绍小片,,,歌,T,驮,ou,,
ZJ03,诸暨直埠镇,太湖片-临绍小片,,,歌,N,挪,,,
ZJ03,诸暨直埠镇,太湖片-临绍小片,,,歌,N,哪,,,
ZJ03,诸暨直埠镇,太湖片-临绍小片,,,歌,N,那,,,
ZJ03,诸暨直埠镇,太湖片-临绍小片,,,歌,L,罗,ou,,
ZJ03,诸暨直埠镇,太湖片-临绍小片,,,歌,L,锣,,,
ZJ03,诸暨直埠镇,太湖片-临绍小片,,,歌,L,箩,ou,,
ZJ03,诸暨直埠镇,太湖片-临绍小片,,,歌,L,萝,,,
ZJ03,诸暨直埠镇,太湖片-临绍小片,,,歌,L,逻,,,
ZJ03,诸暨直埠镇,太湖片-临绍小片,,,歌,TS,左,ou,,
ZJ03,诸暨直埠镇,太湖片-临绍小片,,,歌,TS,佐,,,
ZJ03,诸暨直埠镇,太湖片-临绍小片,,,歌,TS,搓,o/ou,,
ZJ03,诸暨直埠镇,太湖片-临绍小片,,,歌,TS,娑,,,
ZJ03,诸暨直埠镇,太湖片-临绍小片,,,歌,K,歌,ou,,
ZJ03,诸暨直埠镇,太湖片-临绍小片,,,歌,K,哥,ou,,
ZJ03,诸暨直埠镇,太湖片-临绍小片,,,歌,K,柯,ou,,
ZJ03,诸暨直埠镇,太湖片-临绍小片,,,歌,K,个,,,
ZJ03,诸暨直埠镇,太湖片-临绍小片,,,歌,K,轲,,,
ZJ03,诸暨直埠镇,太湖片-临绍小片,,,歌,K,可,,,
ZJ03,诸暨直埠镇,太湖片-临绍小片,,,歌,K,蛾,ou,,
ZJ03,诸暨直埠镇,太湖片-临绍小片,,,歌,K,鹅,ou,,
ZJ03,诸暨直埠镇,太湖片-临绍小片,,,歌,K,俄,,,
ZJ03,诸暨直埠镇,太湖片-临绍小片,,,歌,K,娥,,,
ZJ03,诸暨直埠镇,太湖片-临绍小片,,,歌,K,我,ou,,
ZJ03,诸暨直埠镇,太湖片-临绍小片,,,歌,K,饿,ou,,
ZJ03,诸暨直埠镇,太湖片-临绍小片,,,歌,Ø,荷,ou,,
ZJ03,诸暨直埠镇,太湖片-临绍小片,,,歌,Ø,河,ou,,
ZJ03,诸暨直埠镇,太湖片-临绍小片,,,歌,Ø,何,ou,,
ZJ03,诸暨直埠镇,太湖片-临绍小片,,,歌,Ø,荷,ou,,
ZJ03,诸暨直埠镇,太湖片-临绍小片,,,歌,Ø,贺,ou,,
ZJ03,诸暨直埠镇,太湖片-临绍小片,,,歌,Ø,阿,,,
ZJ03,诸暨直埠镇,太湖片-临绍小片,,,歌,Ø,屙,,,
ZJ03,诸暨直埠镇,太湖片-临绍小片,,,戈,K,茄,ia,,
ZJ03,诸暨直埠镇,太湖片-临绍小片,,,戈,P,波,ou,,
ZJ03,诸暨直埠镇,太湖片-临绍小片,,,戈,P,菠,ou,,
ZJ03,诸暨直埠镇,太湖片-临绍小片,,,戈,P,跛,,,
ZJ03,诸暨直埠镇,太湖片-临绍小片,,,戈,P,簸,,,
ZJ03,诸暨直埠镇,太湖片-临绍小片,,,戈,P,簸,,,
ZJ03,诸暨直埠镇,太湖片-临绍小片,,,戈,P,播,,,
ZJ03,诸暨直埠镇,太湖片-临绍小片,,,戈,P,颇,,,
ZJ03,诸暨直埠镇,太湖片-临绍小片,,,戈,P,坡,ou,,
ZJ03,诸暨直埠镇,太湖片-临绍小片,,,戈,P,玻,ou,,
ZJ03,诸暨直埠镇,太湖片-临绍小片,,,戈,P,破,a/ou,白读/文读,
ZJ03,诸暨直埠镇,太湖片-临绍小片,,,戈,P,婆,ou,,
ZJ03,诸暨直埠镇,太湖片-临绍小片,,,戈,P,薄,ou,,
ZJ03,诸暨直埠镇,太湖片-临绍小片,,,戈,M,魔,ou,,
ZJ03,诸暨直埠镇,太湖片-临绍小片,,,戈,M,磨,ou,,
ZJ03,诸暨直埠镇,太湖片-临绍小片,,,戈,M,摩,,,
ZJ03,诸暨直埠镇,太湖片-临绍小片,,,戈,M,馍,,,
ZJ03,诸暨直埠镇,太湖片-临绍小片,,,戈,M,蘑,ou,,
ZJ03,诸暨直埠镇,太湖片-临绍小片,,,戈,M,磨,ou,,
ZJ03,诸暨直埠镇,太湖片-临绍小片,,,戈,T,朵,ou,,
ZJ03,诸暨直埠镇,太湖片-临绍小片,,,戈,T,躲,,,
ZJ03,诸暨直埠镇,太湖片-临绍小片,,,戈,T,剁,,,
ZJ03,诸暨直埠镇,太湖片-临绍小片,,,戈,T,妥,,,
ZJ03,诸暨直埠镇,太湖片-临绍小片,,,戈,T,椭,,,
ZJ03,诸暨直埠镇,太湖片-临绍小片,,,戈,T,唾,,,
ZJ03,诸暨直埠镇,太湖片-临绍小片,,,戈,T,砣,,,
ZJ03,诸暨直埠镇,太湖片-临绍小片,,,戈,T,惰,ou,,
ZJ03,诸暨直埠镇,太湖片-临绍小片,,,戈,T,垛,,,
ZJ03,诸暨直埠镇,太湖片-临绍小片,,,戈,T,堕,,,
ZJ03,诸暨直埠镇,太湖片-临绍小片,,,戈,N,挼,,,
ZJ03,诸暨直埠镇,太湖片-临绍小片,,,戈,N,糯,ou,,
ZJ03,诸暨直埠镇,太湖片-临绍小片,,,戈,N,懦,,,
ZJ03,诸暨直埠镇,太湖片-临绍小片,,,戈,L,骡,,,
ZJ03,诸暨直埠镇,太湖片-临绍小片,,,戈,L,螺,ou,,
ZJ03,诸暨直埠镇,太湖片-临绍小片,,,戈,L,脶,ou,,
ZJ03,诸暨直埠镇,太湖片-临绍小片,,,戈,L,啰,,,
ZJ03,诸暨直埠镇,太湖片-临绍小片,,,戈,L,裸,,,
ZJ03,诸暨直埠镇,太湖片-临绍小片,,,戈,L,瘰,,,
ZJ03,诸暨直埠镇,太湖片-临绍小片,,,戈,L,摞,,,
ZJ03,诸暨直埠镇,太湖片-临绍小片,,,戈,TS,锉,,,
ZJ03,诸暨直埠镇,太湖片-临绍小片,,,戈,TS,莝,,,
ZJ03,诸暨直埠镇,太湖片-临绍小片,,,戈,TS,矬,,,
ZJ03,诸暨直埠镇,太湖片-临绍小片,,,戈,TS,坐,ou,,
ZJ03,诸暨直埠镇,太湖片-临绍小片,,,戈,TS,座,ou,,
ZJ03,诸暨直埠镇,太湖片-临绍小片,,,戈,TS,蓑,,,
ZJ03,诸暨直埠镇,太湖片-临绍小片,,,戈,TS,梭,,,
ZJ03,诸暨直埠镇,太湖片-临绍小片,,,戈,TS,唆,,,
ZJ03,诸暨直埠镇,太湖片-临绍小片,,,戈,TS,莎,,,
ZJ03,诸暨直埠镇,太湖片-临绍小片,,,戈,TS,锁,ou,,
ZJ03,诸暨直埠镇,太湖片-临绍小片,,,戈,TS,琐,ou,,
ZJ03,诸暨直埠镇,太湖片-临绍小片,,,戈,TS,唢,,,
ZJ03,诸暨直埠镇,太湖片-临绍小片,,,戈,K,过,ou,,
ZJ03,诸暨直埠镇,太湖片-临绍小片,,,戈,K,锅,ou,,
ZJ03,诸暨直埠镇,太湖片-临绍小片,,,戈,K,戈,,,
ZJ03,诸暨直埠镇,太湖片-临绍小片,,,戈,K,果,ou,,
ZJ03,诸暨直埠镇,太湖片-临绍小片,,,戈,K,裹,ou,,
ZJ03,诸暨直埠镇,太湖片-临绍小片,,,戈,K,餜,ou,,
ZJ03,诸暨直埠镇,太湖片-临绍小片,,,戈,K,过,ou,,
ZJ03,诸暨直埠镇,太湖片-临绍小片,,,戈,K,科,ou,,
ZJ03,诸暨直埠镇,太湖片-临绍小片,,,戈,K,窠,ou,,
ZJ03,诸暨直埠镇,太湖片-临绍小片,,,戈,K,棵,ou,,
ZJ03,诸暨直埠镇,太湖片-临绍小片,,,戈,K,髁,,,
ZJ03,诸暨直埠镇,太湖片-临绍小片,,,戈,K,蝌,ou,,
ZJ03,诸暨直埠镇,太湖片-临绍小片,,,戈,K,颗,ou,,
ZJ03,诸暨直埠镇,太湖片-临绍小片,,,戈,K,课,ou,,
ZJ03,诸暨直埠镇,太湖片-临绍小片,,,戈,K,讹,,,
ZJ03,诸暨直埠镇,太湖片-临绍小片,,,戈,K,卧,,,
ZJ03,诸暨直埠镇,太湖片-临绍小片,,,戈,Ø,火,ou,,
ZJ03,诸暨直埠镇,太湖片-临绍小片,,,戈,Ø,伙,ou,,
ZJ03,诸暨直埠镇,太湖片-临绍小片,,,戈,Ø,货,ou,,
ZJ03,诸暨直埠镇,太湖片-临绍小片,,,戈,Ø,和,,,
ZJ03,诸暨直埠镇,太湖片-临绍小片,,,戈,Ø,禾,ou,,
ZJ03,诸暨直埠镇,太湖片-临绍小片,,,戈,Ø,祸,,,
ZJ03,诸暨直埠镇,太湖片-临绍小片,,,戈,Ø,夥,,,
ZJ03,诸暨直埠镇,太湖片-临绍小片,,,戈,Ø,和,,,
ZJ03,诸暨直埠镇,太湖片-临绍小片,,,戈,Ø,倭,,,
ZJ03,诸暨直埠镇,太湖片-临绍小片,,,戈,Ø,踒,,,
ZJ03,诸暨直埠镇,太湖片-临绍小片,,,戈,Ø,窝,,,
ZJ03,诸暨直埠镇,太湖片-临绍小片,,,戈,Ø,涡,,,
ZJ03,诸暨直埠镇,太湖片-临绍小片,,,戈,Ø,莴,,,
ZJ03,诸暨直埠镇,太湖片-临绍小片,,,戈,Ø,涴,,,
ZJ03,诸暨直埠镇,太湖片-临绍小片,,,戈,Ø,瘸,,,
ZJ03,诸暨直埠镇,太湖片-临绍小片,,,戈,Ø,靴,,,
ZJ03,诸暨直埠镇,太湖片-临绍小片,,,戈,Ø,�,,,
ZJ03,诸暨直埠镇,太湖片-临绍小片,,,麻,P,巴,,,
ZJ03,诸暨直埠镇,太湖片-临绍小片,,,麻,P,芭,,,
ZJ03,诸暨直埠镇,太湖片-临绍小片,,,麻,P,疤,o,,
ZJ03,诸暨直埠镇,太湖片-临绍小片,,,麻,P,笆,,,
ZJ03,诸暨直埠镇,太湖片-临绍小片,,,麻,P,吧,a,网～,
ZJ03,诸暨直埠镇,太湖片-临绍小片,,,麻,P,把,o,,
ZJ03,诸暨直埠镇,太湖片-临绍小片,,,麻,P,靶,,,
ZJ03,诸暨直埠镇,太湖片-临绍小片,,,麻,P,霸,,,
ZJ03,诸暨直埠镇,太湖片-临绍小片,,,麻,P,欛,,,
ZJ03,诸暨直埠镇,太湖片-临绍小片,,,麻,P,壩,,,
ZJ03,诸暨直埠镇,太湖片-临绍小片,,,麻,P,坝,a,,
ZJ03,诸暨直埠镇,太湖片-临绍小片,,,麻,P,爸,a,,
ZJ03,诸暨直埠镇,太湖片-临绍小片,,,麻,P,怕,o,,
ZJ03,诸暨直埠镇,太湖片-临绍小片,,,麻,P,帕,,,
ZJ03,诸暨直埠镇,太湖片-临绍小片,,,麻,P,爬,o,,
ZJ03,诸暨直埠镇,太湖片-临绍小片,,,麻,P,琶,,,
ZJ03,诸暨直埠镇,太湖片-临绍小片,,,麻,P,杷,,,
ZJ03,诸暨直埠镇,太湖片-临绍小片,,,麻,P,钯,,,
ZJ03,诸暨直埠镇,太湖片-临绍小片,,,麻,P,耙,o,,
ZJ03,诸暨直埠镇,太湖片-临绍小片,,,麻,M,麻,o,,
ZJ03,诸暨直埠镇,太湖片-临绍小片,,,麻,M,痲,o,,
ZJ03,诸暨直埠镇,太湖片-临绍小片,,,麻,M,蟆,,,
ZJ03,诸暨直埠镇,太湖片-临绍小片,,,麻,M,妈,a,,
ZJ03,诸暨直埠镇,太湖片-临绍小片,,,麻,M,马,o,,
ZJ03,诸暨直埠镇,太湖片-临绍小片,,,麻,M,码,o,,
ZJ03,诸暨直埠镇,太湖片-临绍小片,,,麻,M,玛,,,
ZJ03,诸暨直埠镇,太湖片-临绍小片,,,麻,M,蚂,o,,
ZJ03,诸暨直埠镇,太湖片-临绍小片,,,麻,M,骂,o,,
ZJ03,诸暨直埠镇,太湖片-临绍小片,,,麻,N,拿,,,
ZJ03,诸暨直埠镇,太湖片-临绍小片,,,麻,TS,茶,o,,
ZJ03,诸暨直埠镇,太湖片-临绍小片,,,麻,TS,搽,o,,
ZJ03,诸暨直埠镇,太湖片-临绍小片,,,麻,TS,䖳,,,
ZJ03,诸暨直埠镇,太湖片-临绍小片,,,麻,TS*,楂,o,,
ZJ03,诸暨直埠镇,太湖片-临绍小片,,,麻,TS*,渣,o,,
ZJ03,诸暨直埠镇,太湖片-临绍小片,,,麻,TS*,诈,o,,
ZJ03,诸暨直埠镇,太湖片-临绍小片,,,麻,TS*,榨,o,,
ZJ03,诸暨直埠镇,太湖片-临绍小片,,,麻,TS*,炸,,,
ZJ03,诸暨直埠镇,太湖片-临绍小片,,,麻,TS*,叉,a/o,,
ZJ03,诸暨直埠镇,太湖片-临绍小片,,,麻,TS*,杈,o,,
ZJ03,诸暨直埠镇,太湖片-临绍小片,,,麻,TS*,差,o,,
ZJ03,诸暨直埠镇,太湖片-临绍小片,,,麻,TS*,岔,o,,
ZJ03,诸暨直埠镇,太湖片-临绍小片,,,麻,TS*,差,o,,
ZJ03,诸暨直埠镇,太湖片-临绍小片,,,麻,TS*,茬,,,
ZJ03,诸暨直埠镇,太湖片-临绍小片,,,麻,TS*,查,o,,
ZJ03,诸暨直埠镇,太湖片-临绍小片,,,麻,TS*,乍,,,
ZJ03,诸暨直埠镇,太湖片-临绍小片,,,麻,TS*,沙,o,,
ZJ03,诸暨直埠镇,太湖片-临绍小片,,,麻,TS*,纱,o,,
ZJ03,诸暨直埠镇,太湖片-临绍小片,,,麻,TS*,痧,,,
ZJ03,诸暨直埠镇,太湖片-临绍小片,,,麻,TS*,砂,,,
ZJ03,诸暨直埠镇,太湖片-临绍小片,,,麻,TS*,鲨,,,
ZJ03,诸暨直埠镇,太湖片-临绍小片,,,麻,TS*,裟,,,
ZJ03,诸暨直埠镇,太湖片-临绍小片,,,麻,TS*,洒,a,,
ZJ03,诸暨直埠镇,太湖片-临绍小片,,,麻,TS*,厦,,,
ZJ03,诸暨直埠镇,太湖片-临绍小片,,,麻,K,家,o,,
ZJ03,诸暨直埠镇,太湖片-临绍小片,,,麻,K,傢,,,
ZJ03,诸暨直埠镇,太湖片-临绍小片,,,麻,K,加,o,,
ZJ03,诸暨直埠镇,太湖片-临绍小片,,,麻,K,痂,,,
ZJ03,诸暨直埠镇,太湖片-临绍小片,,,麻,K,嘉,o,,
ZJ03,诸暨直埠镇,太湖片-临绍小片,,,麻,K,枷,,,
ZJ03,诸暨直埠镇,太湖片-临绍小片,,,麻,K,袈,,,
ZJ03,诸暨直埠镇,太湖片-临绍小片,,,麻,K,假,o,,
ZJ03,诸暨直埠镇,太湖片-临绍小片,,,麻,K,贾,,,
ZJ03,诸暨直埠镇,太湖片-临绍小片,,,麻,K,假,o,,
ZJ03,诸暨直埠镇,太湖片-临绍小片,,,麻,K,架,o,,
ZJ03,诸暨直埠镇,太湖片-临绍小片,,,麻,K,驾,ia,,
ZJ03,诸暨直埠镇,太湖片-临绍小片,,,麻,K,嫁,o,,
ZJ03,诸暨直埠镇,太湖片-临绍小片,,,麻,K,稼,o,,
ZJ03,诸暨直埠镇,太湖片-临绍小片,,,麻,K,价,o,,
ZJ03,诸暨直埠镇,太湖片-临绍小片,,,麻,K,揢,o,,
ZJ03,诸暨直埠镇,太湖片-临绍小片,,,麻,K,牙,o,,
ZJ03,诸暨直埠镇,太湖片-临绍小片,,,麻,K,芽,o,,
ZJ03,诸暨直埠镇,太湖片-临绍小片,,,麻,K,衙,,,
ZJ03,诸暨直埠镇,太湖片-临绍小片,,,麻,K,伢,,,
ZJ03,诸暨直埠镇,太湖片-临绍小片,,,麻,K,蚜,,,
ZJ03,诸暨直埠镇,太湖片-临绍小片,,,麻,K,雅,,,
ZJ03,诸暨直埠镇,太湖片-临绍小片,,,麻,K,砑,,,
ZJ03,诸暨直埠镇,太湖片-临绍小片,,,麻,Ø,虾,o,,
ZJ03,诸暨直埠镇,太湖片-临绍小片,,,麻,Ø,�,,,
ZJ03,诸暨直埠镇,太湖片-临绍小片,,,麻,Ø,嚇,,,
ZJ03,诸暨直埠镇,太湖片-临绍小片,,,麻,Ø,霞,,,
ZJ03,诸暨直埠镇,太湖片-临绍小片,,,麻,Ø,瑕,,,
ZJ03,诸暨直埠镇,太湖片-临绍小片,,,麻,Ø,遐,,,
ZJ03,诸暨直埠镇,太湖片-临绍小片,,,麻,Ø,蝦,,,
ZJ03,诸暨直埠镇,太湖片-临绍小片,,,麻,Ø,下,,,
ZJ03,诸暨直埠镇,太湖片-临绍小片,,,麻,Ø,夏,,,
ZJ03,诸暨直埠镇,太湖片-临绍小片,,,麻,Ø,厦,,,
ZJ03,诸暨直埠镇,太湖片-临绍小片,,,麻,Ø,下,,,
ZJ03,诸暨直埠镇,太湖片-临绍小片,,,麻,Ø,夏,,,
ZJ03,诸暨直埠镇,太湖片-临绍小片,,,麻,Ø,暇,,,
ZJ03,诸暨直埠镇,太湖片-临绍小片,,,麻,Ø,鸦,,,
ZJ03,诸暨直埠镇,太湖片-临绍小片,,,麻,Ø,丫,o,,
ZJ03,诸暨直埠镇,太湖片-临绍小片,,,麻,Ø,桠,,,
ZJ03,诸暨直埠镇,太湖片-临绍小片,,,麻,Ø,哑,o,,
ZJ03,诸暨直埠镇,太湖片-临绍小片,,,麻,Ø,亚,ia,,
ZJ03,诸暨直埠镇,太湖片-临绍小片,,,模,P,补,u,,
ZJ03,诸暨直埠镇,太湖片-临绍小片,,,模,P,谱,u,,
ZJ03,诸暨直埠镇,太湖片-临绍小片,,,模,P,哺,,,
ZJ03,诸暨直埠镇,太湖片-临绍小片,,,模,P,布,u,,
ZJ03,诸暨直埠镇,太湖片-临绍小片,,,模,P,佈,u,,
ZJ03,诸暨直埠镇,太湖片-临绍小片,,,模,P,铺,u,,
ZJ03,诸暨直埠镇,太湖片-临绍小片,,,模,P,潽,,,
ZJ03,诸暨直埠镇,太湖片-临绍小片,,,模,P,普,,,
ZJ03,诸暨直埠镇,太湖片-临绍小片,,,模,P,浦,,,
ZJ03,诸暨直埠镇,太湖片-临绍小片,,,模,P,铺,u,,
ZJ03,诸暨直埠镇,太湖片-临绍小片,,,模,P,怖,u,,
ZJ03,诸暨直埠镇,太湖片-临绍小片,,,模,P,蒲,,,
ZJ03,诸暨直埠镇,太湖片-临绍小片,,,模,P,菩,u,,
ZJ03,诸暨直埠镇,太湖片-临绍小片,,,模,P,脯,,,
ZJ03,诸暨直埠镇,太湖片-临绍小片,,,模,P,葡,u,,
ZJ03,诸暨直埠镇,太湖片-临绍小片,,,模,P,莆,,,
ZJ03,诸暨直埠镇,太湖片-临绍小片,,,模,P,部,u,,
ZJ03,诸暨直埠镇,太湖片-临绍小片,,,模,P,簿,u,,
ZJ03,诸暨直埠镇,太湖片-临绍小片,,,模,P,篰,,,
ZJ03,诸暨直埠镇,太湖片-临绍小片,,,模,P,步,u,,
ZJ03,诸暨直埠镇,太湖片-临绍小片,,,模,P,捕,,,
ZJ03,诸暨直埠镇,太湖片-临绍小片,,,模,P,埠,u,,
ZJ03,诸暨直埠镇,太湖片-临绍小片,,,模,M,模,u,,
ZJ03,诸暨直埠镇,太湖片-临绍小片,,,模,M,模,u,,
ZJ03,诸暨直埠镇,太湖片-临绍小片,,,模,M,摹,,,
ZJ03,诸暨直埠镇,太湖片-临绍小片,,,模,M,姥,,,
ZJ03,诸暨直埠镇,太湖片-临绍小片,,,模,M,暮,u,,
ZJ03,诸暨直埠镇,太湖片-临绍小片,,,模,M,慕,u,,
ZJ03,诸暨直埠镇,太湖片-临绍小片,,,模,M,墓,,,
ZJ03,诸暨直埠镇,太湖片-临绍小片,,,模,M,募,,,
ZJ03,诸暨直埠镇,太湖片-临绍小片,,,模,M,睦,,,
ZJ03,诸暨直埠镇,太湖片-临绍小片,,,模,T,都,u,,
ZJ03,诸暨直埠镇,太湖片-临绍小片,,,模,T,都,u,,
ZJ03,诸暨直埠镇,太湖片-临绍小片,,,模,T,赌,u,,
ZJ03,诸暨直埠镇,太湖片-临绍小片,,,模,T,堵,u,,
ZJ03,诸暨直埠镇,太湖片-临绍小片,,,模,T,肚,u/o,,
ZJ03,诸暨直埠镇,太湖片-临绍小片,,,模,T,睹,,,
ZJ03,诸暨直埠镇,太湖片-临绍小片,,,模,T,妒,,,
ZJ03,诸暨直埠镇,太湖片-临绍小片,,,模,T,土,,,
ZJ03,诸暨直埠镇,太湖片-临绍小片,,,模,T,吐,u,,
ZJ03,诸暨直埠镇,太湖片-临绍小片,,,模,T,吐,u,,
ZJ03,诸暨直埠镇,太湖片-临绍小片,,,模,T,兔,u,,
ZJ03,诸暨直埠镇,太湖片-临绍小片,,,模,T,徒,u,,
ZJ03,诸暨直埠镇,太湖片-临绍小片,,,模,T,屠,u,,
ZJ03,诸暨直埠镇,太湖片-临绍小片,,,模,T,途,u,,
ZJ03,诸暨直埠镇,太湖片-临绍小片,,,模,T,涂,u,,
ZJ03,诸暨直埠镇,太湖片-临绍小片,,,模,T,图,u,,
ZJ03,诸暨直埠镇,太湖片-临绍小片,,,模,T,杜,,,
ZJ03,诸暨直埠镇,太湖片-临绍小片,,,模,T,肚,u/o,,
ZJ03,诸暨直埠镇,太湖片-临绍小片,,,模,T,度,u,,
ZJ03,诸暨直埠镇,太湖片-临绍小片,,,模,T,渡,u,,
ZJ03,诸暨直埠镇,太湖片-临绍小片,,,模,T,镀,u,,
ZJ03,诸暨直埠镇,太湖片-临绍小片,,,模,N,奴,u,,
ZJ03,诸暨直埠镇,太湖片-临绍小片,,,模,N,努,u,,
ZJ03,诸暨直埠镇,太湖片-临绍小片,,,模,N,怒,u,,
ZJ03,诸暨直埠镇,太湖片-临绍小片,,,模,L,卢,,,
ZJ03,诸暨直埠镇,太湖片-临绍小片,,,模,L,炉,u,,
ZJ03,诸暨直埠镇,太湖片-临绍小片,,,模,L,芦,u,,
ZJ03,诸暨直埠镇,太湖片-临绍小片,,,模,L,鸬,u,,
ZJ03,诸暨直埠镇,太湖片-临绍小片,,,模,L,颅,u,,
ZJ03,诸暨直埠镇,太湖片-临绍小片,,,模,L,鲈,u,,
ZJ03,诸暨直埠镇,太湖片-临绍小片,,,模,L,鲁,u,,
ZJ03,诸暨直埠镇,太湖片-临绍小片,,,模,L,橹,,,
ZJ03,诸暨直埠镇,太湖片-临绍小片,,,模,L,虏,,,
ZJ03,诸暨直埠镇,太湖片-临绍小片,,,模,L,卤,u,,
ZJ03,诸暨直埠镇,太湖片-临绍小片,,,模,L,路,,,
ZJ03,诸暨直埠镇,太湖片-临绍小片,,,模,L,赂,u,,
ZJ03,诸暨直埠镇,太湖片-临绍小片,,,模,L,露,u,,
ZJ03,诸暨直埠镇,太湖片-临绍小片,,,模,L,鹭,u,,
ZJ03,诸暨直埠镇,太湖片-临绍小片,,,模,TS,租,u,,
ZJ03,诸暨直埠镇,太湖片-临绍小片,,,模,TS,祖,u,,
ZJ03,诸暨直埠镇,太湖片-临绍小片,,,模,TS,组,u,,
ZJ03,诸暨直埠镇,太湖片-临绍小片,,,模,TS,做,ou,,
ZJ03,诸暨直埠镇,太湖片-临绍小片,,,模,TS,粗,u,,
ZJ03,诸暨直埠镇,太湖片-临绍小片,,,模,TS,醋,u,,
ZJ03,诸暨直埠镇,太湖片-临绍小片,,,模,TS,措,,,
ZJ03,诸暨直埠镇,太湖片-临绍小片,,,模,TS,错,ou,,
ZJ03,诸暨直埠镇,太湖片-临绍小片,,,模,TS,苏,u,,
ZJ03,诸暨直埠镇,太湖片-临绍小片,,,模,TS,酥,u,,
ZJ03,诸暨直埠镇,太湖片-临绍小片,,,模,TS,素,u,,
ZJ03,诸暨直埠镇,太湖片-临绍小片,,,模,TS,诉,u,,
ZJ03,诸暨直埠镇,太湖片-临绍小片,,,模,TS,塑,u,,
ZJ03,诸暨直埠镇,太湖片-临绍小片,,,模,TS,嗉,,,
ZJ03,诸暨直埠镇,太湖片-临绍小片,,,模,K,姑,u,,
ZJ03,诸暨直埠镇,太湖片-临绍小片,,,模,K,孤,u,,
ZJ03,诸暨直埠镇,太湖片-临绍小片,,,模,K,箍,u,,
ZJ03,诸暨直埠镇,太湖片-临绍小片,,,模,K,辜,u,,
ZJ03,诸暨直埠镇,太湖片-临绍小片,,,模,K,菇,u,,
ZJ03,诸暨直埠镇,太湖片-临绍小片,,,模,K,鸪,,,
ZJ03,诸暨直埠镇,太湖片-临绍小片,,,模,K,蛄,,,
ZJ03,诸暨直埠镇,太湖片-临绍小片,,,模,K,古,u,,
ZJ03,诸暨直埠镇,太湖片-临绍小片,,,模,K,估,,,
ZJ03,诸暨直埠镇,太湖片-临绍小片,,,模,K,盬,,,
ZJ03,诸暨直埠镇,太湖片-临绍小片,,,模,K,牯,,,
ZJ03,诸暨直埠镇,太湖片-临绍小片,,,模,K,股,u,,
ZJ03,诸暨直埠镇,太湖片-临绍小片,,,模,K,鼓,u,,
ZJ03,诸暨直埠镇,太湖片-临绍小片,,,模,K,蛊,,,
ZJ03,诸暨直埠镇,太湖片-临绍小片,,,模,K,故,u,,
ZJ03,诸暨直埠镇,太湖片-临绍小片,,,模,K,固,u,,
ZJ03,诸暨直埠镇,太湖片-临绍小片,,,模,K,锢,,,
ZJ03,诸暨直埠镇,太湖片-临绍小片,,,模,K,雇,u,,
ZJ03,诸暨直埠镇,太湖片-临绍小片,,,模,K,顾,u,,
ZJ03,诸暨直埠镇,太湖片-临绍小片,,,模,K,枯,u,,
ZJ03,诸暨直埠镇,太湖片-临绍小片,,,模,K,苦,u,,
ZJ03,诸暨直埠镇,太湖片-临绍小片,,,模,K,库,u,,
ZJ03,诸暨直埠镇,太湖片-临绍小片,,,模,K,裤,u,,
ZJ03,诸暨直埠镇,太湖片-临绍小片,,,模,K,吴,u,,
ZJ03,诸暨直埠镇,太湖片-临绍小片,,,模,K,蜈,u,,
ZJ03,诸暨直埠镇,太湖片-临绍小片,,,模,K,吾,,,
ZJ03,诸暨直埠镇,太湖片-临绍小片,,,模,K,梧,u,,
ZJ03,诸暨直埠镇,太湖片-临绍小片,,,模,K,五,u,,
ZJ03,诸暨直埠镇,太湖片-临绍小片,,,模,K,伍,,,
ZJ03,诸暨直埠镇,太湖片-临绍小片,,,模,K,午,u,,
ZJ03,诸暨直埠镇,太湖片-临绍小片,,,模,K,忤,,,
ZJ03,诸暨直埠镇,太湖片-临绍小片,,,模,K,误,u,,
ZJ03,诸暨直埠镇,太湖片-临绍小片,,,模,K,悟,,,
ZJ03,诸暨直埠镇,太湖片-临绍小片,,,模,Ø,呼,,,
ZJ03,诸暨直埠镇,太湖片-临绍小片,,,模,Ø,虎,u,,
ZJ03,诸暨直埠镇,太湖片-临绍小片,,,模,Ø,浒,,,
ZJ03,诸暨直埠镇,太湖片-临绍小片,,,模,Ø,琥,,,
ZJ03,诸暨直埠镇,太湖片-临绍小片,,,模,Ø,戽,,,
ZJ03,诸暨直埠镇,太湖片-临绍小片,,,模,Ø,胡,u,,
ZJ03,诸暨直埠镇,太湖片-临绍小片,,,模,Ø,湖,u,,
ZJ03,诸暨直埠镇,太湖片-临绍小片,,,模,Ø,狐,u,,
ZJ03,诸暨直埠镇,太湖片-临绍小片,,,模,Ø,壶,u,,
ZJ03,诸暨直埠镇,太湖片-临绍小片,,,模,Ø,乎,,,
ZJ03,诸暨直埠镇,太湖片-临绍小片,,,模,Ø,瓠,,,
ZJ03,诸暨直埠镇,太湖片-临绍小片,,,模,Ø,鬍,,,
ZJ03,诸暨直埠镇,太湖片-临绍小片,,,模,Ø,糊,,,
ZJ03,诸暨直埠镇,太湖片-临绍小片,,,模,Ø,蝴,,,
ZJ03,诸暨直埠镇,太湖片-临绍小片,,,模,Ø,瑚,,,
ZJ03,诸暨直埠镇,太湖片-临绍小片,,,模,Ø,户,,,
ZJ03,诸暨直埠镇,太湖片-临绍小片,,,模,Ø,沪,,,
ZJ03,诸暨直埠镇,太湖片-临绍小片,,,模,Ø,互,,,
ZJ03,诸暨直埠镇,太湖片-临绍小片,,,模,Ø,护,,,
ZJ03,诸暨直埠镇,太湖片-临绍小片,,,模,Ø,瓠,,,
ZJ03,诸暨直埠镇,太湖片-临绍小片,,,模,Ø,糊,,,
ZJ03,诸暨直埠镇,太湖片-临绍小片,,,模,Ø,乌,u,,
ZJ03,诸暨直埠镇,太湖片-临绍小片,,,模,Ø,污,u,,
ZJ03,诸暨直埠镇,太湖片-临绍小片,,,模,Ø,坞,u,,
ZJ03,诸暨直埠镇,太湖片-临绍小片,,,模,Ø,恶,,,
ZJ03,诸暨直埠镇,太湖片-临绍小片,,,豪,P,褒,ɔ,,
ZJ03,诸暨直埠镇,太湖片-临绍小片,,,豪,P,保,ɔ,,
ZJ03,诸暨直埠镇,太湖片-临绍小片,,,豪,P,堡,ɔ,,
ZJ03,诸暨直埠镇,太湖片-临绍小片,,,豪,P,宝,ɔ,,
ZJ03,诸暨直埠镇,太湖片-临绍小片,,,豪,P,报,ɔ,,
ZJ03,诸暨直埠镇,太湖片-临绍小片,,,豪,P,袍,ɔ,,
ZJ03,诸暨直埠镇,太湖片-临绍小片,,,豪,P,抱,ɔ,,
ZJ03,诸暨直埠镇,太湖片-临绍小片,,,豪,P,暴,ɔ,,
ZJ03,诸暨直埠镇,太湖片-临绍小片,,,豪,P,菢,,,
ZJ03,诸暨直埠镇,太湖片-临绍小片,,,豪,M,毛,ɔ,,
ZJ03,诸暨直埠镇,太湖片-临绍小片,,,豪,M,冒,ɔ,,
ZJ03,诸暨直埠镇,太湖片-临绍小片,,,豪,M,帽,ɔ,,
ZJ03,诸暨直埠镇,太湖片-临绍小片,,,豪,M,瑁,,,
ZJ03,诸暨直埠镇,太湖片-临绍小片,,,豪,T,刀,ɔ,,
ZJ03,诸暨直埠镇,太湖片-临绍小片,,,豪,T,叨,ɔ,,
ZJ03,诸暨直埠镇,太湖片-临绍小片,,,豪,T,祷,ɔ,,
ZJ03,诸暨直埠镇,太湖片-临绍小片,,,豪,T,岛,ɔ,,
ZJ03,诸暨直埠镇,太湖片-临绍小片,,,豪,T,倒,ɔ,,
ZJ03,诸暨直埠镇,太湖片-临绍小片,,,豪,T,捣,ɔ,,
ZJ03,诸暨直埠镇,太湖片-临绍小片,,,豪,T,到,ɔ,,
ZJ03,诸暨直埠镇,太湖片-临绍小片,,,豪,T,倒,ɔ,,
ZJ03,诸暨直埠镇,太湖片-临绍小片,,,豪,T,滔,ɔ,,
ZJ03,诸暨直埠镇,太湖片-临绍小片,,,豪,T,掏,,,
ZJ03,诸暨直埠镇,太湖片-临绍小片,,,豪,T,讨,ɔ,,
ZJ03,诸暨直埠镇,太湖片-临绍小片,,,豪,T,套,ɔ,,
ZJ03,诸暨直埠镇,太湖片-临绍小片,,,豪,T,桃,ɔ,,
ZJ03,诸暨直埠镇,太湖片-临绍小片,,,豪,T,逃,ɔ,,
ZJ03,诸暨直埠镇,太湖片-临绍小片,,,豪,T,淘,ɔ,,
ZJ03,诸暨直埠镇,太湖片-临绍小片,,,豪,T,陶,ɔ,,
ZJ03,诸暨直埠镇,太湖片-临绍小片,,,豪,T,萄,ɔ,,
ZJ03,诸暨直埠镇,太湖片-临绍小片,,,豪,T,涛,ɔ,,
ZJ03,诸暨直埠镇,太湖片-临绍小片,,,豪,T,道,ɔ,,
ZJ03,诸暨直埠镇,太湖片-临绍小片,,,豪,T,稻,ɔ,,
ZJ03,诸暨直埠镇,太湖片-临绍小片,,,豪,T,盗,,,
ZJ03,诸暨直埠镇,太湖片-临绍小片,,,豪,T,导,ɔ,,
ZJ03,诸暨直埠镇,太湖片-临绍小片,,,豪,T,蹈,,,
ZJ03,诸暨直埠镇,太湖片-临绍小片,,,豪,N,脑,ɔ,,
ZJ03,诸暨直埠镇,太湖片-临绍小片,,,豪,N,恼,ɔ,,
ZJ03,诸暨直埠镇,太湖片-临绍小片,,,豪,L,劳,ɔ,,
ZJ03,诸暨直埠镇,太湖片-临绍小片,,,豪,L,捞,ɔ,,
ZJ03,诸暨直埠镇,太湖片-临绍小片,,,豪,L,唠,ɔ,,
ZJ03,诸暨直埠镇,太湖片-临绍小片,,,豪,L,牢,ɔ,,
ZJ03,诸暨直埠镇,太湖片-临绍小片,,,豪,L,痨,,,
ZJ03,诸暨直埠镇,太湖片-临绍小片,,,豪,L,老,ɔ,,
ZJ03,诸暨直埠镇,太湖片-临绍小片,,,豪,L,佬,,,
ZJ03,诸暨直埠镇,太湖片-临绍小片,,,豪,L,涝,,,
ZJ03,诸暨直埠镇,太湖片-临绍小片,,,豪,TS,遭,ɔ,,
ZJ03,诸暨直埠镇,太湖片-临绍小片,,,豪,TS,糟,ɔ,,
ZJ03,诸暨直埠镇,太湖片-临绍小片,,,豪,TS,早,ɔ,,
ZJ03,诸暨直埠镇,太湖片-临绍小片,,,豪,TS,枣,ɔ,,
ZJ03,诸暨直埠镇,太湖片-临绍小片,,,豪,TS,蚤,ɔ,,
ZJ03,诸暨直埠镇,太湖片-临绍小片,,,豪,TS,澡,ɔ,,
ZJ03,诸暨直埠镇,太湖片-临绍小片,,,豪,TS,藻,,,
ZJ03,诸暨直埠镇,太湖片-临绍小片,,,豪,TS,躁,ɔ,,
ZJ03,诸暨直埠镇,太湖片-临绍小片,,,豪,TS,灶,ɔ,,
ZJ03,诸暨直埠镇,太湖片-临绍小片,,,豪,TS,操,ɔ,,
ZJ03,诸暨直埠镇,太湖片-临绍小片,,,豪,TS,草,ɔ,,
ZJ03,诸暨直埠镇,太湖片-临绍小片,,,豪,TS,騲,,,
ZJ03,诸暨直埠镇,太湖片-临绍小片,,,豪,TS,糙,ɔ,,
ZJ03,诸暨直埠镇,太湖片-临绍小片,,,豪,TS,曹,ɔ,,
ZJ03,诸暨直埠镇,太湖片-临绍小片,,,豪,TS,槽,ɔ,,
ZJ03,诸暨直埠镇,太湖片-临绍小片,,,豪,TS,皂,ɔ,,
ZJ03,诸暨直埠镇,太湖片-临绍小片,,,豪,TS,造,ɔ,,
ZJ03,诸暨直埠镇,太湖片-临绍小片,,,豪,TS,骚,ɔ,,
ZJ03,诸暨直埠镇,太湖片-临绍小片,,,豪,TS,臊,,,
ZJ03,诸暨直埠镇,太湖片-临绍小片,,,豪,TS,扫,ɔ,,
ZJ03,诸暨直埠镇,太湖片-临绍小片,,,豪,TS,嫂,ɔ,,
ZJ03,诸暨直埠镇,太湖片-临绍小片,,,豪,TS,扫,ɔ,,
ZJ03,诸暨直埠镇,太湖片-临绍小片,,,豪,TS,燥,,,
ZJ03,诸暨直埠镇,太湖片-临绍小片,,,豪,K,高,ɔ,,
ZJ03,诸暨直埠镇,太湖片-临绍小片,,,豪,K,膏,ɔ,,
ZJ03,诸暨直埠镇,太湖片-临绍小片,,,豪,K,篙,ɔ,,
ZJ03,诸暨直埠镇,太湖片-临绍小片,,,豪,K,羔,ɔ,,
ZJ03,诸暨直埠镇,太湖片-临绍小片,,,豪,K,糕,ɔ,,
ZJ03,诸暨直埠镇,太湖片-临绍小片,,,豪,K,稿,ɔ,,
ZJ03,诸暨直埠镇,太湖片-临绍小片,,,豪,K,告,ɔ,,
ZJ03,诸暨直埠镇,太湖片-临绍小片,,,豪,K,膏,ɔ,,
ZJ03,诸暨直埠镇,太湖片-临绍小片,,,豪,K,考,ɔ,,
ZJ03,诸暨直埠镇,太湖片-临绍小片,,,豪,K,烤,ɔ,,
ZJ03,诸暨直埠镇,太湖片-临绍小片,,,豪,K,拷,,,
ZJ03,诸暨直埠镇,太湖片-临绍小片,,,豪,K,靠,ɔ,,
ZJ03,诸暨直埠镇,太湖片-临绍小片,,,豪,K,犒,ɔ,,
ZJ03,诸暨直埠镇,太湖片-临绍小片,,,豪,K,铐,ɔ,,
ZJ03,诸暨直埠镇,太湖片-临绍小片,,,豪,K,㸆,,,
ZJ03,诸暨直埠镇,太湖片-临绍小片,,,豪,K,熬,ɔ,,
ZJ03,诸暨直埠镇,太湖片-临绍小片,,,豪,K,敖,,,
ZJ03,诸暨直埠镇,太湖片-临绍小片,,,豪,K,鳌,,,
ZJ03,诸暨直埠镇,太湖片-临绍小片,,,豪,K,傲,ɔ,,
ZJ03,诸暨直埠镇,太湖片-临绍小片,,,豪,K,鏊,,,
ZJ03,诸暨直埠镇,太湖片-临绍小片,,,豪,Ø,蒿,,,
ZJ03,诸暨直埠镇,太湖片-临绍小片,,,豪,Ø,薅,,,
ZJ03,诸暨直埠镇,太湖片-临绍小片,,,豪,Ø,好,ɔ,,
ZJ03,诸暨直埠镇,太湖片-临绍小片,,,豪,Ø,好,ɔ,,
ZJ03,诸暨直埠镇,太湖片-临绍小片,,,豪,Ø,耗,ɔ,,
ZJ03,诸暨直埠镇,太湖片-临绍小片,,,豪,Ø,豪,ɔ,,
ZJ03,诸暨直埠镇,太湖片-临绍小片,,,豪,Ø,壕,ɔ,,
ZJ03,诸暨直埠镇,太湖片-临绍小片,,,豪,Ø,毫,ɔ,,
ZJ03,诸暨直埠镇,太湖片-临绍小片,,,豪,Ø,号,ɔ,,
ZJ03,诸暨直埠镇,太湖片-临绍小片,,,豪,Ø,蠔,,,
ZJ03,诸暨直埠镇,太湖片-临绍小片,,,豪,Ø,浩,,,
ZJ03,诸暨直埠镇,太湖片-临绍小片,,,豪,Ø,号,ɔ,,
ZJ03,诸暨直埠镇,太湖片-临绍小片,,,豪,Ø,爊,,,
ZJ03,诸暨直埠镇,太湖片-临绍小片,,,豪,Ø,袄,ɔ,,
ZJ03,诸暨直埠镇,太湖片-临绍小片,,,豪,Ø,懊,ɔ,,
ZJ03,诸暨直埠镇,太湖片-临绍小片,,,豪,Ø,奥,ɔ,,
ZJ03,诸暨直埠镇,太湖片-临绍小片,,,豪,Ø,懊,ɔ,,
ZJ03,诸暨直埠镇,太湖片-临绍小片,,,豪,Ø,澳,,,
ZJ03,诸暨直埠镇,太湖片-临绍小片,,,侯,P,剖,a/ou,白读/文读,
ZJ03,诸暨直埠镇,太湖片-临绍小片,,,侯,M,某,,,
ZJ03,诸暨直埠镇,太湖片-临绍小片,,,侯,M,亩,ei,,
ZJ03,诸暨直埠镇,太湖片-临绍小片,,,侯,M,牡,ei,,
ZJ03,诸暨直埠镇,太湖片-临绍小片,,,侯,M,母,u,,
ZJ03,诸暨直埠镇,太湖片-临绍小片,,,侯,M,拇,,,
ZJ03,诸暨直埠镇,太湖片-临绍小片,,,侯,M,戊,,,
ZJ03,诸暨直埠镇,太湖片-临绍小片,,,侯,M,茂,,,
ZJ03,诸暨直埠镇,太湖片-临绍小片,,,侯,M,贸,,,
ZJ03,诸暨直埠镇,太湖片-临绍小片,,,侯,T,兜,ei,,
ZJ03,诸暨直埠镇,太湖片-临绍小片,,,侯,T,斗,ei,,
ZJ03,诸暨直埠镇,太湖片-临绍小片,,,侯,T,抖,ei,,
ZJ03,诸暨直埠镇,太湖片-临绍小片,,,侯,T,陡,ei,,
ZJ03,诸暨直埠镇,太湖片-临绍小片,,,侯,T,蚪,ei,,
ZJ03,诸暨直埠镇,太湖片-临绍小片,,,侯,T,斗,ei,,
ZJ03,诸暨直埠镇,太湖片-临绍小片,,,侯,T,偷,ei,,
ZJ03,诸暨直埠镇,太湖片-临绍小片,,,侯,T,敨,ei,,
ZJ03,诸暨直埠镇,太湖片-临绍小片,,,侯,T,透,ei,,
ZJ03,诸暨直埠镇,太湖片-临绍小片,,,侯,T,头,ei,,
ZJ03,诸暨直埠镇,太湖片-临绍小片,,,侯,T,投,ei,,
ZJ03,诸暨直埠镇,太湖片-临绍小片,,,侯,T,骰,,,
ZJ03,诸暨直埠镇,太湖片-临绍小片,,,侯,T,豆,ei,,
ZJ03,诸暨直埠镇,太湖片-临绍小片,,,侯,T,逗,,,
ZJ03,诸暨直埠镇,太湖片-临绍小片,,,侯,T,痘,ei,,
ZJ03,诸暨直埠镇,太湖片-临绍小片,,,侯,T,脰,,,
ZJ03,诸暨直埠镇,太湖片-临绍小片,,,侯,L,楼,ei,,
ZJ03,诸暨直埠镇,太湖片-临绍小片,,,侯,L,搂,,,
ZJ03,诸暨直埠镇,太湖片-临绍小片,,,侯,L,耧,,,
ZJ03,诸暨直埠镇,太湖片-临绍小片,,,侯,L,娄,,,
ZJ03,诸暨直埠镇,太湖片-临绍小片,,,侯,L,搂,,,
ZJ03,诸暨直埠镇,太湖片-临绍小片,,,侯,L,篓,,,
ZJ03,诸暨直埠镇,太湖片-临绍小片,,,侯,L,溇,,,
ZJ03,诸暨直埠镇,太湖片-临绍小片,,,侯,L,漏,ei,,
ZJ03,诸暨直埠镇,太湖片-临绍小片,,,侯,L,陋,,,
ZJ03,诸暨直埠镇,太湖片-临绍小片,,,侯,TS,走,ei,,
ZJ03,诸暨直埠镇,太湖片-临绍小片,,,侯,TS,奏,,,
ZJ03,诸暨直埠镇,太湖片-临绍小片,,,侯,TS,凑,ei,,
ZJ03,诸暨直埠镇,太湖片-临绍小片,,,侯,TS,叟,,,
ZJ03,诸暨直埠镇,太湖片-临绍小片,,,侯,TS,嗽,ei,,
ZJ03,诸暨直埠镇,太湖片-临绍小片,,,侯,K,勾,y,,
ZJ03,诸暨直埠镇,太湖片-临绍小片,,,侯,K,钩,y,,
ZJ03,诸暨直埠镇,太湖片-临绍小片,,,侯,K,沟,y,,
ZJ03,诸暨直埠镇,太湖片-临绍小片,,,侯,K,狗,y,,
ZJ03,诸暨直埠镇,太湖片-临绍小片,,,侯,K,苟,y,,
ZJ03,诸暨直埠镇,太湖片-临绍小片,,,侯,K,垢,,,
ZJ03,诸暨直埠镇,太湖片-临绍小片,,,侯,K,枸,y,,
ZJ03,诸暨直埠镇,太湖片-临绍小片,,,侯,K,彀,,,
ZJ03,诸暨直埠镇,太湖片-临绍小片,,,侯,K,够,y,,
ZJ03,诸暨直埠镇,太湖片-临绍小片,,,侯,K,构,y,,
ZJ03,诸暨直埠镇,太湖片-临绍小片,,,侯,K,购,y,,
ZJ03,诸暨直埠镇,太湖片-临绍小片,,,侯,K,勾,y,,
ZJ03,诸暨直埠镇,太湖片-临绍小片,,,侯,K,抠,,,
ZJ03,诸暨直埠镇,太湖片-临绍小片,,,侯,K,眍,,,
ZJ03,诸暨直埠镇,太湖片-临绍小片,,,侯,K,口,y,,
ZJ03,诸暨直埠镇,太湖片-临绍小片,,,侯,K,叩,,,
ZJ03,诸暨直埠镇,太湖片-临绍小片,,,侯,K,扣,y,,
ZJ03,诸暨直埠镇,太湖片-临绍小片,,,侯,K,寇,,,
ZJ03,诸暨直埠镇,太湖片-临绍小片,,,侯,K,藕,y,,
ZJ03,诸暨直埠镇,太湖片-临绍小片,,,侯,K,偶,,,
ZJ03,诸暨直埠镇,太湖片-临绍小片,,,侯,K,偶,,,
ZJ03,诸暨直埠镇,太湖片-临绍小片,,,侯,Ø,吼,,,
ZJ03,诸暨直埠镇,太湖片-临绍小片,,,侯,Ø,侯,,,
ZJ03,诸暨直埠镇,太湖片-临绍小片,,,侯,Ø,喉,ei,,
ZJ03,诸暨直埠镇,太湖片-临绍小片,,,侯,Ø,猴,ei,,
ZJ03,诸暨直埠镇,太湖片-临绍小片,,,侯,Ø,瘊,,,
ZJ03,诸暨直埠镇,太湖片-临绍小片,,,侯,Ø,後,ei,,
ZJ03,诸暨直埠镇,太湖片-临绍小片,,,侯,Ø,厚,y,,
ZJ03,诸暨直埠镇,太湖片-临绍小片,,,侯,Ø,后,ei,,
ZJ03,诸暨直埠镇,太湖片-临绍小片,,,侯,Ø,候,,,
ZJ03,诸暨直埠镇,太湖片-临绍小片,,,侯,Ø,鲎,,,
ZJ03,诸暨直埠镇,太湖片-临绍小片,,,侯,Ø,欧,,,
ZJ03,诸暨直埠镇,太湖片-临绍小片,,,侯,Ø,瓯,,,
ZJ03,诸暨直埠镇,太湖片-临绍小片,,,侯,Ø,区,,,
ZJ03,诸暨直埠镇,太湖片-临绍小片,,,侯,Ø,鸥,,,
ZJ03,诸暨直埠镇,太湖片-临绍小片,,,侯,Ø,呕,,,
ZJ03,诸暨直埠镇,太湖片-临绍小片,,,侯,Ø,殴,,,
ZJ03,诸暨直埠镇,太湖片-临绍小片,,,侯,Ø,沤,,,
ZJ03,诸暨直埠镇,太湖片-临绍小片,,,侯,Ø,怄,,,
ZJ03,诸暨直埠镇,太湖片-临绍小片,,,皆,P,拜,a,,
ZJ03,诸暨直埠镇,太湖片-临绍小片,,,皆,P,排,a,,
ZJ03,诸暨直埠镇,太湖片-临绍小片,,,皆,P,�,,,
ZJ03,诸暨直埠镇,太湖片-临绍小片,,,皆,M,埋,,,
ZJ03,诸暨直埠镇,太湖片-临绍小片,,,皆,L,攋,,,
ZJ03,诸暨直埠镇,太湖片-临绍小片,,,皆,TS*,䍉,,,
ZJ03,诸暨直埠镇,太湖片-临绍小片,,,皆,TS*,箉,,,
ZJ03,诸暨直埠镇,太湖片-临绍小片,,,皆,TS*,斋,,,
ZJ03,诸暨直埠镇,太湖片-临绍小片,,,皆,TS*,豺,a,,
ZJ03,诸暨直埠镇,太湖片-临绍小片,,,皆,K,皆,,,
ZJ03,诸暨直埠镇,太湖片-临绍小片,,,皆,K,阶,,,
ZJ03,诸暨直埠镇,太湖片-临绍小片,,,皆,K,稭,,,
ZJ03,诸暨直埠镇,太湖片-临绍小片,,,皆,K,偕,,,
ZJ03,诸暨直埠镇,太湖片-临绍小片,,,皆,K,介,a,,
ZJ03,诸暨直埠镇,太湖片-临绍小片,,,皆,K,界,a,,
ZJ03,诸暨直埠镇,太湖片-临绍小片,,,皆,K,芥,a,,
ZJ03,诸暨直埠镇,太湖片-临绍小片,,,皆,K,尬,,,
ZJ03,诸暨直埠镇,太湖片-临绍小片,,,皆,K,疥,,,
ZJ03,诸暨直埠镇,太湖片-临绍小片,,,皆,K,届,,,
ZJ03,诸暨直埠镇,太湖片-临绍小片,,,皆,K,戒,,,
ZJ03,诸暨直埠镇,太湖片-临绍小片,,,皆,K,庎,,,
ZJ03,诸暨直埠镇,太湖片-临绍小片,,,皆,K,揩,a,,
ZJ03,诸暨直埠镇,太湖片-临绍小片,,,皆,K,楷,,,
ZJ03,诸暨直埠镇,太湖片-临绍小片,,,皆,Ø,谐,,,
ZJ03,诸暨直埠镇,太湖片-临绍小片,,,皆,Ø,骇,,,
ZJ03,诸暨直埠镇,太湖片-临绍小片,,,皆,Ø,械,ia,,
ZJ03,诸暨直埠镇,太湖片-临绍小片,,,皆,Ø,挨,,,
ZJ03,诸暨直埠镇,太湖片-临绍小片,,,佳,P,摆,a,,
ZJ03,诸暨直埠镇,太湖片-临绍小片,,,佳,P,派,a,,
ZJ03,诸暨直埠镇,太湖片-临绍小片,,,佳,P,牌,a,,
ZJ03,诸暨直埠镇,太湖片-临绍小片,,,佳,P,簰,,,
ZJ03,诸暨直埠镇,太湖片-临绍小片,,,佳,P,罢,,,
ZJ03,诸暨直埠镇,太湖片-临绍小片,,,佳,P,稗,,,
ZJ03,诸暨直埠镇,太湖片-临绍小片,,,佳,M,买,a,,
ZJ03,诸暨直埠镇,太湖片-临绍小片,,,佳,M,卖,a,,
ZJ03,诸暨直埠镇,太湖片-临绍小片,,,佳,N,奶,a,,
ZJ03,诸暨直埠镇,太湖片-临绍小片,,,佳,TS*,债,a,,
ZJ03,诸暨直埠镇,太湖片-临绍小片,,,佳,TS*,钗,a,,
ZJ03,诸暨直埠镇,太湖片-临绍小片,,,佳,TS*,差,a,,
ZJ03,诸暨直埠镇,太湖片-临绍小片,,,佳,TS*,柴,a,,
ZJ03,诸暨直埠镇,太湖片-临绍小片,,,佳,TS*,筛,,,
ZJ03,诸暨直埠镇,太湖片-临绍小片,,,佳,TS*,洒,a,,
ZJ03,诸暨直埠镇,太湖片-临绍小片,,,佳,TS*,晒,a/o,,
ZJ03,诸暨直埠镇,太湖片-临绍小片,,,佳,K,佳,,,
ZJ03,诸暨直埠镇,太湖片-临绍小片,,,佳,K,街,a,,
ZJ03,诸暨直埠镇,太湖片-临绍小片,,,佳,K,解,a,,
ZJ03,诸暨直埠镇,太湖片-临绍小片,,,佳,K,懈,,,
ZJ03,诸暨直埠镇,太湖片-临绍小片,,,佳,K,涯,,,
ZJ03,诸暨直埠镇,太湖片-临绍小片,,,佳,K,崖,,,
ZJ03,诸暨直埠镇,太湖片-临绍小片,,,佳,K,捱,a,,
ZJ03,诸暨直埠镇,太湖片-临绍小片,,,佳,Ø,鞋,a,,
ZJ03,诸暨直埠镇,太湖片-临绍小片,,,佳,Ø,解,a,,
ZJ03,诸暨直埠镇,太湖片-临绍小片,,,佳,Ø,解,a,,
ZJ03,诸暨直埠镇,太湖片-临绍小片,,,佳,Ø,蟹,a,,
ZJ03,诸暨直埠镇,太湖片-临绍小片,,,佳,Ø,矮,a,,
ZJ03,诸暨直埠镇,太湖片-临绍小片,,,佳,Ø,隘,,,